2026-03-31 23:36:29,097 ERROR asyncio Task exception was never retrieved
future: <Task finished name='Task-30357' coro=<WebSocketProtocol13.write_message.<locals>.wrapper() done, defined at /home/codespace/.local/lib/python3.12/site-packages/tornado/websocket.py:1111> exception=WebSocketClosedError()>
Traceback (most recent call last):
  File "/home/codespace/.local/lib/python3.12/site-packages/tornado/websocket.py", line 1113, in wrapper
    await fut
tornado.iostream.StreamClosedError: Stream is closed

During handling of the above exception, another exception occurred:

Traceback (most recent call last):
  File "/home/codespace/.local/lib/python3.12/site-packages/tornado/websocket.py", line 1115, in wrapper
    raise WebSocketClosedError()
tornado.websocket.WebSocketClosedError
2026-03-31 23:36:29,097 ERROR asyncio Task exception was never retrieved
future: <Task finished name='Task-30358' coro=<WebSocketProtocol13.write_message.<locals>.wrapper() done, defined at /home/codespace/.local/lib/python3.12/site-packages/tornado/websocket.py:1111> exception=WebSocketClosedError()>
Traceback (most recent call last):
  File "/home/codespace/.local/lib/python3.12/site-packages/tornado/websocket.py", line 1113, in wrapper
    await fut
tornado.iostream.StreamClosedError: Stream is closed

During handling of the above exception, another exception occurred:

Traceback (most recent call last):
  File "/home/codespace/.local/lib/python3.12/site-packages/tornado/websocket.py", line 1115, in wrapper
    raise WebSocketClosedError()
tornado.websocket.WebSocketClosedError
2026-03-31 23:36:29,098 ERROR asyncio Task exception was never retrieved
future: <Task finished name='Task-30361' coro=<WebSocketProtocol13.write_message.<locals>.wrapper() done, defined at /home/codespace/.local/lib/python3.12/site-packages/tornado/websocket.py:1111> exception=WebSocketClosedError()>
Traceback (most recent call last):
  File "/home/codespace/.local/lib/python3.12/site-packages/tornado/websocket.py", line 1113, in wrapper
    await fut
tornado.iostream.StreamClosedError: Stream is closed

During handling of the above exception, another exception occurred:

Traceback (most recent call last):
  File "/home/codespace/.local/lib/python3.12/site-packages/tornado/websocket.py", line 1115, in wrapper
    raise WebSocketClosedError()
tornado.websocket.WebSocketClosedError
2026-03-31 23:36:29,098 ERROR asyncio Task exception was never retrieved
future: <Task finished name='Task-30362' coro=<WebSocketProtocol13.write_message.<locals>.wrapper() done, defined at /home/codespace/.local/lib/python3.12/site-packages/tornado/websocket.py:1111> exception=WebSocketClosedError()>
Traceback (most recent call last):
  File "/home/codespace/.local/lib/python3.12/site-packages/tornado/websocket.py", line 1113, in wrapper
    await fut
tornado.iostream.StreamClosedError: Stream is closed

During handling of the above exception, another exception occurred:

Traceback (most recent call last):
  File "/home/codespace/.local/lib/python3.12/site-packages/tornado/websocket.py", line 1115, in wrapper
    raise WebSocketClosedError()
tornado.websocket.WebSocketClosedError
2026-03-31 23:36:29,099 ERROR asyncio Task exception was never retrieved
future: <Task finished name='Task-30363' coro=<WebSocketProtocol13.write_message.<locals>.wrapper() done, defined at /home/codespace/.local/lib/python3.12/site-packages/tornado/websocket.py:1111> exception=WebSocketClosedError()>
Traceback (most recent call last):
  File "/home/codespace/.local/lib/python3.12/site-packages/tornado/websocket.py", line 1113, in wrapper
    await fut
tornado.iostream.StreamClosedError: Stream is closed

During handling of the above exception, another exception occurred:

Traceback (most recent call last):
  File "/home/codespace/.local/lib/python3.12/site-packages/tornado/websocket.py", line 1115, in wrapper
    raise WebSocketClosedError()
tornado.websocket.WebSocketClosedError
2026-03-31 23:36:29,099 ERROR asyncio Task exception was never retrieved
future: <Task finished name='Task-30364' coro=<WebSocketProtocol13.write_message.<locals>.wrapper() done, defined at /home/codespace/.local/lib/python3.12/site-packages/tornado/websocket.py:1111> exception=WebSocketClosedError()>
Traceback (most recent call last):
  File "/home/codespace/.local/lib/python3.12/site-packages/tornado/websocket.py", line 1113, in wrapper
    await fut
tornado.iostream.StreamClosedError: Stream is closed

During handling of the above exception, another exception occurred:

Traceback (most recent call last):
  File "/home/codespace/.local/lib/python3.12/site-packages/tornado/websocket.py", line 1115, in wrapper
    raise WebSocketClosedError()
tornado.websocket.WebSocketClosedError
2026-03-31 23:36:29,099 ERROR asyncio Task exception was never retrieved
future: <Task finished name='Task-30365' coro=<WebSocketProtocol13.write_message.<locals>.wrapper() done, defined at /home/codespace/.local/lib/python3.12/site-packages/tornado/websocket.py:1111> exception=WebSocketClosedError()>
Traceback (most recent call last):
  File "/home/codespace/.local/lib/python3.12/site-packages/tornado/websocket.py", line 1113, in wrapper
    await fut
tornado.iostream.StreamClosedError: Stream is closed

During handling of the above exception, another exception occurred:

Traceback (most recent call last):
  File "/home/codespace/.local/lib/python3.12/site-packages/tornado/websocket.py", line 1115, in wrapper
    raise WebSocketClosedError()
tornado.websocket.WebSocketClosedError
2026-03-31 23:36:29,100 ERROR asyncio Task exception was never retrieved
future: <Task finished name='Task-30366' coro=<WebSocketProtocol13.write_message.<locals>.wrapper() done, defined at /home/codespace/.local/lib/python3.12/site-packages/tornado/websocket.py:1111> exception=WebSocketClosedError()>
Traceback (most recent call last):
  File "/home/codespace/.local/lib/python3.12/site-packages/tornado/websocket.py", line 1113, in wrapper
    await fut
tornado.iostream.StreamClosedError: Stream is closed

During handling of the above exception, another exception occurred:

Traceback (most recent call last):
  File "/home/codespace/.local/lib/python3.12/site-packages/tornado/websocket.py", line 1115, in wrapper
    raise WebSocketClosedError()
tornado.websocket.WebSocketClosedError
2026-03-31 23:36:29,100 ERROR asyncio Task exception was never retrieved
future: <Task finished name='Task-30367' coro=<WebSocketProtocol13.write_message.<locals>.wrapper() done, defined at /home/codespace/.local/lib/python3.12/site-packages/tornado/websocket.py:1111> exception=WebSocketClosedError()>
Traceback (most recent call last):
  File "/home/codespace/.local/lib/python3.12/site-packages/tornado/websocket.py", line 1113, in wrapper
    await fut
tornado.iostream.StreamClosedError: Stream is closed

During handling of the above exception, another exception occurred:

Traceback (most recent call last):
  File "/home/codespace/.local/lib/python3.12/site-packages/tornado/websocket.py", line 1115, in wrapper
    raise WebSocketClosedError()
tornado.websocket.WebSocketClosedError
2026-03-31 23:36:29,100 ERROR asyncio Task exception was never retrieved
future: <Task finished name='Task-30368' coro=<WebSocketProtocol13.write_message.<locals>.wrapper() done, defined at /home/codespace/.local/lib/python3.12/site-packages/tornado/websocket.py:1111> exception=WebSocketClosedError()>
Traceback (most recent call last):
  File "/home/codespace/.local/lib/python3.12/site-packages/tornado/websocket.py", line 1113, in wrapper
    await fut
tornado.iostream.StreamClosedError: Stream is closed

During handling of the above exception, another exception occurred:

Traceback (most recent call last):
  File "/home/codespace/.local/lib/python3.12/site-packages/tornado/websocket.py", line 1115, in wrapper
    raise WebSocketClosedError()
tornado.websocket.WebSocketClosedError
2026-03-31 23:36:29,101 ERROR asyncio Task exception was never retrieved
future: <Task finished name='Task-30369' coro=<WebSocketProtocol13.write_message.<locals>.wrapper() done, defined at /home/codespace/.local/lib/python3.12/site-packages/tornado/websocket.py:1111> exception=WebSocketClosedError()>
Traceback (most recent call last):
  File "/home/codespace/.local/lib/python3.12/site-packages/tornado/websocket.py", line 1113, in wrapper
    await fut
tornado.iostream.StreamClosedError: Stream is closed

During handling of the above exception, another exception occurred:

Traceback (most recent call last):
  File "/home/codespace/.local/lib/python3.12/site-packages/tornado/websocket.py", line 1115, in wrapper
    raise WebSocketClosedError()
tornado.websocket.WebSocketClosedError
2026-03-31 23:36:29,101 ERROR asyncio Task exception was never retrieved
future: <Task finished name='Task-30370' coro=<WebSocketProtocol13.write_message.<locals>.wrapper() done, defined at /home/codespace/.local/lib/python3.12/site-packages/tornado/websocket.py:1111> exception=WebSocketClosedError()>
Traceback (most recent call last):
  File "/home/codespace/.local/lib/python3.12/site-packages/tornado/websocket.py", line 1113, in wrapper
    await fut
tornado.iostream.StreamClosedError: Stream is closed

During handling of the above exception, another exception occurred:

Traceback (most recent call last):
  File "/home/codespace/.local/lib/python3.12/site-packages/tornado/websocket.py", line 1115, in wrapper
    raise WebSocketClosedError()
tornado.websocket.WebSocketClosedError
2026-03-31 23:36:29,115 ERROR asyncio Task exception was never retrieved
future: <Task finished name='Task-30371' coro=<WebSocketProtocol13.write_message.<locals>.wrapper() done, defined at /home/codespace/.local/lib/python3.12/site-packages/tornado/websocket.py:1111> exception=WebSocketClosedError()>
Traceback (most recent call last):
  File "/home/codespace/.local/lib/python3.12/site-packages/tornado/websocket.py", line 1113, in wrapper
    await fut
tornado.iostream.StreamClosedError: Stream is closed

During handling of the above exception, another exception occurred:

Traceback (most recent call last):
  File "/home/codespace/.local/lib/python3.12/site-packages/tornado/websocket.py", line 1115, in wrapper
    raise WebSocketClosedError()
tornado.websocket.WebSocketClosedError
2026-03-31 23:36:29,116 ERROR asyncio Task exception was never retrieved
future: <Task finished name='Task-30372' coro=<WebSocketProtocol13.write_message.<locals>.wrapper() done, defined at /home/codespace/.local/lib/python3.12/site-packages/tornado/websocket.py:1111> exception=WebSocketClosedError()>
Traceback (most recent call last):
  File "/home/codespace/.local/lib/python3.12/site-packages/tornado/websocket.py", line 1113, in wrapper
    await fut
tornado.iostream.StreamClosedError: Stream is closed

During handling of the above exception, another exception occurred:

Traceback (most recent call last):
  File "/home/codespace/.local/lib/python3.12/site-packages/tornado/websocket.py", line 1115, in wrapper
    raise WebSocketClosedError()
tornado.websocket.WebSocketClosedError
2026-03-31 23:36:29,116 ERROR asyncio Task exception was never retrieved
future: <Task finished name='Task-30373' coro=<WebSocketProtocol13.write_message.<locals>.wrapper() done, defined at /home/codespace/.local/lib/python3.12/site-packages/tornado/websocket.py:1111> exception=WebSocketClosedError()>
Traceback (most recent call last):
  File "/home/codespace/.local/lib/python3.12/site-packages/tornado/websocket.py", line 1113, in wrapper
    await fut
tornado.iostream.StreamClosedError: Stream is closed

During handling of the above exception, another exception occurred:

Traceback (most recent call last):
  File "/home/codespace/.local/lib/python3.12/site-packages/tornado/websocket.py", line 1115, in wrapper
    raise WebSocketClosedError()
tornado.websocket.WebSocketClosedError
2026-03-31 23:36:29,117 ERROR asyncio Task exception was never retrieved
future: <Task finished name='Task-30374' coro=<WebSocketProtocol13.write_message.<locals>.wrapper() done, defined at /home/codespace/.local/lib/python3.12/site-packages/tornado/websocket.py:1111> exception=WebSocketClosedError()>
Traceback (most recent call last):
  File "/home/codespace/.local/lib/python3.12/site-packages/tornado/websocket.py", line 1113, in wrapper
    await fut
tornado.iostream.StreamClosedError: Stream is closed

During handling of the above exception, another exception occurred:

Traceback (most recent call last):
  File "/home/codespace/.local/lib/python3.12/site-packages/tornado/websocket.py", line 1115, in wrapper
    raise WebSocketClosedError()
tornado.websocket.WebSocketClosedError
2026-03-31 23:36:29,117 ERROR asyncio Task exception was never retrieved
future: <Task finished name='Task-30375' coro=<WebSocketProtocol13.write_message.<locals>.wrapper() done, defined at /home/codespace/.local/lib/python3.12/site-packages/tornado/websocket.py:1111> exception=WebSocketClosedError()>
Traceback (most recent call last):
  File "/home/codespace/.local/lib/python3.12/site-packages/tornado/websocket.py", line 1113, in wrapper
    await fut
tornado.iostream.StreamClosedError: Stream is closed

During handling of the above exception, another exception occurred:

Traceback (most recent call last):
  File "/home/codespace/.local/lib/python3.12/site-packages/tornado/websocket.py", line 1115, in wrapper
    raise WebSocketClosedError()
tornado.websocket.WebSocketClosedError
2026-03-31 23:36:29,117 ERROR asyncio Task exception was never retrieved
future: <Task finished name='Task-30376' coro=<WebSocketProtocol13.write_message.<locals>.wrapper() done, defined at /home/codespace/.local/lib/python3.12/site-packages/tornado/websocket.py:1111> exception=WebSocketClosedError()>
Traceback (most recent call last):
  File "/home/codespace/.local/lib/python3.12/site-packages/tornado/websocket.py", line 1113, in wrapper
    await fut
tornado.iostream.StreamClosedError: Stream is closed

During handling of the above exception, another exception occurred:

Traceback (most recent call last):
  File "/home/codespace/.local/lib/python3.12/site-packages/tornado/websocket.py", line 1115, in wrapper
    raise WebSocketClosedError()
tornado.websocket.WebSocketClosedError
2026-03-31 23:36:29,118 ERROR asyncio Task exception was never retrieved
future: <Task finished name='Task-30377' coro=<WebSocketProtocol13.write_message.<locals>.wrapper() done, defined at /home/codespace/.local/lib/python3.12/site-packages/tornado/websocket.py:1111> exception=WebSocketClosedError()>
Traceback (most recent call last):
  File "/home/codespace/.local/lib/python3.12/site-packages/tornado/websocket.py", line 1113, in wrapper
    await fut
tornado.iostream.StreamClosedError: Stream is closed

During handling of the above exception, another exception occurred:

Traceback (most recent call last):
  File "/home/codespace/.local/lib/python3.12/site-packages/tornado/websocket.py", line 1115, in wrapper
    raise WebSocketClosedError()
tornado.websocket.WebSocketClosedError
2026-03-31 23:36:29,118 ERROR asyncio Task exception was never retrieved
future: <Task finished name='Task-30378' coro=<WebSocketProtocol13.write_message.<locals>.wrapper() done, defined at /home/codespace/.local/lib/python3.12/site-packages/tornado/websocket.py:1111> exception=WebSocketClosedError()>
Traceback (most recent call last):
  File "/home/codespace/.local/lib/python3.12/site-packages/tornado/websocket.py", line 1113, in wrapper
    await fut
tornado.iostream.StreamClosedError: Stream is closed

During handling of the above exception, another exception occurred:

Traceback (most recent call last):
  File "/home/codespace/.local/lib/python3.12/site-packages/tornado/websocket.py", line 1115, in wrapper
    raise WebSocketClosedError()
tornado.websocket.WebSocketClosedError
2026-03-31 23:36:29,118 ERROR asyncio Task exception was never retrieved
future: <Task finished name='Task-30379' coro=<WebSocketProtocol13.write_message.<locals>.wrapper() done, defined at /home/codespace/.local/lib/python3.12/site-packages/tornado/websocket.py:1111> exception=WebSocketClosedError()>
Traceback (most recent call last):
  File "/home/codespace/.local/lib/python3.12/site-packages/tornado/websocket.py", line 1113, in wrapper
    await fut
tornado.iostream.StreamClosedError: Stream is closed

During handling of the above exception, another exception occurred:

Traceback (most recent call last):
  File "/home/codespace/.local/lib/python3.12/site-packages/tornado/websocket.py", line 1115, in wrapper
    raise WebSocketClosedError()
tornado.websocket.WebSocketClosedError
2026-03-31 23:36:29,119 ERROR asyncio Task exception was never retrieved
future: <Task finished name='Task-30380' coro=<WebSocketProtocol13.write_message.<locals>.wrapper() done, defined at /home/codespace/.local/lib/python3.12/site-packages/tornado/websocket.py:1111> exception=WebSocketClosedError()>
Traceback (most recent call last):
  File "/home/codespace/.local/lib/python3.12/site-packages/tornado/websocket.py", line 1113, in wrapper
    await fut
tornado.iostream.StreamClosedError: Stream is closed

During handling of the above exception, another exception occurred:

Traceback (most recent call last):
  File "/home/codespace/.local/lib/python3.12/site-packages/tornado/websocket.py", line 1115, in wrapper
    raise WebSocketClosedError()
tornado.websocket.WebSocketClosedError
2026-03-31 23:36:29,119 ERROR asyncio Task exception was never retrieved
future: <Task finished name='Task-30381' coro=<WebSocketProtocol13.write_message.<locals>.wrapper() done, defined at /home/codespace/.local/lib/python3.12/site-packages/tornado/websocket.py:1111> exception=WebSocketClosedError()>
Traceback (most recent call last):
  File "/home/codespace/.local/lib/python3.12/site-packages/tornado/websocket.py", line 1113, in wrapper
    await fut
tornado.iostream.StreamClosedError: Stream is closed

During handling of the above exception, another exception occurred:

Traceback (most recent call last):
  File "/home/codespace/.local/lib/python3.12/site-packages/tornado/websocket.py", line 1115, in wrapper
    raise WebSocketClosedError()
tornado.websocket.WebSocketClosedError
2026-03-31 23:36:29,119 ERROR asyncio Task exception was never retrieved
future: <Task finished name='Task-30382' coro=<WebSocketProtocol13.write_message.<locals>.wrapper() done, defined at /home/codespace/.local/lib/python3.12/site-packages/tornado/websocket.py:1111> exception=WebSocketClosedError()>
Traceback (most recent call last):
  File "/home/codespace/.local/lib/python3.12/site-packages/tornado/websocket.py", line 1113, in wrapper
    await fut
tornado.iostream.StreamClosedError: Stream is closed

During handling of the above exception, another exception occurred:

Traceback (most recent call last):
  File "/home/codespace/.local/lib/python3.12/site-packages/tornado/websocket.py", line 1115, in wrapper
    raise WebSocketClosedError()
tornado.websocket.WebSocketClosedError
2026-03-31 23:36:29,120 ERROR asyncio Task exception was never retrieved
future: <Task finished name='Task-30383' coro=<WebSocketProtocol13.write_message.<locals>.wrapper() done, defined at /home/codespace/.local/lib/python3.12/site-packages/tornado/websocket.py:1111> exception=WebSocketClosedError()>
Traceback (most recent call last):
  File "/home/codespace/.local/lib/python3.12/site-packages/tornado/websocket.py", line 1113, in wrapper
    await fut
tornado.iostream.StreamClosedError: Stream is closed

During handling of the above exception, another exception occurred:

Traceback (most recent call last):
  File "/home/codespace/.local/lib/python3.12/site-packages/tornado/websocket.py", line 1115, in wrapper
    raise WebSocketClosedError()
tornado.websocket.WebSocketClosedError
2026-03-31 23:36:29,120 ERROR asyncio Task exception was never retrieved
future: <Task finished name='Task-30384' coro=<WebSocketProtocol13.write_message.<locals>.wrapper() done, defined at /home/codespace/.local/lib/python3.12/site-packages/tornado/websocket.py:1111> exception=WebSocketClosedError()>
Traceback (most recent call last):
  File "/home/codespace/.local/lib/python3.12/site-packages/tornado/websocket.py", line 1113, in wrapper
    await fut
tornado.iostream.StreamClosedError: Stream is closed

During handling of the above exception, another exception occurred:

Traceback (most recent call last):
  File "/home/codespace/.local/lib/python3.12/site-packages/tornado/websocket.py", line 1115, in wrapper
    raise WebSocketClosedError()
tornado.websocket.WebSocketClosedError
2026-03-31 23:36:29,120 ERROR asyncio Task exception was never retrieved
future: <Task finished name='Task-30385' coro=<WebSocketProtocol13.write_message.<locals>.wrapper() done, defined at /home/codespace/.local/lib/python3.12/site-packages/tornado/websocket.py:1111> exception=WebSocketClosedError()>
Traceback (most recent call last):
  File "/home/codespace/.local/lib/python3.12/site-packages/tornado/websocket.py", line 1113, in wrapper
    await fut
tornado.iostream.StreamClosedError: Stream is closed

During handling of the above exception, another exception occurred:

Traceback (most recent call last):
  File "/home/codespace/.local/lib/python3.12/site-packages/tornado/websocket.py", line 1115, in wrapper
    raise WebSocketClosedError()
tornado.websocket.WebSocketClosedError
2026-03-31 23:36:29,121 ERROR asyncio Task exception was never retrieved
future: <Task finished name='Task-30386' coro=<WebSocketProtocol13.write_message.<locals>.wrapper() done, defined at /home/codespace/.local/lib/python3.12/site-packages/tornado/websocket.py:1111> exception=WebSocketClosedError()>
Traceback (most recent call last):
  File "/home/codespace/.local/lib/python3.12/site-packages/tornado/websocket.py", line 1113, in wrapper
    await fut
tornado.iostream.StreamClosedError: Stream is closed

During handling of the above exception, another exception occurred:

Traceback (most recent call last):
  File "/home/codespace/.local/lib/python3.12/site-packages/tornado/websocket.py", line 1115, in wrapper
    raise WebSocketClosedError()
tornado.websocket.WebSocketClosedError
2026-03-31 23:36:29,121 ERROR asyncio Task exception was never retrieved
future: <Task finished name='Task-30387' coro=<WebSocketProtocol13.write_message.<locals>.wrapper() done, defined at /home/codespace/.local/lib/python3.12/site-packages/tornado/websocket.py:1111> exception=WebSocketClosedError()>
Traceback (most recent call last):
  File "/home/codespace/.local/lib/python3.12/site-packages/tornado/websocket.py", line 1113, in wrapper
    await fut
tornado.iostream.StreamClosedError: Stream is closed

During handling of the above exception, another exception occurred:

Traceback (most recent call last):
  File "/home/codespace/.local/lib/python3.12/site-packages/tornado/websocket.py", line 1115, in wrapper
    raise WebSocketClosedError()
tornado.websocket.WebSocketClosedError
2026-03-31 23:36:29,121 ERROR asyncio Task exception was never retrieved
future: <Task finished name='Task-30388' coro=<WebSocketProtocol13.write_message.<locals>.wrapper() done, defined at /home/codespace/.local/lib/python3.12/site-packages/tornado/websocket.py:1111> exception=WebSocketClosedError()>
Traceback (most recent call last):
  File "/home/codespace/.local/lib/python3.12/site-packages/tornado/websocket.py", line 1113, in wrapper
    await fut
tornado.iostream.StreamClosedError: Stream is closed

During handling of the above exception, another exception occurred:

Traceback (most recent call last):
  File "/home/codespace/.local/lib/python3.12/site-packages/tornado/websocket.py", line 1115, in wrapper
    raise WebSocketClosedError()
tornado.websocket.WebSocketClosedError
2026-03-31 23:36:29,122 ERROR asyncio Task exception was never retrieved
future: <Task finished name='Task-30389' coro=<WebSocketProtocol13.write_message.<locals>.wrapper() done, defined at /home/codespace/.local/lib/python3.12/site-packages/tornado/websocket.py:1111> exception=WebSocketClosedError()>
Traceback (most recent call last):
  File "/home/codespace/.local/lib/python3.12/site-packages/tornado/websocket.py", line 1113, in wrapper
    await fut
tornado.iostream.StreamClosedError: Stream is closed

During handling of the above exception, another exception occurred:

Traceback (most recent call last):
  File "/home/codespace/.local/lib/python3.12/site-packages/tornado/websocket.py", line 1115, in wrapper
    raise WebSocketClosedError()
tornado.websocket.WebSocketClosedError
2026-03-31 23:36:29,122 ERROR asyncio Task exception was never retrieved
future: <Task finished name='Task-30390' coro=<WebSocketProtocol13.write_message.<locals>.wrapper() done, defined at /home/codespace/.local/lib/python3.12/site-packages/tornado/websocket.py:1111> exception=WebSocketClosedError()>
Traceback (most recent call last):
  File "/home/codespace/.local/lib/python3.12/site-packages/tornado/websocket.py", line 1113, in wrapper
    await fut
tornado.iostream.StreamClosedError: Stream is closed

During handling of the above exception, another exception occurred:

Traceback (most recent call last):
  File "/home/codespace/.local/lib/python3.12/site-packages/tornado/websocket.py", line 1115, in wrapper
    raise WebSocketClosedError()
tornado.websocket.WebSocketClosedError
2026-03-31 23:36:29,123 ERROR asyncio Task exception was never retrieved
future: <Task finished name='Task-30391' coro=<WebSocketProtocol13.write_message.<locals>.wrapper() done, defined at /home/codespace/.local/lib/python3.12/site-packages/tornado/websocket.py:1111> exception=WebSocketClosedError()>
Traceback (most recent call last):
  File "/home/codespace/.local/lib/python3.12/site-packages/tornado/websocket.py", line 1113, in wrapper
    await fut
tornado.iostream.StreamClosedError: Stream is closed

During handling of the above exception, another exception occurred:

Traceback (most recent call last):
  File "/home/codespace/.local/lib/python3.12/site-packages/tornado/websocket.py", line 1115, in wrapper
    raise WebSocketClosedError()
tornado.websocket.WebSocketClosedError
2026-03-31 23:36:29,123 ERROR asyncio Task exception was never retrieved
future: <Task finished name='Task-30392' coro=<WebSocketProtocol13.write_message.<locals>.wrapper() done, defined at /home/codespace/.local/lib/python3.12/site-packages/tornado/websocket.py:1111> exception=WebSocketClosedError()>
Traceback (most recent call last):
  File "/home/codespace/.local/lib/python3.12/site-packages/tornado/websocket.py", line 1113, in wrapper
    await fut
tornado.iostream.StreamClosedError: Stream is closed

During handling of the above exception, another exception occurred:

Traceback (most recent call last):
  File "/home/codespace/.local/lib/python3.12/site-packages/tornado/websocket.py", line 1115, in wrapper
    raise WebSocketClosedError()
tornado.websocket.WebSocketClosedError
2026-03-31 23:36:29,124 ERROR asyncio Task exception was never retrieved
future: <Task finished name='Task-30395' coro=<WebSocketProtocol13.write_message.<locals>.wrapper() done, defined at /home/codespace/.local/lib/python3.12/site-packages/tornado/websocket.py:1111> exception=WebSocketClosedError()>
Traceback (most recent call last):
  File "/home/codespace/.local/lib/python3.12/site-packages/tornado/websocket.py", line 1113, in wrapper
    await fut
tornado.iostream.StreamClosedError: Stream is closed

During handling of the above exception, another exception occurred:

Traceback (most recent call last):
  File "/home/codespace/.local/lib/python3.12/site-packages/tornado/websocket.py", line 1115, in wrapper
    raise WebSocketClosedError()
tornado.websocket.WebSocketClosedError
2026-03-31 23:36:29,124 ERROR asyncio Task exception was never retrieved
future: <Task finished name='Task-30396' coro=<WebSocketProtocol13.write_message.<locals>.wrapper() done, defined at /home/codespace/.local/lib/python3.12/site-packages/tornado/websocket.py:1111> exception=WebSocketClosedError()>
Traceback (most recent call last):
  File "/home/codespace/.local/lib/python3.12/site-packages/tornado/websocket.py", line 1113, in wrapper
    await fut
tornado.iostream.StreamClosedError: Stream is closed

During handling of the above exception, another exception occurred:

Traceback (most recent call last):
  File "/home/codespace/.local/lib/python3.12/site-packages/tornado/websocket.py", line 1115, in wrapper
    raise WebSocketClosedError()
tornado.websocket.WebSocketClosedError
2026-03-31 23:36:29,124 ERROR asyncio Task exception was never retrieved
future: <Task finished name='Task-30397' coro=<WebSocketProtocol13.write_message.<locals>.wrapper() done, defined at /home/codespace/.local/lib/python3.12/site-packages/tornado/websocket.py:1111> exception=WebSocketClosedError()>
Traceback (most recent call last):
  File "/home/codespace/.local/lib/python3.12/site-packages/tornado/websocket.py", line 1113, in wrapper
    await fut
tornado.iostream.StreamClosedError: Stream is closed

During handling of the above exception, another exception occurred:

Traceback (most recent call last):
  File "/home/codespace/.local/lib/python3.12/site-packages/tornado/websocket.py", line 1115, in wrapper
    raise WebSocketClosedError()
tornado.websocket.WebSocketClosedError
2026-03-31 23:36:29,125 ERROR asyncio Task exception was never retrieved
future: <Task finished name='Task-30398' coro=<WebSocketProtocol13.write_message.<locals>.wrapper() done, defined at /home/codespace/.local/lib/python3.12/site-packages/tornado/websocket.py:1111> exception=WebSocketClosedError()>
Traceback (most recent call last):
  File "/home/codespace/.local/lib/python3.12/site-packages/tornado/websocket.py", line 1113, in wrapper
    await fut
tornado.iostream.StreamClosedError: Stream is closed

During handling of the above exception, another exception occurred:

Traceback (most recent call last):
  File "/home/codespace/.local/lib/python3.12/site-packages/tornado/websocket.py", line 1115, in wrapper
    raise WebSocketClosedError()
tornado.websocket.WebSocketClosedError
2026-03-31 23:36:29,125 ERROR asyncio Task exception was never retrieved
future: <Task finished name='Task-30401' coro=<WebSocketProtocol13.write_message.<locals>.wrapper() done, defined at /home/codespace/.local/lib/python3.12/site-packages/tornado/websocket.py:1111> exception=WebSocketClosedError()>
Traceback (most recent call last):
  File "/home/codespace/.local/lib/python3.12/site-packages/tornado/websocket.py", line 1113, in wrapper
    await fut
tornado.iostream.StreamClosedError: Stream is closed

During handling of the above exception, another exception occurred:

Traceback (most recent call last):
  File "/home/codespace/.local/lib/python3.12/site-packages/tornado/websocket.py", line 1115, in wrapper
    raise WebSocketClosedError()
tornado.websocket.WebSocketClosedError
2026-03-31 23:36:29,126 ERROR asyncio Task exception was never retrieved
future: <Task finished name='Task-30402' coro=<WebSocketProtocol13.write_message.<locals>.wrapper() done, defined at /home/codespace/.local/lib/python3.12/site-packages/tornado/websocket.py:1111> exception=WebSocketClosedError()>
Traceback (most recent call last):
  File "/home/codespace/.local/lib/python3.12/site-packages/tornado/websocket.py", line 1113, in wrapper
    await fut
tornado.iostream.StreamClosedError: Stream is closed

During handling of the above exception, another exception occurred:

Traceback (most recent call last):
  File "/home/codespace/.local/lib/python3.12/site-packages/tornado/websocket.py", line 1115, in wrapper
    raise WebSocketClosedError()
tornado.websocket.WebSocketClosedError
2026-03-31 23:36:29,126 ERROR asyncio Task exception was never retrieved
future: <Task finished name='Task-30403' coro=<WebSocketProtocol13.write_message.<locals>.wrapper() done, defined at /home/codespace/.local/lib/python3.12/site-packages/tornado/websocket.py:1111> exception=WebSocketClosedError()>
Traceback (most recent call last):
  File "/home/codespace/.local/lib/python3.12/site-packages/tornado/websocket.py", line 1113, in wrapper
    await fut
tornado.iostream.StreamClosedError: Stream is closed

During handling of the above exception, another exception occurred:

Traceback (most recent call last):
  File "/home/codespace/.local/lib/python3.12/site-packages/tornado/websocket.py", line 1115, in wrapper
    raise WebSocketClosedError()
tornado.websocket.WebSocketClosedError
2026-03-31 23:36:29,127 ERROR asyncio Task exception was never retrieved
future: <Task finished name='Task-30404' coro=<WebSocketProtocol13.write_message.<locals>.wrapper() done, defined at /home/codespace/.local/lib/python3.12/site-packages/tornado/websocket.py:1111> exception=WebSocketClosedError()>
Traceback (most recent call last):
  File "/home/codespace/.local/lib/python3.12/site-packages/tornado/websocket.py", line 1113, in wrapper
    await fut
tornado.iostream.StreamClosedError: Stream is closed

During handling of the above exception, another exception occurred:

Traceback (most recent call last):
  File "/home/codespace/.local/lib/python3.12/site-packages/tornado/websocket.py", line 1115, in wrapper
    raise WebSocketClosedError()
tornado.websocket.WebSocketClosedError
2026-03-31 23:36:29,127 ERROR asyncio Task exception was never retrieved
future: <Task finished name='Task-30405' coro=<WebSocketProtocol13.write_message.<locals>.wrapper() done, defined at /home/codespace/.local/lib/python3.12/site-packages/tornado/websocket.py:1111> exception=WebSocketClosedError()>
Traceback (most recent call last):
  File "/home/codespace/.local/lib/python3.12/site-packages/tornado/websocket.py", line 1113, in wrapper
    await fut
tornado.iostream.StreamClosedError: Stream is closed

During handling of the above exception, another exception occurred:

Traceback (most recent call last):
  File "/home/codespace/.local/lib/python3.12/site-packages/tornado/websocket.py", line 1115, in wrapper
    raise WebSocketClosedError()
tornado.websocket.WebSocketClosedError
2026-03-31 23:36:29,127 ERROR asyncio Task exception was never retrieved
future: <Task finished name='Task-30406' coro=<WebSocketProtocol13.write_message.<locals>.wrapper() done, defined at /home/codespace/.local/lib/python3.12/site-packages/tornado/websocket.py:1111> exception=WebSocketClosedError()>
Traceback (most recent call last):
  File "/home/codespace/.local/lib/python3.12/site-packages/tornado/websocket.py", line 1113, in wrapper
    await fut
tornado.iostream.StreamClosedError: Stream is closed

During handling of the above exception, another exception occurred:

Traceback (most recent call last):
  File "/home/codespace/.local/lib/python3.12/site-packages/tornado/websocket.py", line 1115, in wrapper
    raise WebSocketClosedError()
tornado.websocket.WebSocketClosedError
2026-03-31 23:36:29,128 ERROR asyncio Task exception was never retrieved
future: <Task finished name='Task-30407' coro=<WebSocketProtocol13.write_message.<locals>.wrapper() done, defined at /home/codespace/.local/lib/python3.12/site-packages/tornado/websocket.py:1111> exception=WebSocketClosedError()>
Traceback (most recent call last):
  File "/home/codespace/.local/lib/python3.12/site-packages/tornado/websocket.py", line 1113, in wrapper
    await fut
tornado.iostream.StreamClosedError: Stream is closed

During handling of the above exception, another exception occurred:

Traceback (most recent call last):
  File "/home/codespace/.local/lib/python3.12/site-packages/tornado/websocket.py", line 1115, in wrapper
    raise WebSocketClosedError()
tornado.websocket.WebSocketClosedError
2026-03-31 23:36:29,128 ERROR asyncio Task exception was never retrieved
future: <Task finished name='Task-30408' coro=<WebSocketProtocol13.write_message.<locals>.wrapper() done, defined at /home/codespace/.local/lib/python3.12/site-packages/tornado/websocket.py:1111> exception=WebSocketClosedError()>
Traceback (most recent call last):
  File "/home/codespace/.local/lib/python3.12/site-packages/tornado/websocket.py", line 1113, in wrapper
    await fut
tornado.iostream.StreamClosedError: Stream is closed

During handling of the above exception, another exception occurred:

Traceback (most recent call last):
  File "/home/codespace/.local/lib/python3.12/site-packages/tornado/websocket.py", line 1115, in wrapper
    raise WebSocketClosedError()
tornado.websocket.WebSocketClosedError
2026-03-31 23:36:29,128 ERROR asyncio Task exception was never retrieved
future: <Task finished name='Task-30409' coro=<WebSocketProtocol13.write_message.<locals>.wrapper() done, defined at /home/codespace/.local/lib/python3.12/site-packages/tornado/websocket.py:1111> exception=WebSocketClosedError()>
Traceback (most recent call last):
  File "/home/codespace/.local/lib/python3.12/site-packages/tornado/websocket.py", line 1113, in wrapper
    await fut
tornado.iostream.StreamClosedError: Stream is closed

During handling of the above exception, another exception occurred:

Traceback (most recent call last):
  File "/home/codespace/.local/lib/python3.12/site-packages/tornado/websocket.py", line 1115, in wrapper
    raise WebSocketClosedError()
tornado.websocket.WebSocketClosedError
2026-03-31 23:36:29,129 ERROR asyncio Task exception was never retrieved
future: <Task finished name='Task-30410' coro=<WebSocketProtocol13.write_message.<locals>.wrapper() done, defined at /home/codespace/.local/lib/python3.12/site-packages/tornado/websocket.py:1111> exception=WebSocketClosedError()>
Traceback (most recent call last):
  File "/home/codespace/.local/lib/python3.12/site-packages/tornado/websocket.py", line 1113, in wrapper
    await fut
tornado.iostream.StreamClosedError: Stream is closed

During handling of the above exception, another exception occurred:

Traceback (most recent call last):
  File "/home/codespace/.local/lib/python3.12/site-packages/tornado/websocket.py", line 1115, in wrapper
    raise WebSocketClosedError()
tornado.websocket.WebSocketClosedError
2026-03-31 23:36:29,129 ERROR asyncio Task exception was never retrieved
future: <Task finished name='Task-30411' coro=<WebSocketProtocol13.write_message.<locals>.wrapper() done, defined at /home/codespace/.local/lib/python3.12/site-packages/tornado/websocket.py:1111> exception=WebSocketClosedError()>
Traceback (most recent call last):
  File "/home/codespace/.local/lib/python3.12/site-packages/tornado/websocket.py", line 1113, in wrapper
    await fut
tornado.iostream.StreamClosedError: Stream is closed

During handling of the above exception, another exception occurred:

Traceback (most recent call last):
  File "/home/codespace/.local/lib/python3.12/site-packages/tornado/websocket.py", line 1115, in wrapper
    raise WebSocketClosedError()
tornado.websocket.WebSocketClosedError
2026-03-31 23:36:29,129 ERROR asyncio Task exception was never retrieved
future: <Task finished name='Task-30412' coro=<WebSocketProtocol13.write_message.<locals>.wrapper() done, defined at /home/codespace/.local/lib/python3.12/site-packages/tornado/websocket.py:1111> exception=WebSocketClosedError()>
Traceback (most recent call last):
  File "/home/codespace/.local/lib/python3.12/site-packages/tornado/websocket.py", line 1113, in wrapper
    await fut
tornado.iostream.StreamClosedError: Stream is closed

During handling of the above exception, another exception occurred:

Traceback (most recent call last):
  File "/home/codespace/.local/lib/python3.12/site-packages/tornado/websocket.py", line 1115, in wrapper
    raise WebSocketClosedError()
tornado.websocket.WebSocketClosedError
2026-03-31 23:36:29,130 ERROR asyncio Task exception was never retrieved
future: <Task finished name='Task-30413' coro=<WebSocketProtocol13.write_message.<locals>.wrapper() done, defined at /home/codespace/.local/lib/python3.12/site-packages/tornado/websocket.py:1111> exception=WebSocketClosedError()>
Traceback (most recent call last):
  File "/home/codespace/.local/lib/python3.12/site-packages/tornado/websocket.py", line 1113, in wrapper
    await fut
tornado.iostream.StreamClosedError: Stream is closed

During handling of the above exception, another exception occurred:

Traceback (most recent call last):
  File "/home/codespace/.local/lib/python3.12/site-packages/tornado/websocket.py", line 1115, in wrapper
    raise WebSocketClosedError()
tornado.websocket.WebSocketClosedError
2026-03-31 23:36:29,130 ERROR asyncio Task exception was never retrieved
future: <Task finished name='Task-30414' coro=<WebSocketProtocol13.write_message.<locals>.wrapper() done, defined at /home/codespace/.local/lib/python3.12/site-packages/tornado/websocket.py:1111> exception=WebSocketClosedError()>
Traceback (most recent call last):
  File "/home/codespace/.local/lib/python3.12/site-packages/tornado/websocket.py", line 1113, in wrapper
    await fut
tornado.iostream.StreamClosedError: Stream is closed

During handling of the above exception, another exception occurred:

Traceback (most recent call last):
  File "/home/codespace/.local/lib/python3.12/site-packages/tornado/websocket.py", line 1115, in wrapper
    raise WebSocketClosedError()
tornado.websocket.WebSocketClosedError
2026-03-31 23:36:29,131 ERROR asyncio Task exception was never retrieved
future: <Task finished name='Task-30415' coro=<WebSocketProtocol13.write_message.<locals>.wrapper() done, defined at /home/codespace/.local/lib/python3.12/site-packages/tornado/websocket.py:1111> exception=WebSocketClosedError()>
Traceback (most recent call last):
  File "/home/codespace/.local/lib/python3.12/site-packages/tornado/websocket.py", line 1113, in wrapper
    await fut
tornado.iostream.StreamClosedError: Stream is closed

During handling of the above exception, another exception occurred:

Traceback (most recent call last):
  File "/home/codespace/.local/lib/python3.12/site-packages/tornado/websocket.py", line 1115, in wrapper
    raise WebSocketClosedError()
tornado.websocket.WebSocketClosedError
2026-03-31 23:36:29,131 ERROR asyncio Task exception was never retrieved
future: <Task finished name='Task-30416' coro=<WebSocketProtocol13.write_message.<locals>.wrapper() done, defined at /home/codespace/.local/lib/python3.12/site-packages/tornado/websocket.py:1111> exception=WebSocketClosedError()>
Traceback (most recent call last):
  File "/home/codespace/.local/lib/python3.12/site-packages/tornado/websocket.py", line 1113, in wrapper
    await fut
tornado.iostream.StreamClosedError: Stream is closed

During handling of the above exception, another exception occurred:

Traceback (most recent call last):
  File "/home/codespace/.local/lib/python3.12/site-packages/tornado/websocket.py", line 1115, in wrapper
    raise WebSocketClosedError()
tornado.websocket.WebSocketClosedError
2026-03-31 23:36:29,131 ERROR asyncio Task exception was never retrieved
future: <Task finished name='Task-30417' coro=<WebSocketProtocol13.write_message.<locals>.wrapper() done, defined at /home/codespace/.local/lib/python3.12/site-packages/tornado/websocket.py:1111> exception=WebSocketClosedError()>
Traceback (most recent call last):
  File "/home/codespace/.local/lib/python3.12/site-packages/tornado/websocket.py", line 1113, in wrapper
    await fut
tornado.iostream.StreamClosedError: Stream is closed

During handling of the above exception, another exception occurred:

Traceback (most recent call last):
  File "/home/codespace/.local/lib/python3.12/site-packages/tornado/websocket.py", line 1115, in wrapper
    raise WebSocketClosedError()
tornado.websocket.WebSocketClosedError
2026-03-31 23:36:29,132 ERROR asyncio Task exception was never retrieved
future: <Task finished name='Task-30418' coro=<WebSocketProtocol13.write_message.<locals>.wrapper() done, defined at /home/codespace/.local/lib/python3.12/site-packages/tornado/websocket.py:1111> exception=WebSocketClosedError()>
Traceback (most recent call last):
  File "/home/codespace/.local/lib/python3.12/site-packages/tornado/websocket.py", line 1113, in wrapper
    await fut
tornado.iostream.StreamClosedError: Stream is closed

During handling of the above exception, another exception occurred:

Traceback (most recent call last):
  File "/home/codespace/.local/lib/python3.12/site-packages/tornado/websocket.py", line 1115, in wrapper
    raise WebSocketClosedError()
tornado.websocket.WebSocketClosedError
2026-03-31 23:36:29,132 ERROR asyncio Task exception was never retrieved
future: <Task finished name='Task-30419' coro=<WebSocketProtocol13.write_message.<locals>.wrapper() done, defined at /home/codespace/.local/lib/python3.12/site-packages/tornado/websocket.py:1111> exception=WebSocketClosedError()>
Traceback (most recent call last):
  File "/home/codespace/.local/lib/python3.12/site-packages/tornado/websocket.py", line 1113, in wrapper
    await fut
tornado.iostream.StreamClosedError: Stream is closed

During handling of the above exception, another exception occurred:

Traceback (most recent call last):
  File "/home/codespace/.local/lib/python3.12/site-packages/tornado/websocket.py", line 1115, in wrapper
    raise WebSocketClosedError()
tornado.websocket.WebSocketClosedError
2026-03-31 23:36:29,132 ERROR asyncio Task exception was never retrieved
future: <Task finished name='Task-30420' coro=<WebSocketProtocol13.write_message.<locals>.wrapper() done, defined at /home/codespace/.local/lib/python3.12/site-packages/tornado/websocket.py:1111> exception=WebSocketClosedError()>
Traceback (most recent call last):
  File "/home/codespace/.local/lib/python3.12/site-packages/tornado/websocket.py", line 1113, in wrapper
    await fut
tornado.iostream.StreamClosedError: Stream is closed

During handling of the above exception, another exception occurred:

Traceback (most recent call last):
  File "/home/codespace/.local/lib/python3.12/site-packages/tornado/websocket.py", line 1115, in wrapper
    raise WebSocketClosedError()
tornado.websocket.WebSocketClosedError
2026-03-31 23:36:29,133 ERROR asyncio Task exception was never retrieved
future: <Task finished name='Task-30421' coro=<WebSocketProtocol13.write_message.<locals>.wrapper() done, defined at /home/codespace/.local/lib/python3.12/site-packages/tornado/websocket.py:1111> exception=WebSocketClosedError()>
Traceback (most recent call last):
  File "/home/codespace/.local/lib/python3.12/site-packages/tornado/websocket.py", line 1113, in wrapper
    await fut
tornado.iostream.StreamClosedError: Stream is closed

During handling of the above exception, another exception occurred:

Traceback (most recent call last):
  File "/home/codespace/.local/lib/python3.12/site-packages/tornado/websocket.py", line 1115, in wrapper
    raise WebSocketClosedError()
tornado.websocket.WebSocketClosedError
2026-03-31 23:36:29,133 ERROR asyncio Task exception was never retrieved
future: <Task finished name='Task-30422' coro=<WebSocketProtocol13.write_message.<locals>.wrapper() done, defined at /home/codespace/.local/lib/python3.12/site-packages/tornado/websocket.py:1111> exception=WebSocketClosedError()>
Traceback (most recent call last):
  File "/home/codespace/.local/lib/python3.12/site-packages/tornado/websocket.py", line 1113, in wrapper
    await fut
tornado.iostream.StreamClosedError: Stream is closed

During handling of the above exception, another exception occurred:

Traceback (most recent call last):
  File "/home/codespace/.local/lib/python3.12/site-packages/tornado/websocket.py", line 1115, in wrapper
    raise WebSocketClosedError()
tornado.websocket.WebSocketClosedError
2026-03-31 23:36:29,134 ERROR asyncio Task exception was never retrieved
future: <Task finished name='Task-30423' coro=<WebSocketProtocol13.write_message.<locals>.wrapper() done, defined at /home/codespace/.local/lib/python3.12/site-packages/tornado/websocket.py:1111> exception=WebSocketClosedError()>
Traceback (most recent call last):
  File "/home/codespace/.local/lib/python3.12/site-packages/tornado/websocket.py", line 1113, in wrapper
    await fut
tornado.iostream.StreamClosedError: Stream is closed

During handling of the above exception, another exception occurred:

Traceback (most recent call last):
  File "/home/codespace/.local/lib/python3.12/site-packages/tornado/websocket.py", line 1115, in wrapper
    raise WebSocketClosedError()
tornado.websocket.WebSocketClosedError
2026-03-31 23:36:29,134 ERROR asyncio Task exception was never retrieved
future: <Task finished name='Task-30424' coro=<WebSocketProtocol13.write_message.<locals>.wrapper() done, defined at /home/codespace/.local/lib/python3.12/site-packages/tornado/websocket.py:1111> exception=WebSocketClosedError()>
Traceback (most recent call last):
  File "/home/codespace/.local/lib/python3.12/site-packages/tornado/websocket.py", line 1113, in wrapper
    await fut
tornado.iostream.StreamClosedError: Stream is closed

During handling of the above exception, another exception occurred:

Traceback (most recent call last):
  File "/home/codespace/.local/lib/python3.12/site-packages/tornado/websocket.py", line 1115, in wrapper
    raise WebSocketClosedError()
tornado.websocket.WebSocketClosedError
2026-03-31 23:36:29,134 ERROR asyncio Task exception was never retrieved
future: <Task finished name='Task-30425' coro=<WebSocketProtocol13.write_message.<locals>.wrapper() done, defined at /home/codespace/.local/lib/python3.12/site-packages/tornado/websocket.py:1111> exception=WebSocketClosedError()>
Traceback (most recent call last):
  File "/home/codespace/.local/lib/python3.12/site-packages/tornado/websocket.py", line 1113, in wrapper
    await fut
tornado.iostream.StreamClosedError: Stream is closed

During handling of the above exception, another exception occurred:

Traceback (most recent call last):
  File "/home/codespace/.local/lib/python3.12/site-packages/tornado/websocket.py", line 1115, in wrapper
    raise WebSocketClosedError()
tornado.websocket.WebSocketClosedError
2026-03-31 23:36:29,135 ERROR asyncio Task exception was never retrieved
future: <Task finished name='Task-30426' coro=<WebSocketProtocol13.write_message.<locals>.wrapper() done, defined at /home/codespace/.local/lib/python3.12/site-packages/tornado/websocket.py:1111> exception=WebSocketClosedError()>
Traceback (most recent call last):
  File "/home/codespace/.local/lib/python3.12/site-packages/tornado/websocket.py", line 1113, in wrapper
    await fut
tornado.iostream.StreamClosedError: Stream is closed

During handling of the above exception, another exception occurred:

Traceback (most recent call last):
  File "/home/codespace/.local/lib/python3.12/site-packages/tornado/websocket.py", line 1115, in wrapper
    raise WebSocketClosedError()
tornado.websocket.WebSocketClosedError
2026-03-31 23:36:29,135 ERROR asyncio Task exception was never retrieved
future: <Task finished name='Task-30427' coro=<WebSocketProtocol13.write_message.<locals>.wrapper() done, defined at /home/codespace/.local/lib/python3.12/site-packages/tornado/websocket.py:1111> exception=WebSocketClosedError()>
Traceback (most recent call last):
  File "/home/codespace/.local/lib/python3.12/site-packages/tornado/websocket.py", line 1113, in wrapper
    await fut
tornado.iostream.StreamClosedError: Stream is closed

During handling of the above exception, another exception occurred:

Traceback (most recent call last):
  File "/home/codespace/.local/lib/python3.12/site-packages/tornado/websocket.py", line 1115, in wrapper
    raise WebSocketClosedError()
tornado.websocket.WebSocketClosedError
2026-03-31 23:36:29,135 ERROR asyncio Task exception was never retrieved
future: <Task finished name='Task-30428' coro=<WebSocketProtocol13.write_message.<locals>.wrapper() done, defined at /home/codespace/.local/lib/python3.12/site-packages/tornado/websocket.py:1111> exception=WebSocketClosedError()>
Traceback (most recent call last):
  File "/home/codespace/.local/lib/python3.12/site-packages/tornado/websocket.py", line 1113, in wrapper
    await fut
tornado.iostream.StreamClosedError: Stream is closed

During handling of the above exception, another exception occurred:

Traceback (most recent call last):
  File "/home/codespace/.local/lib/python3.12/site-packages/tornado/websocket.py", line 1115, in wrapper
    raise WebSocketClosedError()
tornado.websocket.WebSocketClosedError
2026-03-31 23:36:29,136 ERROR asyncio Task exception was never retrieved
future: <Task finished name='Task-30429' coro=<WebSocketProtocol13.write_message.<locals>.wrapper() done, defined at /home/codespace/.local/lib/python3.12/site-packages/tornado/websocket.py:1111> exception=WebSocketClosedError()>
Traceback (most recent call last):
  File "/home/codespace/.local/lib/python3.12/site-packages/tornado/websocket.py", line 1113, in wrapper
    await fut
tornado.iostream.StreamClosedError: Stream is closed

During handling of the above exception, another exception occurred:

Traceback (most recent call last):
  File "/home/codespace/.local/lib/python3.12/site-packages/tornado/websocket.py", line 1115, in wrapper
    raise WebSocketClosedError()
tornado.websocket.WebSocketClosedError
2026-03-31 23:36:29,136 ERROR asyncio Task exception was never retrieved
future: <Task finished name='Task-30430' coro=<WebSocketProtocol13.write_message.<locals>.wrapper() done, defined at /home/codespace/.local/lib/python3.12/site-packages/tornado/websocket.py:1111> exception=WebSocketClosedError()>
Traceback (most recent call last):
  File "/home/codespace/.local/lib/python3.12/site-packages/tornado/websocket.py", line 1113, in wrapper
    await fut
tornado.iostream.StreamClosedError: Stream is closed

During handling of the above exception, another exception occurred:

Traceback (most recent call last):
  File "/home/codespace/.local/lib/python3.12/site-packages/tornado/websocket.py", line 1115, in wrapper
    raise WebSocketClosedError()
tornado.websocket.WebSocketClosedError
2026-03-31 23:36:29,137 ERROR asyncio Task exception was never retrieved
future: <Task finished name='Task-30431' coro=<WebSocketProtocol13.write_message.<locals>.wrapper() done, defined at /home/codespace/.local/lib/python3.12/site-packages/tornado/websocket.py:1111> exception=WebSocketClosedError()>
Traceback (most recent call last):
  File "/home/codespace/.local/lib/python3.12/site-packages/tornado/websocket.py", line 1113, in wrapper
    await fut
tornado.iostream.StreamClosedError: Stream is closed

During handling of the above exception, another exception occurred:

Traceback (most recent call last):
  File "/home/codespace/.local/lib/python3.12/site-packages/tornado/websocket.py", line 1115, in wrapper
    raise WebSocketClosedError()
tornado.websocket.WebSocketClosedError
2026-03-31 23:36:29,137 ERROR asyncio Task exception was never retrieved
future: <Task finished name='Task-30432' coro=<WebSocketProtocol13.write_message.<locals>.wrapper() done, defined at /home/codespace/.local/lib/python3.12/site-packages/tornado/websocket.py:1111> exception=WebSocketClosedError()>
Traceback (most recent call last):
  File "/home/codespace/.local/lib/python3.12/site-packages/tornado/websocket.py", line 1113, in wrapper
    await fut
tornado.iostream.StreamClosedError: Stream is closed

During handling of the above exception, another exception occurred:

Traceback (most recent call last):
  File "/home/codespace/.local/lib/python3.12/site-packages/tornado/websocket.py", line 1115, in wrapper
    raise WebSocketClosedError()
tornado.websocket.WebSocketClosedError
2026-03-31 23:36:29,137 ERROR asyncio Task exception was never retrieved
future: <Task finished name='Task-30433' coro=<WebSocketProtocol13.write_message.<locals>.wrapper() done, defined at /home/codespace/.local/lib/python3.12/site-packages/tornado/websocket.py:1111> exception=WebSocketClosedError()>
Traceback (most recent call last):
  File "/home/codespace/.local/lib/python3.12/site-packages/tornado/websocket.py", line 1113, in wrapper
    await fut
tornado.iostream.StreamClosedError: Stream is closed

During handling of the above exception, another exception occurred:

Traceback (most recent call last):
  File "/home/codespace/.local/lib/python3.12/site-packages/tornado/websocket.py", line 1115, in wrapper
    raise WebSocketClosedError()
tornado.websocket.WebSocketClosedError
2026-03-31 23:36:29,138 ERROR asyncio Task exception was never retrieved
future: <Task finished name='Task-30436' coro=<WebSocketProtocol13.write_message.<locals>.wrapper() done, defined at /home/codespace/.local/lib/python3.12/site-packages/tornado/websocket.py:1111> exception=WebSocketClosedError()>
Traceback (most recent call last):
  File "/home/codespace/.local/lib/python3.12/site-packages/tornado/websocket.py", line 1113, in wrapper
    await fut
tornado.iostream.StreamClosedError: Stream is closed

During handling of the above exception, another exception occurred:

Traceback (most recent call last):
  File "/home/codespace/.local/lib/python3.12/site-packages/tornado/websocket.py", line 1115, in wrapper
    raise WebSocketClosedError()
tornado.websocket.WebSocketClosedError
2026-03-31 23:36:29,138 ERROR asyncio Task exception was never retrieved
future: <Task finished name='Task-30437' coro=<WebSocketProtocol13.write_message.<locals>.wrapper() done, defined at /home/codespace/.local/lib/python3.12/site-packages/tornado/websocket.py:1111> exception=WebSocketClosedError()>
Traceback (most recent call last):
  File "/home/codespace/.local/lib/python3.12/site-packages/tornado/websocket.py", line 1113, in wrapper
    await fut
tornado.iostream.StreamClosedError: Stream is closed

During handling of the above exception, another exception occurred:

Traceback (most recent call last):
  File "/home/codespace/.local/lib/python3.12/site-packages/tornado/websocket.py", line 1115, in wrapper
    raise WebSocketClosedError()
tornado.websocket.WebSocketClosedError
2026-03-31 23:36:29,138 ERROR asyncio Task exception was never retrieved
future: <Task finished name='Task-30438' coro=<WebSocketProtocol13.write_message.<locals>.wrapper() done, defined at /home/codespace/.local/lib/python3.12/site-packages/tornado/websocket.py:1111> exception=WebSocketClosedError()>
Traceback (most recent call last):
  File "/home/codespace/.local/lib/python3.12/site-packages/tornado/websocket.py", line 1113, in wrapper
    await fut
tornado.iostream.StreamClosedError: Stream is closed

During handling of the above exception, another exception occurred:

Traceback (most recent call last):
  File "/home/codespace/.local/lib/python3.12/site-packages/tornado/websocket.py", line 1115, in wrapper
    raise WebSocketClosedError()
tornado.websocket.WebSocketClosedError
2026-03-31 23:36:29,139 ERROR asyncio Task exception was never retrieved
future: <Task finished name='Task-30439' coro=<WebSocketProtocol13.write_message.<locals>.wrapper() done, defined at /home/codespace/.local/lib/python3.12/site-packages/tornado/websocket.py:1111> exception=WebSocketClosedError()>
Traceback (most recent call last):
  File "/home/codespace/.local/lib/python3.12/site-packages/tornado/websocket.py", line 1113, in wrapper
    await fut
tornado.iostream.StreamClosedError: Stream is closed

During handling of the above exception, another exception occurred:

Traceback (most recent call last):
  File "/home/codespace/.local/lib/python3.12/site-packages/tornado/websocket.py", line 1115, in wrapper
    raise WebSocketClosedError()
tornado.websocket.WebSocketClosedError
2026-03-31 23:36:29,139 ERROR asyncio Task exception was never retrieved
future: <Task finished name='Task-30442' coro=<WebSocketProtocol13.write_message.<locals>.wrapper() done, defined at /home/codespace/.local/lib/python3.12/site-packages/tornado/websocket.py:1111> exception=WebSocketClosedError()>
Traceback (most recent call last):
  File "/home/codespace/.local/lib/python3.12/site-packages/tornado/websocket.py", line 1113, in wrapper
    await fut
tornado.iostream.StreamClosedError: Stream is closed

During handling of the above exception, another exception occurred:

Traceback (most recent call last):
  File "/home/codespace/.local/lib/python3.12/site-packages/tornado/websocket.py", line 1115, in wrapper
    raise WebSocketClosedError()
tornado.websocket.WebSocketClosedError
2026-03-31 23:36:29,140 ERROR asyncio Task exception was never retrieved
future: <Task finished name='Task-30443' coro=<WebSocketProtocol13.write_message.<locals>.wrapper() done, defined at /home/codespace/.local/lib/python3.12/site-packages/tornado/websocket.py:1111> exception=WebSocketClosedError()>
Traceback (most recent call last):
  File "/home/codespace/.local/lib/python3.12/site-packages/tornado/websocket.py", line 1113, in wrapper
    await fut
tornado.iostream.StreamClosedError: Stream is closed

During handling of the above exception, another exception occurred:

Traceback (most recent call last):
  File "/home/codespace/.local/lib/python3.12/site-packages/tornado/websocket.py", line 1115, in wrapper
    raise WebSocketClosedError()
tornado.websocket.WebSocketClosedError
2026-03-31 23:36:29,140 ERROR asyncio Task exception was never retrieved
future: <Task finished name='Task-30444' coro=<WebSocketProtocol13.write_message.<locals>.wrapper() done, defined at /home/codespace/.local/lib/python3.12/site-packages/tornado/websocket.py:1111> exception=WebSocketClosedError()>
Traceback (most recent call last):
  File "/home/codespace/.local/lib/python3.12/site-packages/tornado/websocket.py", line 1113, in wrapper
    await fut
tornado.iostream.StreamClosedError: Stream is closed

During handling of the above exception, another exception occurred:

Traceback (most recent call last):
  File "/home/codespace/.local/lib/python3.12/site-packages/tornado/websocket.py", line 1115, in wrapper
    raise WebSocketClosedError()
tornado.websocket.WebSocketClosedError
2026-03-31 23:36:29,141 ERROR asyncio Task exception was never retrieved
future: <Task finished name='Task-30445' coro=<WebSocketProtocol13.write_message.<locals>.wrapper() done, defined at /home/codespace/.local/lib/python3.12/site-packages/tornado/websocket.py:1111> exception=WebSocketClosedError()>
Traceback (most recent call last):
  File "/home/codespace/.local/lib/python3.12/site-packages/tornado/websocket.py", line 1113, in wrapper
    await fut
tornado.iostream.StreamClosedError: Stream is closed

During handling of the above exception, another exception occurred:

Traceback (most recent call last):
  File "/home/codespace/.local/lib/python3.12/site-packages/tornado/websocket.py", line 1115, in wrapper
    raise WebSocketClosedError()
tornado.websocket.WebSocketClosedError
2026-03-31 23:36:29,141 ERROR asyncio Task exception was never retrieved
future: <Task finished name='Task-30446' coro=<WebSocketProtocol13.write_message.<locals>.wrapper() done, defined at /home/codespace/.local/lib/python3.12/site-packages/tornado/websocket.py:1111> exception=WebSocketClosedError()>
Traceback (most recent call last):
  File "/home/codespace/.local/lib/python3.12/site-packages/tornado/websocket.py", line 1113, in wrapper
    await fut
tornado.iostream.StreamClosedError: Stream is closed

During handling of the above exception, another exception occurred:

Traceback (most recent call last):
  File "/home/codespace/.local/lib/python3.12/site-packages/tornado/websocket.py", line 1115, in wrapper
    raise WebSocketClosedError()
tornado.websocket.WebSocketClosedError
2026-03-31 23:36:29,141 ERROR asyncio Task exception was never retrieved
future: <Task finished name='Task-30447' coro=<WebSocketProtocol13.write_message.<locals>.wrapper() done, defined at /home/codespace/.local/lib/python3.12/site-packages/tornado/websocket.py:1111> exception=WebSocketClosedError()>
Traceback (most recent call last):
  File "/home/codespace/.local/lib/python3.12/site-packages/tornado/websocket.py", line 1113, in wrapper
    await fut
tornado.iostream.StreamClosedError: Stream is closed

During handling of the above exception, another exception occurred:

Traceback (most recent call last):
  File "/home/codespace/.local/lib/python3.12/site-packages/tornado/websocket.py", line 1115, in wrapper
    raise WebSocketClosedError()
tornado.websocket.WebSocketClosedError
2026-03-31 23:36:29,142 ERROR asyncio Task exception was never retrieved
future: <Task finished name='Task-30448' coro=<WebSocketProtocol13.write_message.<locals>.wrapper() done, defined at /home/codespace/.local/lib/python3.12/site-packages/tornado/websocket.py:1111> exception=WebSocketClosedError()>
Traceback (most recent call last):
  File "/home/codespace/.local/lib/python3.12/site-packages/tornado/websocket.py", line 1113, in wrapper
    await fut
tornado.iostream.StreamClosedError: Stream is closed

During handling of the above exception, another exception occurred:

Traceback (most recent call last):
  File "/home/codespace/.local/lib/python3.12/site-packages/tornado/websocket.py", line 1115, in wrapper
    raise WebSocketClosedError()
tornado.websocket.WebSocketClosedError
2026-03-31 23:36:29,142 ERROR asyncio Task exception was never retrieved
future: <Task finished name='Task-30449' coro=<WebSocketProtocol13.write_message.<locals>.wrapper() done, defined at /home/codespace/.local/lib/python3.12/site-packages/tornado/websocket.py:1111> exception=WebSocketClosedError()>
Traceback (most recent call last):
  File "/home/codespace/.local/lib/python3.12/site-packages/tornado/websocket.py", line 1113, in wrapper
    await fut
tornado.iostream.StreamClosedError: Stream is closed

During handling of the above exception, another exception occurred:

Traceback (most recent call last):
  File "/home/codespace/.local/lib/python3.12/site-packages/tornado/websocket.py", line 1115, in wrapper
    raise WebSocketClosedError()
tornado.websocket.WebSocketClosedError
2026-03-31 23:36:29,143 ERROR asyncio Task exception was never retrieved
future: <Task finished name='Task-30450' coro=<WebSocketProtocol13.write_message.<locals>.wrapper() done, defined at /home/codespace/.local/lib/python3.12/site-packages/tornado/websocket.py:1111> exception=WebSocketClosedError()>
Traceback (most recent call last):
  File "/home/codespace/.local/lib/python3.12/site-packages/tornado/websocket.py", line 1113, in wrapper
    await fut
tornado.iostream.StreamClosedError: Stream is closed

During handling of the above exception, another exception occurred:

Traceback (most recent call last):
  File "/home/codespace/.local/lib/python3.12/site-packages/tornado/websocket.py", line 1115, in wrapper
    raise WebSocketClosedError()
tornado.websocket.WebSocketClosedError
2026-03-31 23:36:29,143 ERROR asyncio Task exception was never retrieved
future: <Task finished name='Task-30451' coro=<WebSocketProtocol13.write_message.<locals>.wrapper() done, defined at /home/codespace/.local/lib/python3.12/site-packages/tornado/websocket.py:1111> exception=WebSocketClosedError()>
Traceback (most recent call last):
  File "/home/codespace/.local/lib/python3.12/site-packages/tornado/websocket.py", line 1113, in wrapper
    await fut
tornado.iostream.StreamClosedError: Stream is closed

During handling of the above exception, another exception occurred:

Traceback (most recent call last):
  File "/home/codespace/.local/lib/python3.12/site-packages/tornado/websocket.py", line 1115, in wrapper
    raise WebSocketClosedError()
tornado.websocket.WebSocketClosedError
2026-03-31 23:36:29,144 ERROR asyncio Task exception was never retrieved
future: <Task finished name='Task-30452' coro=<WebSocketProtocol13.write_message.<locals>.wrapper() done, defined at /home/codespace/.local/lib/python3.12/site-packages/tornado/websocket.py:1111> exception=WebSocketClosedError()>
Traceback (most recent call last):
  File "/home/codespace/.local/lib/python3.12/site-packages/tornado/websocket.py", line 1113, in wrapper
    await fut
tornado.iostream.StreamClosedError: Stream is closed

During handling of the above exception, another exception occurred:

Traceback (most recent call last):
  File "/home/codespace/.local/lib/python3.12/site-packages/tornado/websocket.py", line 1115, in wrapper
    raise WebSocketClosedError()
tornado.websocket.WebSocketClosedError
2026-03-31 23:36:29,144 ERROR asyncio Task exception was never retrieved
future: <Task finished name='Task-30453' coro=<WebSocketProtocol13.write_message.<locals>.wrapper() done, defined at /home/codespace/.local/lib/python3.12/site-packages/tornado/websocket.py:1111> exception=WebSocketClosedError()>
Traceback (most recent call last):
  File "/home/codespace/.local/lib/python3.12/site-packages/tornado/websocket.py", line 1113, in wrapper
    await fut
tornado.iostream.StreamClosedError: Stream is closed

During handling of the above exception, another exception occurred:

Traceback (most recent call last):
  File "/home/codespace/.local/lib/python3.12/site-packages/tornado/websocket.py", line 1115, in wrapper
    raise WebSocketClosedError()
tornado.websocket.WebSocketClosedError
2026-03-31 23:36:29,145 ERROR asyncio Task exception was never retrieved
future: <Task finished name='Task-30454' coro=<WebSocketProtocol13.write_message.<locals>.wrapper() done, defined at /home/codespace/.local/lib/python3.12/site-packages/tornado/websocket.py:1111> exception=WebSocketClosedError()>
Traceback (most recent call last):
  File "/home/codespace/.local/lib/python3.12/site-packages/tornado/websocket.py", line 1113, in wrapper
    await fut
tornado.iostream.StreamClosedError: Stream is closed

During handling of the above exception, another exception occurred:

Traceback (most recent call last):
  File "/home/codespace/.local/lib/python3.12/site-packages/tornado/websocket.py", line 1115, in wrapper
    raise WebSocketClosedError()
tornado.websocket.WebSocketClosedError
2026-03-31 23:36:29,145 ERROR asyncio Task exception was never retrieved
future: <Task finished name='Task-30455' coro=<WebSocketProtocol13.write_message.<locals>.wrapper() done, defined at /home/codespace/.local/lib/python3.12/site-packages/tornado/websocket.py:1111> exception=WebSocketClosedError()>
Traceback (most recent call last):
  File "/home/codespace/.local/lib/python3.12/site-packages/tornado/websocket.py", line 1113, in wrapper
    await fut
tornado.iostream.StreamClosedError: Stream is closed

During handling of the above exception, another exception occurred:

Traceback (most recent call last):
  File "/home/codespace/.local/lib/python3.12/site-packages/tornado/websocket.py", line 1115, in wrapper
    raise WebSocketClosedError()
tornado.websocket.WebSocketClosedError
2026-03-31 23:36:29,145 ERROR asyncio Task exception was never retrieved
future: <Task finished name='Task-30456' coro=<WebSocketProtocol13.write_message.<locals>.wrapper() done, defined at /home/codespace/.local/lib/python3.12/site-packages/tornado/websocket.py:1111> exception=WebSocketClosedError()>
Traceback (most recent call last):
  File "/home/codespace/.local/lib/python3.12/site-packages/tornado/websocket.py", line 1113, in wrapper
    await fut
tornado.iostream.StreamClosedError: Stream is closed

During handling of the above exception, another exception occurred:

Traceback (most recent call last):
  File "/home/codespace/.local/lib/python3.12/site-packages/tornado/websocket.py", line 1115, in wrapper
    raise WebSocketClosedError()
tornado.websocket.WebSocketClosedError
2026-03-31 23:36:29,146 ERROR asyncio Task exception was never retrieved
future: <Task finished name='Task-30457' coro=<WebSocketProtocol13.write_message.<locals>.wrapper() done, defined at /home/codespace/.local/lib/python3.12/site-packages/tornado/websocket.py:1111> exception=WebSocketClosedError()>
Traceback (most recent call last):
  File "/home/codespace/.local/lib/python3.12/site-packages/tornado/websocket.py", line 1113, in wrapper
    await fut
tornado.iostream.StreamClosedError: Stream is closed

During handling of the above exception, another exception occurred:

Traceback (most recent call last):
  File "/home/codespace/.local/lib/python3.12/site-packages/tornado/websocket.py", line 1115, in wrapper
    raise WebSocketClosedError()
tornado.websocket.WebSocketClosedError
2026-03-31 23:36:29,147 ERROR asyncio Task exception was never retrieved
future: <Task finished name='Task-30458' coro=<WebSocketProtocol13.write_message.<locals>.wrapper() done, defined at /home/codespace/.local/lib/python3.12/site-packages/tornado/websocket.py:1111> exception=WebSocketClosedError()>
Traceback (most recent call last):
  File "/home/codespace/.local/lib/python3.12/site-packages/tornado/websocket.py", line 1113, in wrapper
    await fut
tornado.iostream.StreamClosedError: Stream is closed

During handling of the above exception, another exception occurred:

Traceback (most recent call last):
  File "/home/codespace/.local/lib/python3.12/site-packages/tornado/websocket.py", line 1115, in wrapper
    raise WebSocketClosedError()
tornado.websocket.WebSocketClosedError
2026-03-31 23:36:29,147 ERROR asyncio Task exception was never retrieved
future: <Task finished name='Task-30459' coro=<WebSocketProtocol13.write_message.<locals>.wrapper() done, defined at /home/codespace/.local/lib/python3.12/site-packages/tornado/websocket.py:1111> exception=WebSocketClosedError()>
Traceback (most recent call last):
  File "/home/codespace/.local/lib/python3.12/site-packages/tornado/websocket.py", line 1113, in wrapper
    await fut
tornado.iostream.StreamClosedError: Stream is closed

During handling of the above exception, another exception occurred:

Traceback (most recent call last):
  File "/home/codespace/.local/lib/python3.12/site-packages/tornado/websocket.py", line 1115, in wrapper
    raise WebSocketClosedError()
tornado.websocket.WebSocketClosedError
2026-03-31 23:36:29,147 ERROR asyncio Task exception was never retrieved
future: <Task finished name='Task-30460' coro=<WebSocketProtocol13.write_message.<locals>.wrapper() done, defined at /home/codespace/.local/lib/python3.12/site-packages/tornado/websocket.py:1111> exception=WebSocketClosedError()>
Traceback (most recent call last):
  File "/home/codespace/.local/lib/python3.12/site-packages/tornado/websocket.py", line 1113, in wrapper
    await fut
tornado.iostream.StreamClosedError: Stream is closed

During handling of the above exception, another exception occurred:

Traceback (most recent call last):
  File "/home/codespace/.local/lib/python3.12/site-packages/tornado/websocket.py", line 1115, in wrapper
    raise WebSocketClosedError()
tornado.websocket.WebSocketClosedError
2026-03-31 23:36:29,148 ERROR asyncio Task exception was never retrieved
future: <Task finished name='Task-30461' coro=<WebSocketProtocol13.write_message.<locals>.wrapper() done, defined at /home/codespace/.local/lib/python3.12/site-packages/tornado/websocket.py:1111> exception=WebSocketClosedError()>
Traceback (most recent call last):
  File "/home/codespace/.local/lib/python3.12/site-packages/tornado/websocket.py", line 1113, in wrapper
    await fut
tornado.iostream.StreamClosedError: Stream is closed

During handling of the above exception, another exception occurred:

Traceback (most recent call last):
  File "/home/codespace/.local/lib/python3.12/site-packages/tornado/websocket.py", line 1115, in wrapper
    raise WebSocketClosedError()
tornado.websocket.WebSocketClosedError
2026-03-31 23:36:29,148 ERROR asyncio Task exception was never retrieved
future: <Task finished name='Task-30462' coro=<WebSocketProtocol13.write_message.<locals>.wrapper() done, defined at /home/codespace/.local/lib/python3.12/site-packages/tornado/websocket.py:1111> exception=WebSocketClosedError()>
Traceback (most recent call last):
  File "/home/codespace/.local/lib/python3.12/site-packages/tornado/websocket.py", line 1113, in wrapper
    await fut
tornado.iostream.StreamClosedError: Stream is closed

During handling of the above exception, another exception occurred:

Traceback (most recent call last):
  File "/home/codespace/.local/lib/python3.12/site-packages/tornado/websocket.py", line 1115, in wrapper
    raise WebSocketClosedError()
tornado.websocket.WebSocketClosedError
2026-03-31 23:36:29,149 ERROR asyncio Task exception was never retrieved
future: <Task finished name='Task-30463' coro=<WebSocketProtocol13.write_message.<locals>.wrapper() done, defined at /home/codespace/.local/lib/python3.12/site-packages/tornado/websocket.py:1111> exception=WebSocketClosedError()>
Traceback (most recent call last):
  File "/home/codespace/.local/lib/python3.12/site-packages/tornado/websocket.py", line 1113, in wrapper
    await fut
tornado.iostream.StreamClosedError: Stream is closed

During handling of the above exception, another exception occurred:

Traceback (most recent call last):
  File "/home/codespace/.local/lib/python3.12/site-packages/tornado/websocket.py", line 1115, in wrapper
    raise WebSocketClosedError()
tornado.websocket.WebSocketClosedError
2026-03-31 23:36:29,150 ERROR asyncio Task exception was never retrieved
future: <Task finished name='Task-30464' coro=<WebSocketProtocol13.write_message.<locals>.wrapper() done, defined at /home/codespace/.local/lib/python3.12/site-packages/tornado/websocket.py:1111> exception=WebSocketClosedError()>
Traceback (most recent call last):
  File "/home/codespace/.local/lib/python3.12/site-packages/tornado/websocket.py", line 1113, in wrapper
    await fut
tornado.iostream.StreamClosedError: Stream is closed

During handling of the above exception, another exception occurred:

Traceback (most recent call last):
  File "/home/codespace/.local/lib/python3.12/site-packages/tornado/websocket.py", line 1115, in wrapper
    raise WebSocketClosedError()
tornado.websocket.WebSocketClosedError
2026-03-31 23:36:29,150 ERROR asyncio Task exception was never retrieved
future: <Task finished name='Task-30465' coro=<WebSocketProtocol13.write_message.<locals>.wrapper() done, defined at /home/codespace/.local/lib/python3.12/site-packages/tornado/websocket.py:1111> exception=WebSocketClosedError()>
Traceback (most recent call last):
  File "/home/codespace/.local/lib/python3.12/site-packages/tornado/websocket.py", line 1113, in wrapper
    await fut
tornado.iostream.StreamClosedError: Stream is closed

During handling of the above exception, another exception occurred:

Traceback (most recent call last):
  File "/home/codespace/.local/lib/python3.12/site-packages/tornado/websocket.py", line 1115, in wrapper
    raise WebSocketClosedError()
tornado.websocket.WebSocketClosedError
2026-03-31 23:36:29,151 ERROR asyncio Task exception was never retrieved
future: <Task finished name='Task-30466' coro=<WebSocketProtocol13.write_message.<locals>.wrapper() done, defined at /home/codespace/.local/lib/python3.12/site-packages/tornado/websocket.py:1111> exception=WebSocketClosedError()>
Traceback (most recent call last):
  File "/home/codespace/.local/lib/python3.12/site-packages/tornado/websocket.py", line 1113, in wrapper
    await fut
tornado.iostream.StreamClosedError: Stream is closed

During handling of the above exception, another exception occurred:

Traceback (most recent call last):
  File "/home/codespace/.local/lib/python3.12/site-packages/tornado/websocket.py", line 1115, in wrapper
    raise WebSocketClosedError()
tornado.websocket.WebSocketClosedError
2026-03-31 23:36:29,151 ERROR asyncio Task exception was never retrieved
future: <Task finished name='Task-30467' coro=<WebSocketProtocol13.write_message.<locals>.wrapper() done, defined at /home/codespace/.local/lib/python3.12/site-packages/tornado/websocket.py:1111> exception=WebSocketClosedError()>
Traceback (most recent call last):
  File "/home/codespace/.local/lib/python3.12/site-packages/tornado/websocket.py", line 1113, in wrapper
    await fut
tornado.iostream.StreamClosedError: Stream is closed

During handling of the above exception, another exception occurred:

Traceback (most recent call last):
  File "/home/codespace/.local/lib/python3.12/site-packages/tornado/websocket.py", line 1115, in wrapper
    raise WebSocketClosedError()
tornado.websocket.WebSocketClosedError
2026-03-31 23:36:29,152 ERROR asyncio Task exception was never retrieved
future: <Task finished name='Task-30468' coro=<WebSocketProtocol13.write_message.<locals>.wrapper() done, defined at /home/codespace/.local/lib/python3.12/site-packages/tornado/websocket.py:1111> exception=WebSocketClosedError()>
Traceback (most recent call last):
  File "/home/codespace/.local/lib/python3.12/site-packages/tornado/websocket.py", line 1113, in wrapper
    await fut
tornado.iostream.StreamClosedError: Stream is closed

During handling of the above exception, another exception occurred:

Traceback (most recent call last):
  File "/home/codespace/.local/lib/python3.12/site-packages/tornado/websocket.py", line 1115, in wrapper
    raise WebSocketClosedError()
tornado.websocket.WebSocketClosedError
2026-03-31 23:36:29,152 ERROR asyncio Task exception was never retrieved
future: <Task finished name='Task-30469' coro=<WebSocketProtocol13.write_message.<locals>.wrapper() done, defined at /home/codespace/.local/lib/python3.12/site-packages/tornado/websocket.py:1111> exception=WebSocketClosedError()>
Traceback (most recent call last):
  File "/home/codespace/.local/lib/python3.12/site-packages/tornado/websocket.py", line 1113, in wrapper
    await fut
tornado.iostream.StreamClosedError: Stream is closed

During handling of the above exception, another exception occurred:

Traceback (most recent call last):
  File "/home/codespace/.local/lib/python3.12/site-packages/tornado/websocket.py", line 1115, in wrapper
    raise WebSocketClosedError()
tornado.websocket.WebSocketClosedError
2026-03-31 23:36:29,153 ERROR asyncio Task exception was never retrieved
future: <Task finished name='Task-30470' coro=<WebSocketProtocol13.write_message.<locals>.wrapper() done, defined at /home/codespace/.local/lib/python3.12/site-packages/tornado/websocket.py:1111> exception=WebSocketClosedError()>
Traceback (most recent call last):
  File "/home/codespace/.local/lib/python3.12/site-packages/tornado/websocket.py", line 1113, in wrapper
    await fut
tornado.iostream.StreamClosedError: Stream is closed

During handling of the above exception, another exception occurred:

Traceback (most recent call last):
  File "/home/codespace/.local/lib/python3.12/site-packages/tornado/websocket.py", line 1115, in wrapper
    raise WebSocketClosedError()
tornado.websocket.WebSocketClosedError
2026-03-31 23:36:29,153 ERROR asyncio Task exception was never retrieved
future: <Task finished name='Task-30471' coro=<WebSocketProtocol13.write_message.<locals>.wrapper() done, defined at /home/codespace/.local/lib/python3.12/site-packages/tornado/websocket.py:1111> exception=WebSocketClosedError()>
Traceback (most recent call last):
  File "/home/codespace/.local/lib/python3.12/site-packages/tornado/websocket.py", line 1113, in wrapper
    await fut
tornado.iostream.StreamClosedError: Stream is closed

During handling of the above exception, another exception occurred:

Traceback (most recent call last):
  File "/home/codespace/.local/lib/python3.12/site-packages/tornado/websocket.py", line 1115, in wrapper
    raise WebSocketClosedError()
tornado.websocket.WebSocketClosedError
2026-03-31 23:36:29,154 ERROR asyncio Task exception was never retrieved
future: <Task finished name='Task-30472' coro=<WebSocketProtocol13.write_message.<locals>.wrapper() done, defined at /home/codespace/.local/lib/python3.12/site-packages/tornado/websocket.py:1111> exception=WebSocketClosedError()>
Traceback (most recent call last):
  File "/home/codespace/.local/lib/python3.12/site-packages/tornado/websocket.py", line 1113, in wrapper
    await fut
tornado.iostream.StreamClosedError: Stream is closed

During handling of the above exception, another exception occurred:

Traceback (most recent call last):
  File "/home/codespace/.local/lib/python3.12/site-packages/tornado/websocket.py", line 1115, in wrapper
    raise WebSocketClosedError()
tornado.websocket.WebSocketClosedError
2026-03-31 23:36:29,155 ERROR asyncio Task exception was never retrieved
future: <Task finished name='Task-30473' coro=<WebSocketProtocol13.write_message.<locals>.wrapper() done, defined at /home/codespace/.local/lib/python3.12/site-packages/tornado/websocket.py:1111> exception=WebSocketClosedError()>
Traceback (most recent call last):
  File "/home/codespace/.local/lib/python3.12/site-packages/tornado/websocket.py", line 1113, in wrapper
    await fut
tornado.iostream.StreamClosedError: Stream is closed

During handling of the above exception, another exception occurred:

Traceback (most recent call last):
  File "/home/codespace/.local/lib/python3.12/site-packages/tornado/websocket.py", line 1115, in wrapper
    raise WebSocketClosedError()
tornado.websocket.WebSocketClosedError
2026-03-31 23:36:29,155 ERROR asyncio Task exception was never retrieved
future: <Task finished name='Task-30474' coro=<WebSocketProtocol13.write_message.<locals>.wrapper() done, defined at /home/codespace/.local/lib/python3.12/site-packages/tornado/websocket.py:1111> exception=WebSocketClosedError()>
Traceback (most recent call last):
  File "/home/codespace/.local/lib/python3.12/site-packages/tornado/websocket.py", line 1113, in wrapper
    await fut
tornado.iostream.StreamClosedError: Stream is closed

During handling of the above exception, another exception occurred:

Traceback (most recent call last):
  File "/home/codespace/.local/lib/python3.12/site-packages/tornado/websocket.py", line 1115, in wrapper
    raise WebSocketClosedError()
tornado.websocket.WebSocketClosedError
2026-03-31 23:36:29,156 ERROR asyncio Task exception was never retrieved
future: <Task finished name='Task-30475' coro=<WebSocketProtocol13.write_message.<locals>.wrapper() done, defined at /home/codespace/.local/lib/python3.12/site-packages/tornado/websocket.py:1111> exception=WebSocketClosedError()>
Traceback (most recent call last):
  File "/home/codespace/.local/lib/python3.12/site-packages/tornado/websocket.py", line 1113, in wrapper
    await fut
tornado.iostream.StreamClosedError: Stream is closed

During handling of the above exception, another exception occurred:

Traceback (most recent call last):
  File "/home/codespace/.local/lib/python3.12/site-packages/tornado/websocket.py", line 1115, in wrapper
    raise WebSocketClosedError()
tornado.websocket.WebSocketClosedError
2026-03-31 23:36:29,156 ERROR asyncio Task exception was never retrieved
future: <Task finished name='Task-30476' coro=<WebSocketProtocol13.write_message.<locals>.wrapper() done, defined at /home/codespace/.local/lib/python3.12/site-packages/tornado/websocket.py:1111> exception=WebSocketClosedError()>
Traceback (most recent call last):
  File "/home/codespace/.local/lib/python3.12/site-packages/tornado/websocket.py", line 1113, in wrapper
    await fut
tornado.iostream.StreamClosedError: Stream is closed

During handling of the above exception, another exception occurred:

Traceback (most recent call last):
  File "/home/codespace/.local/lib/python3.12/site-packages/tornado/websocket.py", line 1115, in wrapper
    raise WebSocketClosedError()
tornado.websocket.WebSocketClosedError
2026-03-31 23:36:29,157 ERROR asyncio Task exception was never retrieved
future: <Task finished name='Task-30477' coro=<WebSocketProtocol13.write_message.<locals>.wrapper() done, defined at /home/codespace/.local/lib/python3.12/site-packages/tornado/websocket.py:1111> exception=WebSocketClosedError()>
Traceback (most recent call last):
  File "/home/codespace/.local/lib/python3.12/site-packages/tornado/websocket.py", line 1113, in wrapper
    await fut
tornado.iostream.StreamClosedError: Stream is closed

During handling of the above exception, another exception occurred:

Traceback (most recent call last):
  File "/home/codespace/.local/lib/python3.12/site-packages/tornado/websocket.py", line 1115, in wrapper
    raise WebSocketClosedError()
tornado.websocket.WebSocketClosedError
2026-03-31 23:36:29,158 ERROR asyncio Task exception was never retrieved
future: <Task finished name='Task-30478' coro=<WebSocketProtocol13.write_message.<locals>.wrapper() done, defined at /home/codespace/.local/lib/python3.12/site-packages/tornado/websocket.py:1111> exception=WebSocketClosedError()>
Traceback (most recent call last):
  File "/home/codespace/.local/lib/python3.12/site-packages/tornado/websocket.py", line 1113, in wrapper
    await fut
tornado.iostream.StreamClosedError: Stream is closed

During handling of the above exception, another exception occurred:

Traceback (most recent call last):
  File "/home/codespace/.local/lib/python3.12/site-packages/tornado/websocket.py", line 1115, in wrapper
    raise WebSocketClosedError()
tornado.websocket.WebSocketClosedError
2026-03-31 23:36:29,158 ERROR asyncio Task exception was never retrieved
future: <Task finished name='Task-30479' coro=<WebSocketProtocol13.write_message.<locals>.wrapper() done, defined at /home/codespace/.local/lib/python3.12/site-packages/tornado/websocket.py:1111> exception=WebSocketClosedError()>
Traceback (most recent call last):
  File "/home/codespace/.local/lib/python3.12/site-packages/tornado/websocket.py", line 1113, in wrapper
    await fut
tornado.iostream.StreamClosedError: Stream is closed

During handling of the above exception, another exception occurred:

Traceback (most recent call last):
  File "/home/codespace/.local/lib/python3.12/site-packages/tornado/websocket.py", line 1115, in wrapper
    raise WebSocketClosedError()
tornado.websocket.WebSocketClosedError
2026-03-31 23:36:29,159 ERROR asyncio Task exception was never retrieved
future: <Task finished name='Task-30480' coro=<WebSocketProtocol13.write_message.<locals>.wrapper() done, defined at /home/codespace/.local/lib/python3.12/site-packages/tornado/websocket.py:1111> exception=WebSocketClosedError()>
Traceback (most recent call last):
  File "/home/codespace/.local/lib/python3.12/site-packages/tornado/websocket.py", line 1113, in wrapper
    await fut
tornado.iostream.StreamClosedError: Stream is closed

During handling of the above exception, another exception occurred:

Traceback (most recent call last):
  File "/home/codespace/.local/lib/python3.12/site-packages/tornado/websocket.py", line 1115, in wrapper
    raise WebSocketClosedError()
tornado.websocket.WebSocketClosedError
2026-03-31 23:36:29,160 ERROR asyncio Task exception was never retrieved
future: <Task finished name='Task-30481' coro=<WebSocketProtocol13.write_message.<locals>.wrapper() done, defined at /home/codespace/.local/lib/python3.12/site-packages/tornado/websocket.py:1111> exception=WebSocketClosedError()>
Traceback (most recent call last):
  File "/home/codespace/.local/lib/python3.12/site-packages/tornado/websocket.py", line 1113, in wrapper
    await fut
tornado.iostream.StreamClosedError: Stream is closed

During handling of the above exception, another exception occurred:

Traceback (most recent call last):
  File "/home/codespace/.local/lib/python3.12/site-packages/tornado/websocket.py", line 1115, in wrapper
    raise WebSocketClosedError()
tornado.websocket.WebSocketClosedError
2026-03-31 23:36:29,160 ERROR asyncio Task exception was never retrieved
future: <Task finished name='Task-30482' coro=<WebSocketProtocol13.write_message.<locals>.wrapper() done, defined at /home/codespace/.local/lib/python3.12/site-packages/tornado/websocket.py:1111> exception=WebSocketClosedError()>
Traceback (most recent call last):
  File "/home/codespace/.local/lib/python3.12/site-packages/tornado/websocket.py", line 1113, in wrapper
    await fut
tornado.iostream.StreamClosedError: Stream is closed

During handling of the above exception, another exception occurred:

Traceback (most recent call last):
  File "/home/codespace/.local/lib/python3.12/site-packages/tornado/websocket.py", line 1115, in wrapper
    raise WebSocketClosedError()
tornado.websocket.WebSocketClosedError
2026-03-31 23:36:29,161 ERROR asyncio Task exception was never retrieved
future: <Task finished name='Task-30483' coro=<WebSocketProtocol13.write_message.<locals>.wrapper() done, defined at /home/codespace/.local/lib/python3.12/site-packages/tornado/websocket.py:1111> exception=WebSocketClosedError()>
Traceback (most recent call last):
  File "/home/codespace/.local/lib/python3.12/site-packages/tornado/websocket.py", line 1113, in wrapper
    await fut
tornado.iostream.StreamClosedError: Stream is closed

During handling of the above exception, another exception occurred:

Traceback (most recent call last):
  File "/home/codespace/.local/lib/python3.12/site-packages/tornado/websocket.py", line 1115, in wrapper
    raise WebSocketClosedError()
tornado.websocket.WebSocketClosedError
2026-03-31 23:36:29,161 ERROR asyncio Task exception was never retrieved
future: <Task finished name='Task-30484' coro=<WebSocketProtocol13.write_message.<locals>.wrapper() done, defined at /home/codespace/.local/lib/python3.12/site-packages/tornado/websocket.py:1111> exception=WebSocketClosedError()>
Traceback (most recent call last):
  File "/home/codespace/.local/lib/python3.12/site-packages/tornado/websocket.py", line 1113, in wrapper
    await fut
tornado.iostream.StreamClosedError: Stream is closed

During handling of the above exception, another exception occurred:

Traceback (most recent call last):
  File "/home/codespace/.local/lib/python3.12/site-packages/tornado/websocket.py", line 1115, in wrapper
    raise WebSocketClosedError()
tornado.websocket.WebSocketClosedError
2026-03-31 23:36:29,162 ERROR asyncio Task exception was never retrieved
future: <Task finished name='Task-30485' coro=<WebSocketProtocol13.write_message.<locals>.wrapper() done, defined at /home/codespace/.local/lib/python3.12/site-packages/tornado/websocket.py:1111> exception=WebSocketClosedError()>
Traceback (most recent call last):
  File "/home/codespace/.local/lib/python3.12/site-packages/tornado/websocket.py", line 1113, in wrapper
    await fut
tornado.iostream.StreamClosedError: Stream is closed

During handling of the above exception, another exception occurred:

Traceback (most recent call last):
  File "/home/codespace/.local/lib/python3.12/site-packages/tornado/websocket.py", line 1115, in wrapper
    raise WebSocketClosedError()
tornado.websocket.WebSocketClosedError
2026-03-31 23:36:29,162 ERROR asyncio Task exception was never retrieved
future: <Task finished name='Task-30486' coro=<WebSocketProtocol13.write_message.<locals>.wrapper() done, defined at /home/codespace/.local/lib/python3.12/site-packages/tornado/websocket.py:1111> exception=WebSocketClosedError()>
Traceback (most recent call last):
  File "/home/codespace/.local/lib/python3.12/site-packages/tornado/websocket.py", line 1113, in wrapper
    await fut
tornado.iostream.StreamClosedError: Stream is closed

During handling of the above exception, another exception occurred:

Traceback (most recent call last):
  File "/home/codespace/.local/lib/python3.12/site-packages/tornado/websocket.py", line 1115, in wrapper
    raise WebSocketClosedError()
tornado.websocket.WebSocketClosedError
2026-03-31 23:36:29,162 ERROR asyncio Task exception was never retrieved
future: <Task finished name='Task-30487' coro=<WebSocketProtocol13.write_message.<locals>.wrapper() done, defined at /home/codespace/.local/lib/python3.12/site-packages/tornado/websocket.py:1111> exception=WebSocketClosedError()>
Traceback (most recent call last):
  File "/home/codespace/.local/lib/python3.12/site-packages/tornado/websocket.py", line 1113, in wrapper
    await fut
tornado.iostream.StreamClosedError: Stream is closed

During handling of the above exception, another exception occurred:

Traceback (most recent call last):
  File "/home/codespace/.local/lib/python3.12/site-packages/tornado/websocket.py", line 1115, in wrapper
    raise WebSocketClosedError()
tornado.websocket.WebSocketClosedError
2026-03-31 23:36:29,163 ERROR asyncio Task exception was never retrieved
future: <Task finished name='Task-30488' coro=<WebSocketProtocol13.write_message.<locals>.wrapper() done, defined at /home/codespace/.local/lib/python3.12/site-packages/tornado/websocket.py:1111> exception=WebSocketClosedError()>
Traceback (most recent call last):
  File "/home/codespace/.local/lib/python3.12/site-packages/tornado/websocket.py", line 1113, in wrapper
    await fut
tornado.iostream.StreamClosedError: Stream is closed

During handling of the above exception, another exception occurred:

Traceback (most recent call last):
  File "/home/codespace/.local/lib/python3.12/site-packages/tornado/websocket.py", line 1115, in wrapper
    raise WebSocketClosedError()
tornado.websocket.WebSocketClosedError
2026-03-31 23:36:29,163 ERROR asyncio Task exception was never retrieved
future: <Task finished name='Task-30489' coro=<WebSocketProtocol13.write_message.<locals>.wrapper() done, defined at /home/codespace/.local/lib/python3.12/site-packages/tornado/websocket.py:1111> exception=WebSocketClosedError()>
Traceback (most recent call last):
  File "/home/codespace/.local/lib/python3.12/site-packages/tornado/websocket.py", line 1113, in wrapper
    await fut
tornado.iostream.StreamClosedError: Stream is closed

During handling of the above exception, another exception occurred:

Traceback (most recent call last):
  File "/home/codespace/.local/lib/python3.12/site-packages/tornado/websocket.py", line 1115, in wrapper
    raise WebSocketClosedError()
tornado.websocket.WebSocketClosedError
2026-03-31 23:36:29,165 ERROR asyncio Task exception was never retrieved
future: <Task finished name='Task-30490' coro=<WebSocketProtocol13.write_message.<locals>.wrapper() done, defined at /home/codespace/.local/lib/python3.12/site-packages/tornado/websocket.py:1111> exception=WebSocketClosedError()>
Traceback (most recent call last):
  File "/home/codespace/.local/lib/python3.12/site-packages/tornado/websocket.py", line 1113, in wrapper
    await fut
tornado.iostream.StreamClosedError: Stream is closed

During handling of the above exception, another exception occurred:

Traceback (most recent call last):
  File "/home/codespace/.local/lib/python3.12/site-packages/tornado/websocket.py", line 1115, in wrapper
    raise WebSocketClosedError()
tornado.websocket.WebSocketClosedError
2026-03-31 23:36:29,165 ERROR asyncio Task exception was never retrieved
future: <Task finished name='Task-30491' coro=<WebSocketProtocol13.write_message.<locals>.wrapper() done, defined at /home/codespace/.local/lib/python3.12/site-packages/tornado/websocket.py:1111> exception=WebSocketClosedError()>
Traceback (most recent call last):
  File "/home/codespace/.local/lib/python3.12/site-packages/tornado/websocket.py", line 1113, in wrapper
    await fut
tornado.iostream.StreamClosedError: Stream is closed

During handling of the above exception, another exception occurred:

Traceback (most recent call last):
  File "/home/codespace/.local/lib/python3.12/site-packages/tornado/websocket.py", line 1115, in wrapper
    raise WebSocketClosedError()
tornado.websocket.WebSocketClosedError
2026-03-31 23:36:29,165 ERROR asyncio Task exception was never retrieved
future: <Task finished name='Task-30492' coro=<WebSocketProtocol13.write_message.<locals>.wrapper() done, defined at /home/codespace/.local/lib/python3.12/site-packages/tornado/websocket.py:1111> exception=WebSocketClosedError()>
Traceback (most recent call last):
  File "/home/codespace/.local/lib/python3.12/site-packages/tornado/websocket.py", line 1113, in wrapper
    await fut
tornado.iostream.StreamClosedError: Stream is closed

During handling of the above exception, another exception occurred:

Traceback (most recent call last):
  File "/home/codespace/.local/lib/python3.12/site-packages/tornado/websocket.py", line 1115, in wrapper
    raise WebSocketClosedError()
tornado.websocket.WebSocketClosedError
2026-03-31 23:36:29,166 ERROR asyncio Task exception was never retrieved
future: <Task finished name='Task-30493' coro=<WebSocketProtocol13.write_message.<locals>.wrapper() done, defined at /home/codespace/.local/lib/python3.12/site-packages/tornado/websocket.py:1111> exception=WebSocketClosedError()>
Traceback (most recent call last):
  File "/home/codespace/.local/lib/python3.12/site-packages/tornado/websocket.py", line 1113, in wrapper
    await fut
tornado.iostream.StreamClosedError: Stream is closed

During handling of the above exception, another exception occurred:

Traceback (most recent call last):
  File "/home/codespace/.local/lib/python3.12/site-packages/tornado/websocket.py", line 1115, in wrapper
    raise WebSocketClosedError()
tornado.websocket.WebSocketClosedError
2026-03-31 23:36:29,166 ERROR asyncio Task exception was never retrieved
future: <Task finished name='Task-30494' coro=<WebSocketProtocol13.write_message.<locals>.wrapper() done, defined at /home/codespace/.local/lib/python3.12/site-packages/tornado/websocket.py:1111> exception=WebSocketClosedError()>
Traceback (most recent call last):
  File "/home/codespace/.local/lib/python3.12/site-packages/tornado/websocket.py", line 1113, in wrapper
    await fut
tornado.iostream.StreamClosedError: Stream is closed

During handling of the above exception, another exception occurred:

Traceback (most recent call last):
  File "/home/codespace/.local/lib/python3.12/site-packages/tornado/websocket.py", line 1115, in wrapper
    raise WebSocketClosedError()
tornado.websocket.WebSocketClosedError
2026-03-31 23:36:29,168 ERROR asyncio Task exception was never retrieved
future: <Task finished name='Task-30495' coro=<WebSocketProtocol13.write_message.<locals>.wrapper() done, defined at /home/codespace/.local/lib/python3.12/site-packages/tornado/websocket.py:1111> exception=WebSocketClosedError()>
Traceback (most recent call last):
  File "/home/codespace/.local/lib/python3.12/site-packages/tornado/websocket.py", line 1113, in wrapper
    await fut
tornado.iostream.StreamClosedError: Stream is closed

During handling of the above exception, another exception occurred:

Traceback (most recent call last):
  File "/home/codespace/.local/lib/python3.12/site-packages/tornado/websocket.py", line 1115, in wrapper
    raise WebSocketClosedError()
tornado.websocket.WebSocketClosedError
2026-03-31 23:36:29,169 ERROR asyncio Task exception was never retrieved
future: <Task finished name='Task-30496' coro=<WebSocketProtocol13.write_message.<locals>.wrapper() done, defined at /home/codespace/.local/lib/python3.12/site-packages/tornado/websocket.py:1111> exception=WebSocketClosedError()>
Traceback (most recent call last):
  File "/home/codespace/.local/lib/python3.12/site-packages/tornado/websocket.py", line 1113, in wrapper
    await fut
tornado.iostream.StreamClosedError: Stream is closed

During handling of the above exception, another exception occurred:

Traceback (most recent call last):
  File "/home/codespace/.local/lib/python3.12/site-packages/tornado/websocket.py", line 1115, in wrapper
    raise WebSocketClosedError()
tornado.websocket.WebSocketClosedError
2026-03-31 23:36:29,170 ERROR asyncio Task exception was never retrieved
future: <Task finished name='Task-30497' coro=<WebSocketProtocol13.write_message.<locals>.wrapper() done, defined at /home/codespace/.local/lib/python3.12/site-packages/tornado/websocket.py:1111> exception=WebSocketClosedError()>
Traceback (most recent call last):
  File "/home/codespace/.local/lib/python3.12/site-packages/tornado/websocket.py", line 1113, in wrapper
    await fut
tornado.iostream.StreamClosedError: Stream is closed

During handling of the above exception, another exception occurred:

Traceback (most recent call last):
  File "/home/codespace/.local/lib/python3.12/site-packages/tornado/websocket.py", line 1115, in wrapper
    raise WebSocketClosedError()
tornado.websocket.WebSocketClosedError
2026-03-31 23:36:29,171 ERROR asyncio Task exception was never retrieved
future: <Task finished name='Task-30498' coro=<WebSocketProtocol13.write_message.<locals>.wrapper() done, defined at /home/codespace/.local/lib/python3.12/site-packages/tornado/websocket.py:1111> exception=WebSocketClosedError()>
Traceback (most recent call last):
  File "/home/codespace/.local/lib/python3.12/site-packages/tornado/websocket.py", line 1113, in wrapper
    await fut
tornado.iostream.StreamClosedError: Stream is closed

During handling of the above exception, another exception occurred:

Traceback (most recent call last):
  File "/home/codespace/.local/lib/python3.12/site-packages/tornado/websocket.py", line 1115, in wrapper
    raise WebSocketClosedError()
tornado.websocket.WebSocketClosedError
2026-03-31 23:36:29,172 ERROR asyncio Task exception was never retrieved
future: <Task finished name='Task-30499' coro=<WebSocketProtocol13.write_message.<locals>.wrapper() done, defined at /home/codespace/.local/lib/python3.12/site-packages/tornado/websocket.py:1111> exception=WebSocketClosedError()>
Traceback (most recent call last):
  File "/home/codespace/.local/lib/python3.12/site-packages/tornado/websocket.py", line 1113, in wrapper
    await fut
tornado.iostream.StreamClosedError: Stream is closed

During handling of the above exception, another exception occurred:

Traceback (most recent call last):
  File "/home/codespace/.local/lib/python3.12/site-packages/tornado/websocket.py", line 1115, in wrapper
    raise WebSocketClosedError()
tornado.websocket.WebSocketClosedError
2026-03-31 23:36:29,173 ERROR asyncio Task exception was never retrieved
future: <Task finished name='Task-30500' coro=<WebSocketProtocol13.write_message.<locals>.wrapper() done, defined at /home/codespace/.local/lib/python3.12/site-packages/tornado/websocket.py:1111> exception=WebSocketClosedError()>
Traceback (most recent call last):
  File "/home/codespace/.local/lib/python3.12/site-packages/tornado/websocket.py", line 1113, in wrapper
    await fut
tornado.iostream.StreamClosedError: Stream is closed

During handling of the above exception, another exception occurred:

Traceback (most recent call last):
  File "/home/codespace/.local/lib/python3.12/site-packages/tornado/websocket.py", line 1115, in wrapper
    raise WebSocketClosedError()
tornado.websocket.WebSocketClosedError
2026-03-31 23:36:29,174 ERROR asyncio Task exception was never retrieved
future: <Task finished name='Task-30501' coro=<WebSocketProtocol13.write_message.<locals>.wrapper() done, defined at /home/codespace/.local/lib/python3.12/site-packages/tornado/websocket.py:1111> exception=WebSocketClosedError()>
Traceback (most recent call last):
  File "/home/codespace/.local/lib/python3.12/site-packages/tornado/websocket.py", line 1113, in wrapper
    await fut
tornado.iostream.StreamClosedError: Stream is closed

During handling of the above exception, another exception occurred:

Traceback (most recent call last):
  File "/home/codespace/.local/lib/python3.12/site-packages/tornado/websocket.py", line 1115, in wrapper
    raise WebSocketClosedError()
tornado.websocket.WebSocketClosedError
2026-03-31 23:36:29,176 ERROR asyncio Task exception was never retrieved
future: <Task finished name='Task-30502' coro=<WebSocketProtocol13.write_message.<locals>.wrapper() done, defined at /home/codespace/.local/lib/python3.12/site-packages/tornado/websocket.py:1111> exception=WebSocketClosedError()>
Traceback (most recent call last):
  File "/home/codespace/.local/lib/python3.12/site-packages/tornado/websocket.py", line 1113, in wrapper
    await fut
tornado.iostream.StreamClosedError: Stream is closed

During handling of the above exception, another exception occurred:

Traceback (most recent call last):
  File "/home/codespace/.local/lib/python3.12/site-packages/tornado/websocket.py", line 1115, in wrapper
    raise WebSocketClosedError()
tornado.websocket.WebSocketClosedError
2026-03-31 23:36:29,177 ERROR asyncio Task exception was never retrieved
future: <Task finished name='Task-30503' coro=<WebSocketProtocol13.write_message.<locals>.wrapper() done, defined at /home/codespace/.local/lib/python3.12/site-packages/tornado/websocket.py:1111> exception=WebSocketClosedError()>
Traceback (most recent call last):
  File "/home/codespace/.local/lib/python3.12/site-packages/tornado/websocket.py", line 1113, in wrapper
    await fut
tornado.iostream.StreamClosedError: Stream is closed

During handling of the above exception, another exception occurred:

Traceback (most recent call last):
  File "/home/codespace/.local/lib/python3.12/site-packages/tornado/websocket.py", line 1115, in wrapper
    raise WebSocketClosedError()
tornado.websocket.WebSocketClosedError
2026-03-31 23:36:29,179 ERROR asyncio Task exception was never retrieved
future: <Task finished name='Task-30504' coro=<WebSocketProtocol13.write_message.<locals>.wrapper() done, defined at /home/codespace/.local/lib/python3.12/site-packages/tornado/websocket.py:1111> exception=WebSocketClosedError()>
Traceback (most recent call last):
  File "/home/codespace/.local/lib/python3.12/site-packages/tornado/websocket.py", line 1113, in wrapper
    await fut
tornado.iostream.StreamClosedError: Stream is closed

During handling of the above exception, another exception occurred:

Traceback (most recent call last):
  File "/home/codespace/.local/lib/python3.12/site-packages/tornado/websocket.py", line 1115, in wrapper
    raise WebSocketClosedError()
tornado.websocket.WebSocketClosedError
2026-03-31 23:36:29,180 ERROR asyncio Task exception was never retrieved
future: <Task finished name='Task-30505' coro=<WebSocketProtocol13.write_message.<locals>.wrapper() done, defined at /home/codespace/.local/lib/python3.12/site-packages/tornado/websocket.py:1111> exception=WebSocketClosedError()>
Traceback (most recent call last):
  File "/home/codespace/.local/lib/python3.12/site-packages/tornado/websocket.py", line 1113, in wrapper
    await fut
tornado.iostream.StreamClosedError: Stream is closed

During handling of the above exception, another exception occurred:

Traceback (most recent call last):
  File "/home/codespace/.local/lib/python3.12/site-packages/tornado/websocket.py", line 1115, in wrapper
    raise WebSocketClosedError()
tornado.websocket.WebSocketClosedError
2026-03-31 23:36:29,181 ERROR asyncio Task exception was never retrieved
future: <Task finished name='Task-30506' coro=<WebSocketProtocol13.write_message.<locals>.wrapper() done, defined at /home/codespace/.local/lib/python3.12/site-packages/tornado/websocket.py:1111> exception=WebSocketClosedError()>
Traceback (most recent call last):
  File "/home/codespace/.local/lib/python3.12/site-packages/tornado/websocket.py", line 1113, in wrapper
    await fut
tornado.iostream.StreamClosedError: Stream is closed

During handling of the above exception, another exception occurred:

Traceback (most recent call last):
  File "/home/codespace/.local/lib/python3.12/site-packages/tornado/websocket.py", line 1115, in wrapper
    raise WebSocketClosedError()
tornado.websocket.WebSocketClosedError
2026-03-31 23:36:29,184 ERROR asyncio Task exception was never retrieved
future: <Task finished name='Task-30507' coro=<WebSocketProtocol13.write_message.<locals>.wrapper() done, defined at /home/codespace/.local/lib/python3.12/site-packages/tornado/websocket.py:1111> exception=WebSocketClosedError()>
Traceback (most recent call last):
  File "/home/codespace/.local/lib/python3.12/site-packages/tornado/websocket.py", line 1113, in wrapper
    await fut
tornado.iostream.StreamClosedError: Stream is closed

During handling of the above exception, another exception occurred:

Traceback (most recent call last):
  File "/home/codespace/.local/lib/python3.12/site-packages/tornado/websocket.py", line 1115, in wrapper
    raise WebSocketClosedError()
tornado.websocket.WebSocketClosedError
2026-03-31 23:36:29,188 ERROR asyncio Task exception was never retrieved
future: <Task finished name='Task-30508' coro=<WebSocketProtocol13.write_message.<locals>.wrapper() done, defined at /home/codespace/.local/lib/python3.12/site-packages/tornado/websocket.py:1111> exception=WebSocketClosedError()>
Traceback (most recent call last):
  File "/home/codespace/.local/lib/python3.12/site-packages/tornado/websocket.py", line 1113, in wrapper
    await fut
tornado.iostream.StreamClosedError: Stream is closed

During handling of the above exception, another exception occurred:

Traceback (most recent call last):
  File "/home/codespace/.local/lib/python3.12/site-packages/tornado/websocket.py", line 1115, in wrapper
    raise WebSocketClosedError()
tornado.websocket.WebSocketClosedError
2026-03-31 23:36:29,190 ERROR asyncio Task exception was never retrieved
future: <Task finished name='Task-30509' coro=<WebSocketProtocol13.write_message.<locals>.wrapper() done, defined at /home/codespace/.local/lib/python3.12/site-packages/tornado/websocket.py:1111> exception=WebSocketClosedError()>
Traceback (most recent call last):
  File "/home/codespace/.local/lib/python3.12/site-packages/tornado/websocket.py", line 1113, in wrapper
    await fut
tornado.iostream.StreamClosedError: Stream is closed

During handling of the above exception, another exception occurred:

Traceback (most recent call last):
  File "/home/codespace/.local/lib/python3.12/site-packages/tornado/websocket.py", line 1115, in wrapper
    raise WebSocketClosedError()
tornado.websocket.WebSocketClosedError
2026-03-31 23:36:29,191 ERROR asyncio Task exception was never retrieved
future: <Task finished name='Task-30510' coro=<WebSocketProtocol13.write_message.<locals>.wrapper() done, defined at /home/codespace/.local/lib/python3.12/site-packages/tornado/websocket.py:1111> exception=WebSocketClosedError()>
Traceback (most recent call last):
  File "/home/codespace/.local/lib/python3.12/site-packages/tornado/websocket.py", line 1113, in wrapper
    await fut
tornado.iostream.StreamClosedError: Stream is closed

During handling of the above exception, another exception occurred:

Traceback (most recent call last):
  File "/home/codespace/.local/lib/python3.12/site-packages/tornado/websocket.py", line 1115, in wrapper
    raise WebSocketClosedError()
tornado.websocket.WebSocketClosedError
2026-03-31 23:36:29,191 ERROR asyncio Task exception was never retrieved
future: <Task finished name='Task-30511' coro=<WebSocketProtocol13.write_message.<locals>.wrapper() done, defined at /home/codespace/.local/lib/python3.12/site-packages/tornado/websocket.py:1111> exception=WebSocketClosedError()>
Traceback (most recent call last):
  File "/home/codespace/.local/lib/python3.12/site-packages/tornado/websocket.py", line 1113, in wrapper
    await fut
tornado.iostream.StreamClosedError: Stream is closed

During handling of the above exception, another exception occurred:

Traceback (most recent call last):
  File "/home/codespace/.local/lib/python3.12/site-packages/tornado/websocket.py", line 1115, in wrapper
    raise WebSocketClosedError()
tornado.websocket.WebSocketClosedError
2026-03-31 23:36:29,192 ERROR asyncio Task exception was never retrieved
future: <Task finished name='Task-30512' coro=<WebSocketProtocol13.write_message.<locals>.wrapper() done, defined at /home/codespace/.local/lib/python3.12/site-packages/tornado/websocket.py:1111> exception=WebSocketClosedError()>
Traceback (most recent call last):
  File "/home/codespace/.local/lib/python3.12/site-packages/tornado/websocket.py", line 1113, in wrapper
    await fut
tornado.iostream.StreamClosedError: Stream is closed

During handling of the above exception, another exception occurred:

Traceback (most recent call last):
  File "/home/codespace/.local/lib/python3.12/site-packages/tornado/websocket.py", line 1115, in wrapper
    raise WebSocketClosedError()
tornado.websocket.WebSocketClosedError
2026-03-31 23:36:29,192 ERROR asyncio Task exception was never retrieved
future: <Task finished name='Task-30513' coro=<WebSocketProtocol13.write_message.<locals>.wrapper() done, defined at /home/codespace/.local/lib/python3.12/site-packages/tornado/websocket.py:1111> exception=WebSocketClosedError()>
Traceback (most recent call last):
  File "/home/codespace/.local/lib/python3.12/site-packages/tornado/websocket.py", line 1113, in wrapper
    await fut
tornado.iostream.StreamClosedError: Stream is closed

During handling of the above exception, another exception occurred:

Traceback (most recent call last):
  File "/home/codespace/.local/lib/python3.12/site-packages/tornado/websocket.py", line 1115, in wrapper
    raise WebSocketClosedError()
tornado.websocket.WebSocketClosedError
2026-03-31 23:36:29,192 ERROR asyncio Task exception was never retrieved
future: <Task finished name='Task-30514' coro=<WebSocketProtocol13.write_message.<locals>.wrapper() done, defined at /home/codespace/.local/lib/python3.12/site-packages/tornado/websocket.py:1111> exception=WebSocketClosedError()>
Traceback (most recent call last):
  File "/home/codespace/.local/lib/python3.12/site-packages/tornado/websocket.py", line 1113, in wrapper
    await fut
tornado.iostream.StreamClosedError: Stream is closed

During handling of the above exception, another exception occurred:

Traceback (most recent call last):
  File "/home/codespace/.local/lib/python3.12/site-packages/tornado/websocket.py", line 1115, in wrapper
    raise WebSocketClosedError()
tornado.websocket.WebSocketClosedError
2026-03-31 23:36:29,193 ERROR asyncio Task exception was never retrieved
future: <Task finished name='Task-30515' coro=<WebSocketProtocol13.write_message.<locals>.wrapper() done, defined at /home/codespace/.local/lib/python3.12/site-packages/tornado/websocket.py:1111> exception=WebSocketClosedError()>
Traceback (most recent call last):
  File "/home/codespace/.local/lib/python3.12/site-packages/tornado/websocket.py", line 1113, in wrapper
    await fut
tornado.iostream.StreamClosedError: Stream is closed

During handling of the above exception, another exception occurred:

Traceback (most recent call last):
  File "/home/codespace/.local/lib/python3.12/site-packages/tornado/websocket.py", line 1115, in wrapper
    raise WebSocketClosedError()
tornado.websocket.WebSocketClosedError
2026-03-31 23:36:29,193 ERROR asyncio Task exception was never retrieved
future: <Task finished name='Task-30516' coro=<WebSocketProtocol13.write_message.<locals>.wrapper() done, defined at /home/codespace/.local/lib/python3.12/site-packages/tornado/websocket.py:1111> exception=WebSocketClosedError()>
Traceback (most recent call last):
  File "/home/codespace/.local/lib/python3.12/site-packages/tornado/websocket.py", line 1113, in wrapper
    await fut
tornado.iostream.StreamClosedError: Stream is closed

During handling of the above exception, another exception occurred:

Traceback (most recent call last):
  File "/home/codespace/.local/lib/python3.12/site-packages/tornado/websocket.py", line 1115, in wrapper
    raise WebSocketClosedError()
tornado.websocket.WebSocketClosedError
2026-03-31 23:36:29,194 ERROR asyncio Task exception was never retrieved
future: <Task finished name='Task-30517' coro=<WebSocketProtocol13.write_message.<locals>.wrapper() done, defined at /home/codespace/.local/lib/python3.12/site-packages/tornado/websocket.py:1111> exception=WebSocketClosedError()>
Traceback (most recent call last):
  File "/home/codespace/.local/lib/python3.12/site-packages/tornado/websocket.py", line 1113, in wrapper
    await fut
tornado.iostream.StreamClosedError: Stream is closed

During handling of the above exception, another exception occurred:

Traceback (most recent call last):
  File "/home/codespace/.local/lib/python3.12/site-packages/tornado/websocket.py", line 1115, in wrapper
    raise WebSocketClosedError()
tornado.websocket.WebSocketClosedError
2026-03-31 23:36:29,194 ERROR asyncio Task exception was never retrieved
future: <Task finished name='Task-30518' coro=<WebSocketProtocol13.write_message.<locals>.wrapper() done, defined at /home/codespace/.local/lib/python3.12/site-packages/tornado/websocket.py:1111> exception=WebSocketClosedError()>
Traceback (most recent call last):
  File "/home/codespace/.local/lib/python3.12/site-packages/tornado/websocket.py", line 1113, in wrapper
    await fut
tornado.iostream.StreamClosedError: Stream is closed

During handling of the above exception, another exception occurred:

Traceback (most recent call last):
  File "/home/codespace/.local/lib/python3.12/site-packages/tornado/websocket.py", line 1115, in wrapper
    raise WebSocketClosedError()
tornado.websocket.WebSocketClosedError
2026-03-31 23:36:29,195 ERROR asyncio Task exception was never retrieved
future: <Task finished name='Task-30519' coro=<WebSocketProtocol13.write_message.<locals>.wrapper() done, defined at /home/codespace/.local/lib/python3.12/site-packages/tornado/websocket.py:1111> exception=WebSocketClosedError()>
Traceback (most recent call last):
  File "/home/codespace/.local/lib/python3.12/site-packages/tornado/websocket.py", line 1113, in wrapper
    await fut
tornado.iostream.StreamClosedError: Stream is closed

During handling of the above exception, another exception occurred:

Traceback (most recent call last):
  File "/home/codespace/.local/lib/python3.12/site-packages/tornado/websocket.py", line 1115, in wrapper
    raise WebSocketClosedError()
tornado.websocket.WebSocketClosedError
2026-03-31 23:36:29,195 ERROR asyncio Task exception was never retrieved
future: <Task finished name='Task-30520' coro=<WebSocketProtocol13.write_message.<locals>.wrapper() done, defined at /home/codespace/.local/lib/python3.12/site-packages/tornado/websocket.py:1111> exception=WebSocketClosedError()>
Traceback (most recent call last):
  File "/home/codespace/.local/lib/python3.12/site-packages/tornado/websocket.py", line 1113, in wrapper
    await fut
tornado.iostream.StreamClosedError: Stream is closed

During handling of the above exception, another exception occurred:

Traceback (most recent call last):
  File "/home/codespace/.local/lib/python3.12/site-packages/tornado/websocket.py", line 1115, in wrapper
    raise WebSocketClosedError()
tornado.websocket.WebSocketClosedError
2026-03-31 23:36:29,196 ERROR asyncio Task exception was never retrieved
future: <Task finished name='Task-30521' coro=<WebSocketProtocol13.write_message.<locals>.wrapper() done, defined at /home/codespace/.local/lib/python3.12/site-packages/tornado/websocket.py:1111> exception=WebSocketClosedError()>
Traceback (most recent call last):
  File "/home/codespace/.local/lib/python3.12/site-packages/tornado/websocket.py", line 1113, in wrapper
    await fut
tornado.iostream.StreamClosedError: Stream is closed

During handling of the above exception, another exception occurred:

Traceback (most recent call last):
  File "/home/codespace/.local/lib/python3.12/site-packages/tornado/websocket.py", line 1115, in wrapper
    raise WebSocketClosedError()
tornado.websocket.WebSocketClosedError
2026-03-31 23:36:29,196 ERROR asyncio Task exception was never retrieved
future: <Task finished name='Task-30522' coro=<WebSocketProtocol13.write_message.<locals>.wrapper() done, defined at /home/codespace/.local/lib/python3.12/site-packages/tornado/websocket.py:1111> exception=WebSocketClosedError()>
Traceback (most recent call last):
  File "/home/codespace/.local/lib/python3.12/site-packages/tornado/websocket.py", line 1113, in wrapper
    await fut
tornado.iostream.StreamClosedError: Stream is closed

During handling of the above exception, another exception occurred:

Traceback (most recent call last):
  File "/home/codespace/.local/lib/python3.12/site-packages/tornado/websocket.py", line 1115, in wrapper
    raise WebSocketClosedError()
tornado.websocket.WebSocketClosedError
2026-03-31 23:36:29,196 ERROR asyncio Task exception was never retrieved
future: <Task finished name='Task-30523' coro=<WebSocketProtocol13.write_message.<locals>.wrapper() done, defined at /home/codespace/.local/lib/python3.12/site-packages/tornado/websocket.py:1111> exception=WebSocketClosedError()>
Traceback (most recent call last):
  File "/home/codespace/.local/lib/python3.12/site-packages/tornado/websocket.py", line 1113, in wrapper
    await fut
tornado.iostream.StreamClosedError: Stream is closed

During handling of the above exception, another exception occurred:

Traceback (most recent call last):
  File "/home/codespace/.local/lib/python3.12/site-packages/tornado/websocket.py", line 1115, in wrapper
    raise WebSocketClosedError()
tornado.websocket.WebSocketClosedError
2026-03-31 23:36:29,197 ERROR asyncio Task exception was never retrieved
future: <Task finished name='Task-30524' coro=<WebSocketProtocol13.write_message.<locals>.wrapper() done, defined at /home/codespace/.local/lib/python3.12/site-packages/tornado/websocket.py:1111> exception=WebSocketClosedError()>
Traceback (most recent call last):
  File "/home/codespace/.local/lib/python3.12/site-packages/tornado/websocket.py", line 1113, in wrapper
    await fut
tornado.iostream.StreamClosedError: Stream is closed

During handling of the above exception, another exception occurred:

Traceback (most recent call last):
  File "/home/codespace/.local/lib/python3.12/site-packages/tornado/websocket.py", line 1115, in wrapper
    raise WebSocketClosedError()
tornado.websocket.WebSocketClosedError
2026-03-31 23:36:29,197 ERROR asyncio Task exception was never retrieved
future: <Task finished name='Task-30525' coro=<WebSocketProtocol13.write_message.<locals>.wrapper() done, defined at /home/codespace/.local/lib/python3.12/site-packages/tornado/websocket.py:1111> exception=WebSocketClosedError()>
Traceback (most recent call last):
  File "/home/codespace/.local/lib/python3.12/site-packages/tornado/websocket.py", line 1113, in wrapper
    await fut
tornado.iostream.StreamClosedError: Stream is closed

During handling of the above exception, another exception occurred:

Traceback (most recent call last):
  File "/home/codespace/.local/lib/python3.12/site-packages/tornado/websocket.py", line 1115, in wrapper
    raise WebSocketClosedError()
tornado.websocket.WebSocketClosedError
2026-03-31 23:36:29,198 ERROR asyncio Task exception was never retrieved
future: <Task finished name='Task-30526' coro=<WebSocketProtocol13.write_message.<locals>.wrapper() done, defined at /home/codespace/.local/lib/python3.12/site-packages/tornado/websocket.py:1111> exception=WebSocketClosedError()>
Traceback (most recent call last):
  File "/home/codespace/.local/lib/python3.12/site-packages/tornado/websocket.py", line 1113, in wrapper
    await fut
tornado.iostream.StreamClosedError: Stream is closed

During handling of the above exception, another exception occurred:

Traceback (most recent call last):
  File "/home/codespace/.local/lib/python3.12/site-packages/tornado/websocket.py", line 1115, in wrapper
    raise WebSocketClosedError()
tornado.websocket.WebSocketClosedError
2026-03-31 23:36:29,198 ERROR asyncio Task exception was never retrieved
future: <Task finished name='Task-30527' coro=<WebSocketProtocol13.write_message.<locals>.wrapper() done, defined at /home/codespace/.local/lib/python3.12/site-packages/tornado/websocket.py:1111> exception=WebSocketClosedError()>
Traceback (most recent call last):
  File "/home/codespace/.local/lib/python3.12/site-packages/tornado/websocket.py", line 1113, in wrapper
    await fut
tornado.iostream.StreamClosedError: Stream is closed

During handling of the above exception, another exception occurred:

Traceback (most recent call last):
  File "/home/codespace/.local/lib/python3.12/site-packages/tornado/websocket.py", line 1115, in wrapper
    raise WebSocketClosedError()
tornado.websocket.WebSocketClosedError
2026-03-31 23:36:29,199 ERROR asyncio Task exception was never retrieved
future: <Task finished name='Task-30528' coro=<WebSocketProtocol13.write_message.<locals>.wrapper() done, defined at /home/codespace/.local/lib/python3.12/site-packages/tornado/websocket.py:1111> exception=WebSocketClosedError()>
Traceback (most recent call last):
  File "/home/codespace/.local/lib/python3.12/site-packages/tornado/websocket.py", line 1113, in wrapper
    await fut
tornado.iostream.StreamClosedError: Stream is closed

During handling of the above exception, another exception occurred:

Traceback (most recent call last):
  File "/home/codespace/.local/lib/python3.12/site-packages/tornado/websocket.py", line 1115, in wrapper
    raise WebSocketClosedError()
tornado.websocket.WebSocketClosedError
2026-03-31 23:36:29,199 ERROR asyncio Task exception was never retrieved
future: <Task finished name='Task-30529' coro=<WebSocketProtocol13.write_message.<locals>.wrapper() done, defined at /home/codespace/.local/lib/python3.12/site-packages/tornado/websocket.py:1111> exception=WebSocketClosedError()>
Traceback (most recent call last):
  File "/home/codespace/.local/lib/python3.12/site-packages/tornado/websocket.py", line 1113, in wrapper
    await fut
tornado.iostream.StreamClosedError: Stream is closed

During handling of the above exception, another exception occurred:

Traceback (most recent call last):
  File "/home/codespace/.local/lib/python3.12/site-packages/tornado/websocket.py", line 1115, in wrapper
    raise WebSocketClosedError()
tornado.websocket.WebSocketClosedError
2026-03-31 23:36:29,200 ERROR asyncio Task exception was never retrieved
future: <Task finished name='Task-30530' coro=<WebSocketProtocol13.write_message.<locals>.wrapper() done, defined at /home/codespace/.local/lib/python3.12/site-packages/tornado/websocket.py:1111> exception=WebSocketClosedError()>
Traceback (most recent call last):
  File "/home/codespace/.local/lib/python3.12/site-packages/tornado/websocket.py", line 1113, in wrapper
    await fut
tornado.iostream.StreamClosedError: Stream is closed

During handling of the above exception, another exception occurred:

Traceback (most recent call last):
  File "/home/codespace/.local/lib/python3.12/site-packages/tornado/websocket.py", line 1115, in wrapper
    raise WebSocketClosedError()
tornado.websocket.WebSocketClosedError
2026-03-31 23:36:29,200 ERROR asyncio Task exception was never retrieved
future: <Task finished name='Task-30531' coro=<WebSocketProtocol13.write_message.<locals>.wrapper() done, defined at /home/codespace/.local/lib/python3.12/site-packages/tornado/websocket.py:1111> exception=WebSocketClosedError()>
Traceback (most recent call last):
  File "/home/codespace/.local/lib/python3.12/site-packages/tornado/websocket.py", line 1113, in wrapper
    await fut
tornado.iostream.StreamClosedError: Stream is closed

During handling of the above exception, another exception occurred:

Traceback (most recent call last):
  File "/home/codespace/.local/lib/python3.12/site-packages/tornado/websocket.py", line 1115, in wrapper
    raise WebSocketClosedError()
tornado.websocket.WebSocketClosedError
2026-03-31 23:36:29,201 ERROR asyncio Task exception was never retrieved
future: <Task finished name='Task-30532' coro=<WebSocketProtocol13.write_message.<locals>.wrapper() done, defined at /home/codespace/.local/lib/python3.12/site-packages/tornado/websocket.py:1111> exception=WebSocketClosedError()>
Traceback (most recent call last):
  File "/home/codespace/.local/lib/python3.12/site-packages/tornado/websocket.py", line 1113, in wrapper
    await fut
tornado.iostream.StreamClosedError: Stream is closed

During handling of the above exception, another exception occurred:

Traceback (most recent call last):
  File "/home/codespace/.local/lib/python3.12/site-packages/tornado/websocket.py", line 1115, in wrapper
    raise WebSocketClosedError()
tornado.websocket.WebSocketClosedError
2026-03-31 23:36:29,201 ERROR asyncio Task exception was never retrieved
future: <Task finished name='Task-30533' coro=<WebSocketProtocol13.write_message.<locals>.wrapper() done, defined at /home/codespace/.local/lib/python3.12/site-packages/tornado/websocket.py:1111> exception=WebSocketClosedError()>
Traceback (most recent call last):
  File "/home/codespace/.local/lib/python3.12/site-packages/tornado/websocket.py", line 1113, in wrapper
    await fut
tornado.iostream.StreamClosedError: Stream is closed

During handling of the above exception, another exception occurred:

Traceback (most recent call last):
  File "/home/codespace/.local/lib/python3.12/site-packages/tornado/websocket.py", line 1115, in wrapper
    raise WebSocketClosedError()
tornado.websocket.WebSocketClosedError
2026-03-31 23:36:29,201 ERROR asyncio Task exception was never retrieved
future: <Task finished name='Task-30534' coro=<WebSocketProtocol13.write_message.<locals>.wrapper() done, defined at /home/codespace/.local/lib/python3.12/site-packages/tornado/websocket.py:1111> exception=WebSocketClosedError()>
Traceback (most recent call last):
  File "/home/codespace/.local/lib/python3.12/site-packages/tornado/websocket.py", line 1113, in wrapper
    await fut
tornado.iostream.StreamClosedError: Stream is closed

During handling of the above exception, another exception occurred:

Traceback (most recent call last):
  File "/home/codespace/.local/lib/python3.12/site-packages/tornado/websocket.py", line 1115, in wrapper
    raise WebSocketClosedError()
tornado.websocket.WebSocketClosedError
2026-03-31 23:36:29,202 ERROR asyncio Task exception was never retrieved
future: <Task finished name='Task-30535' coro=<WebSocketProtocol13.write_message.<locals>.wrapper() done, defined at /home/codespace/.local/lib/python3.12/site-packages/tornado/websocket.py:1111> exception=WebSocketClosedError()>
Traceback (most recent call last):
  File "/home/codespace/.local/lib/python3.12/site-packages/tornado/websocket.py", line 1113, in wrapper
    await fut
tornado.iostream.StreamClosedError: Stream is closed

During handling of the above exception, another exception occurred:

Traceback (most recent call last):
  File "/home/codespace/.local/lib/python3.12/site-packages/tornado/websocket.py", line 1115, in wrapper
    raise WebSocketClosedError()
tornado.websocket.WebSocketClosedError
2026-03-31 23:36:29,202 ERROR asyncio Task exception was never retrieved
future: <Task finished name='Task-30536' coro=<WebSocketProtocol13.write_message.<locals>.wrapper() done, defined at /home/codespace/.local/lib/python3.12/site-packages/tornado/websocket.py:1111> exception=WebSocketClosedError()>
Traceback (most recent call last):
  File "/home/codespace/.local/lib/python3.12/site-packages/tornado/websocket.py", line 1113, in wrapper
    await fut
tornado.iostream.StreamClosedError: Stream is closed

During handling of the above exception, another exception occurred:

Traceback (most recent call last):
  File "/home/codespace/.local/lib/python3.12/site-packages/tornado/websocket.py", line 1115, in wrapper
    raise WebSocketClosedError()
tornado.websocket.WebSocketClosedError
2026-03-31 23:36:29,203 ERROR asyncio Task exception was never retrieved
future: <Task finished name='Task-30537' coro=<WebSocketProtocol13.write_message.<locals>.wrapper() done, defined at /home/codespace/.local/lib/python3.12/site-packages/tornado/websocket.py:1111> exception=WebSocketClosedError()>
Traceback (most recent call last):
  File "/home/codespace/.local/lib/python3.12/site-packages/tornado/websocket.py", line 1113, in wrapper
    await fut
tornado.iostream.StreamClosedError: Stream is closed

During handling of the above exception, another exception occurred:

Traceback (most recent call last):
  File "/home/codespace/.local/lib/python3.12/site-packages/tornado/websocket.py", line 1115, in wrapper
    raise WebSocketClosedError()
tornado.websocket.WebSocketClosedError
2026-03-31 23:36:29,203 ERROR asyncio Task exception was never retrieved
future: <Task finished name='Task-30538' coro=<WebSocketProtocol13.write_message.<locals>.wrapper() done, defined at /home/codespace/.local/lib/python3.12/site-packages/tornado/websocket.py:1111> exception=WebSocketClosedError()>
Traceback (most recent call last):
  File "/home/codespace/.local/lib/python3.12/site-packages/tornado/websocket.py", line 1113, in wrapper
    await fut
tornado.iostream.StreamClosedError: Stream is closed

During handling of the above exception, another exception occurred:

Traceback (most recent call last):
  File "/home/codespace/.local/lib/python3.12/site-packages/tornado/websocket.py", line 1115, in wrapper
    raise WebSocketClosedError()
tornado.websocket.WebSocketClosedError
2026-03-31 23:36:29,204 ERROR asyncio Task exception was never retrieved
future: <Task finished name='Task-30539' coro=<WebSocketProtocol13.write_message.<locals>.wrapper() done, defined at /home/codespace/.local/lib/python3.12/site-packages/tornado/websocket.py:1111> exception=WebSocketClosedError()>
Traceback (most recent call last):
  File "/home/codespace/.local/lib/python3.12/site-packages/tornado/websocket.py", line 1113, in wrapper
    await fut
tornado.iostream.StreamClosedError: Stream is closed

During handling of the above exception, another exception occurred:

Traceback (most recent call last):
  File "/home/codespace/.local/lib/python3.12/site-packages/tornado/websocket.py", line 1115, in wrapper
    raise WebSocketClosedError()
tornado.websocket.WebSocketClosedError
2026-03-31 23:36:29,204 ERROR asyncio Task exception was never retrieved
future: <Task finished name='Task-30540' coro=<WebSocketProtocol13.write_message.<locals>.wrapper() done, defined at /home/codespace/.local/lib/python3.12/site-packages/tornado/websocket.py:1111> exception=WebSocketClosedError()>
Traceback (most recent call last):
  File "/home/codespace/.local/lib/python3.12/site-packages/tornado/websocket.py", line 1113, in wrapper
    await fut
tornado.iostream.StreamClosedError: Stream is closed

During handling of the above exception, another exception occurred:

Traceback (most recent call last):
  File "/home/codespace/.local/lib/python3.12/site-packages/tornado/websocket.py", line 1115, in wrapper
    raise WebSocketClosedError()
tornado.websocket.WebSocketClosedError
2026-03-31 23:36:29,204 ERROR asyncio Task exception was never retrieved
future: <Task finished name='Task-30543' coro=<WebSocketProtocol13.write_message.<locals>.wrapper() done, defined at /home/codespace/.local/lib/python3.12/site-packages/tornado/websocket.py:1111> exception=WebSocketClosedError()>
Traceback (most recent call last):
  File "/home/codespace/.local/lib/python3.12/site-packages/tornado/websocket.py", line 1113, in wrapper
    await fut
tornado.iostream.StreamClosedError: Stream is closed

During handling of the above exception, another exception occurred:

Traceback (most recent call last):
  File "/home/codespace/.local/lib/python3.12/site-packages/tornado/websocket.py", line 1115, in wrapper
    raise WebSocketClosedError()
tornado.websocket.WebSocketClosedError
2026-03-31 23:36:29,205 ERROR asyncio Task exception was never retrieved
future: <Task finished name='Task-30544' coro=<WebSocketProtocol13.write_message.<locals>.wrapper() done, defined at /home/codespace/.local/lib/python3.12/site-packages/tornado/websocket.py:1111> exception=WebSocketClosedError()>
Traceback (most recent call last):
  File "/home/codespace/.local/lib/python3.12/site-packages/tornado/websocket.py", line 1113, in wrapper
    await fut
tornado.iostream.StreamClosedError: Stream is closed

During handling of the above exception, another exception occurred:

Traceback (most recent call last):
  File "/home/codespace/.local/lib/python3.12/site-packages/tornado/websocket.py", line 1115, in wrapper
    raise WebSocketClosedError()
tornado.websocket.WebSocketClosedError
2026-03-31 23:36:29,205 ERROR asyncio Task exception was never retrieved
future: <Task finished name='Task-30547' coro=<WebSocketProtocol13.write_message.<locals>.wrapper() done, defined at /home/codespace/.local/lib/python3.12/site-packages/tornado/websocket.py:1111> exception=WebSocketClosedError()>
Traceback (most recent call last):
  File "/home/codespace/.local/lib/python3.12/site-packages/tornado/websocket.py", line 1113, in wrapper
    await fut
tornado.iostream.StreamClosedError: Stream is closed

During handling of the above exception, another exception occurred:

Traceback (most recent call last):
  File "/home/codespace/.local/lib/python3.12/site-packages/tornado/websocket.py", line 1115, in wrapper
    raise WebSocketClosedError()
tornado.websocket.WebSocketClosedError
2026-03-31 23:36:29,206 ERROR asyncio Task exception was never retrieved
future: <Task finished name='Task-30548' coro=<WebSocketProtocol13.write_message.<locals>.wrapper() done, defined at /home/codespace/.local/lib/python3.12/site-packages/tornado/websocket.py:1111> exception=WebSocketClosedError()>
Traceback (most recent call last):
  File "/home/codespace/.local/lib/python3.12/site-packages/tornado/websocket.py", line 1113, in wrapper
    await fut
tornado.iostream.StreamClosedError: Stream is closed

During handling of the above exception, another exception occurred:

Traceback (most recent call last):
  File "/home/codespace/.local/lib/python3.12/site-packages/tornado/websocket.py", line 1115, in wrapper
    raise WebSocketClosedError()
tornado.websocket.WebSocketClosedError
2026-03-31 23:36:29,206 ERROR asyncio Task exception was never retrieved
future: <Task finished name='Task-30549' coro=<WebSocketProtocol13.write_message.<locals>.wrapper() done, defined at /home/codespace/.local/lib/python3.12/site-packages/tornado/websocket.py:1111> exception=WebSocketClosedError()>
Traceback (most recent call last):
  File "/home/codespace/.local/lib/python3.12/site-packages/tornado/websocket.py", line 1113, in wrapper
    await fut
tornado.iostream.StreamClosedError: Stream is closed

During handling of the above exception, another exception occurred:

Traceback (most recent call last):
  File "/home/codespace/.local/lib/python3.12/site-packages/tornado/websocket.py", line 1115, in wrapper
    raise WebSocketClosedError()
tornado.websocket.WebSocketClosedError
2026-03-31 23:36:29,207 ERROR asyncio Task exception was never retrieved
future: <Task finished name='Task-30550' coro=<WebSocketProtocol13.write_message.<locals>.wrapper() done, defined at /home/codespace/.local/lib/python3.12/site-packages/tornado/websocket.py:1111> exception=WebSocketClosedError()>
Traceback (most recent call last):
  File "/home/codespace/.local/lib/python3.12/site-packages/tornado/websocket.py", line 1113, in wrapper
    await fut
tornado.iostream.StreamClosedError: Stream is closed

During handling of the above exception, another exception occurred:

Traceback (most recent call last):
  File "/home/codespace/.local/lib/python3.12/site-packages/tornado/websocket.py", line 1115, in wrapper
    raise WebSocketClosedError()
tornado.websocket.WebSocketClosedError
2026-03-31 23:36:29,207 ERROR asyncio Task exception was never retrieved
future: <Task finished name='Task-30551' coro=<WebSocketProtocol13.write_message.<locals>.wrapper() done, defined at /home/codespace/.local/lib/python3.12/site-packages/tornado/websocket.py:1111> exception=WebSocketClosedError()>
Traceback (most recent call last):
  File "/home/codespace/.local/lib/python3.12/site-packages/tornado/websocket.py", line 1113, in wrapper
    await fut
tornado.iostream.StreamClosedError: Stream is closed

During handling of the above exception, another exception occurred:

Traceback (most recent call last):
  File "/home/codespace/.local/lib/python3.12/site-packages/tornado/websocket.py", line 1115, in wrapper
    raise WebSocketClosedError()
tornado.websocket.WebSocketClosedError
2026-03-31 23:36:29,207 ERROR asyncio Task exception was never retrieved
future: <Task finished name='Task-30552' coro=<WebSocketProtocol13.write_message.<locals>.wrapper() done, defined at /home/codespace/.local/lib/python3.12/site-packages/tornado/websocket.py:1111> exception=WebSocketClosedError()>
Traceback (most recent call last):
  File "/home/codespace/.local/lib/python3.12/site-packages/tornado/websocket.py", line 1113, in wrapper
    await fut
tornado.iostream.StreamClosedError: Stream is closed

During handling of the above exception, another exception occurred:

Traceback (most recent call last):
  File "/home/codespace/.local/lib/python3.12/site-packages/tornado/websocket.py", line 1115, in wrapper
    raise WebSocketClosedError()
tornado.websocket.WebSocketClosedError
2026-03-31 23:36:29,208 ERROR asyncio Task exception was never retrieved
future: <Task finished name='Task-30553' coro=<WebSocketProtocol13.write_message.<locals>.wrapper() done, defined at /home/codespace/.local/lib/python3.12/site-packages/tornado/websocket.py:1111> exception=WebSocketClosedError()>
Traceback (most recent call last):
  File "/home/codespace/.local/lib/python3.12/site-packages/tornado/websocket.py", line 1113, in wrapper
    await fut
tornado.iostream.StreamClosedError: Stream is closed

During handling of the above exception, another exception occurred:

Traceback (most recent call last):
  File "/home/codespace/.local/lib/python3.12/site-packages/tornado/websocket.py", line 1115, in wrapper
    raise WebSocketClosedError()
tornado.websocket.WebSocketClosedError
2026-03-31 23:36:29,208 ERROR asyncio Task exception was never retrieved
future: <Task finished name='Task-30554' coro=<WebSocketProtocol13.write_message.<locals>.wrapper() done, defined at /home/codespace/.local/lib/python3.12/site-packages/tornado/websocket.py:1111> exception=WebSocketClosedError()>
Traceback (most recent call last):
  File "/home/codespace/.local/lib/python3.12/site-packages/tornado/websocket.py", line 1113, in wrapper
    await fut
tornado.iostream.StreamClosedError: Stream is closed

During handling of the above exception, another exception occurred:

Traceback (most recent call last):
  File "/home/codespace/.local/lib/python3.12/site-packages/tornado/websocket.py", line 1115, in wrapper
    raise WebSocketClosedError()
tornado.websocket.WebSocketClosedError
2026-03-31 23:36:29,209 ERROR asyncio Task exception was never retrieved
future: <Task finished name='Task-30555' coro=<WebSocketProtocol13.write_message.<locals>.wrapper() done, defined at /home/codespace/.local/lib/python3.12/site-packages/tornado/websocket.py:1111> exception=WebSocketClosedError()>
Traceback (most recent call last):
  File "/home/codespace/.local/lib/python3.12/site-packages/tornado/websocket.py", line 1113, in wrapper
    await fut
tornado.iostream.StreamClosedError: Stream is closed

During handling of the above exception, another exception occurred:

Traceback (most recent call last):
  File "/home/codespace/.local/lib/python3.12/site-packages/tornado/websocket.py", line 1115, in wrapper
    raise WebSocketClosedError()
tornado.websocket.WebSocketClosedError
2026-03-31 23:36:29,210 ERROR asyncio Task exception was never retrieved
future: <Task finished name='Task-30556' coro=<WebSocketProtocol13.write_message.<locals>.wrapper() done, defined at /home/codespace/.local/lib/python3.12/site-packages/tornado/websocket.py:1111> exception=WebSocketClosedError()>
Traceback (most recent call last):
  File "/home/codespace/.local/lib/python3.12/site-packages/tornado/websocket.py", line 1113, in wrapper
    await fut
tornado.iostream.StreamClosedError: Stream is closed

During handling of the above exception, another exception occurred:

Traceback (most recent call last):
  File "/home/codespace/.local/lib/python3.12/site-packages/tornado/websocket.py", line 1115, in wrapper
    raise WebSocketClosedError()
tornado.websocket.WebSocketClosedError
2026-03-31 23:36:29,211 ERROR asyncio Task exception was never retrieved
future: <Task finished name='Task-30557' coro=<WebSocketProtocol13.write_message.<locals>.wrapper() done, defined at /home/codespace/.local/lib/python3.12/site-packages/tornado/websocket.py:1111> exception=WebSocketClosedError()>
Traceback (most recent call last):
  File "/home/codespace/.local/lib/python3.12/site-packages/tornado/websocket.py", line 1113, in wrapper
    await fut
tornado.iostream.StreamClosedError: Stream is closed

During handling of the above exception, another exception occurred:

Traceback (most recent call last):
  File "/home/codespace/.local/lib/python3.12/site-packages/tornado/websocket.py", line 1115, in wrapper
    raise WebSocketClosedError()
tornado.websocket.WebSocketClosedError
2026-03-31 23:36:29,211 ERROR asyncio Task exception was never retrieved
future: <Task finished name='Task-30558' coro=<WebSocketProtocol13.write_message.<locals>.wrapper() done, defined at /home/codespace/.local/lib/python3.12/site-packages/tornado/websocket.py:1111> exception=WebSocketClosedError()>
Traceback (most recent call last):
  File "/home/codespace/.local/lib/python3.12/site-packages/tornado/websocket.py", line 1113, in wrapper
    await fut
tornado.iostream.StreamClosedError: Stream is closed

During handling of the above exception, another exception occurred:

Traceback (most recent call last):
  File "/home/codespace/.local/lib/python3.12/site-packages/tornado/websocket.py", line 1115, in wrapper
    raise WebSocketClosedError()
tornado.websocket.WebSocketClosedError
2026-03-31 23:36:29,211 ERROR asyncio Task exception was never retrieved
future: <Task finished name='Task-30559' coro=<WebSocketProtocol13.write_message.<locals>.wrapper() done, defined at /home/codespace/.local/lib/python3.12/site-packages/tornado/websocket.py:1111> exception=WebSocketClosedError()>
Traceback (most recent call last):
  File "/home/codespace/.local/lib/python3.12/site-packages/tornado/websocket.py", line 1113, in wrapper
    await fut
tornado.iostream.StreamClosedError: Stream is closed

During handling of the above exception, another exception occurred:

Traceback (most recent call last):
  File "/home/codespace/.local/lib/python3.12/site-packages/tornado/websocket.py", line 1115, in wrapper
    raise WebSocketClosedError()
tornado.websocket.WebSocketClosedError
2026-03-31 23:36:29,212 ERROR asyncio Task exception was never retrieved
future: <Task finished name='Task-30560' coro=<WebSocketProtocol13.write_message.<locals>.wrapper() done, defined at /home/codespace/.local/lib/python3.12/site-packages/tornado/websocket.py:1111> exception=WebSocketClosedError()>
Traceback (most recent call last):
  File "/home/codespace/.local/lib/python3.12/site-packages/tornado/websocket.py", line 1113, in wrapper
    await fut
tornado.iostream.StreamClosedError: Stream is closed

During handling of the above exception, another exception occurred:

Traceback (most recent call last):
  File "/home/codespace/.local/lib/python3.12/site-packages/tornado/websocket.py", line 1115, in wrapper
    raise WebSocketClosedError()
tornado.websocket.WebSocketClosedError
2026-03-31 23:36:29,212 ERROR asyncio Task exception was never retrieved
future: <Task finished name='Task-30561' coro=<WebSocketProtocol13.write_message.<locals>.wrapper() done, defined at /home/codespace/.local/lib/python3.12/site-packages/tornado/websocket.py:1111> exception=WebSocketClosedError()>
Traceback (most recent call last):
  File "/home/codespace/.local/lib/python3.12/site-packages/tornado/websocket.py", line 1113, in wrapper
    await fut
tornado.iostream.StreamClosedError: Stream is closed

During handling of the above exception, another exception occurred:

Traceback (most recent call last):
  File "/home/codespace/.local/lib/python3.12/site-packages/tornado/websocket.py", line 1115, in wrapper
    raise WebSocketClosedError()
tornado.websocket.WebSocketClosedError
2026-03-31 23:36:29,213 ERROR asyncio Task exception was never retrieved
future: <Task finished name='Task-30562' coro=<WebSocketProtocol13.write_message.<locals>.wrapper() done, defined at /home/codespace/.local/lib/python3.12/site-packages/tornado/websocket.py:1111> exception=WebSocketClosedError()>
Traceback (most recent call last):
  File "/home/codespace/.local/lib/python3.12/site-packages/tornado/websocket.py", line 1113, in wrapper
    await fut
tornado.iostream.StreamClosedError: Stream is closed

During handling of the above exception, another exception occurred:

Traceback (most recent call last):
  File "/home/codespace/.local/lib/python3.12/site-packages/tornado/websocket.py", line 1115, in wrapper
    raise WebSocketClosedError()
tornado.websocket.WebSocketClosedError
2026-03-31 23:36:29,213 ERROR asyncio Task exception was never retrieved
future: <Task finished name='Task-30563' coro=<WebSocketProtocol13.write_message.<locals>.wrapper() done, defined at /home/codespace/.local/lib/python3.12/site-packages/tornado/websocket.py:1111> exception=WebSocketClosedError()>
Traceback (most recent call last):
  File "/home/codespace/.local/lib/python3.12/site-packages/tornado/websocket.py", line 1113, in wrapper
    await fut
tornado.iostream.StreamClosedError: Stream is closed

During handling of the above exception, another exception occurred:

Traceback (most recent call last):
  File "/home/codespace/.local/lib/python3.12/site-packages/tornado/websocket.py", line 1115, in wrapper
    raise WebSocketClosedError()
tornado.websocket.WebSocketClosedError
2026-03-31 23:36:29,213 ERROR asyncio Task exception was never retrieved
future: <Task finished name='Task-30564' coro=<WebSocketProtocol13.write_message.<locals>.wrapper() done, defined at /home/codespace/.local/lib/python3.12/site-packages/tornado/websocket.py:1111> exception=WebSocketClosedError()>
Traceback (most recent call last):
  File "/home/codespace/.local/lib/python3.12/site-packages/tornado/websocket.py", line 1113, in wrapper
    await fut
tornado.iostream.StreamClosedError: Stream is closed

During handling of the above exception, another exception occurred:

Traceback (most recent call last):
  File "/home/codespace/.local/lib/python3.12/site-packages/tornado/websocket.py", line 1115, in wrapper
    raise WebSocketClosedError()
tornado.websocket.WebSocketClosedError
2026-03-31 23:36:29,214 ERROR asyncio Task exception was never retrieved
future: <Task finished name='Task-30565' coro=<WebSocketProtocol13.write_message.<locals>.wrapper() done, defined at /home/codespace/.local/lib/python3.12/site-packages/tornado/websocket.py:1111> exception=WebSocketClosedError()>
Traceback (most recent call last):
  File "/home/codespace/.local/lib/python3.12/site-packages/tornado/websocket.py", line 1113, in wrapper
    await fut
tornado.iostream.StreamClosedError: Stream is closed

During handling of the above exception, another exception occurred:

Traceback (most recent call last):
  File "/home/codespace/.local/lib/python3.12/site-packages/tornado/websocket.py", line 1115, in wrapper
    raise WebSocketClosedError()
tornado.websocket.WebSocketClosedError
2026-03-31 23:36:29,215 ERROR asyncio Task exception was never retrieved
future: <Task finished name='Task-30566' coro=<WebSocketProtocol13.write_message.<locals>.wrapper() done, defined at /home/codespace/.local/lib/python3.12/site-packages/tornado/websocket.py:1111> exception=WebSocketClosedError()>
Traceback (most recent call last):
  File "/home/codespace/.local/lib/python3.12/site-packages/tornado/websocket.py", line 1113, in wrapper
    await fut
tornado.iostream.StreamClosedError: Stream is closed

During handling of the above exception, another exception occurred:

Traceback (most recent call last):
  File "/home/codespace/.local/lib/python3.12/site-packages/tornado/websocket.py", line 1115, in wrapper
    raise WebSocketClosedError()
tornado.websocket.WebSocketClosedError
2026-03-31 23:36:29,215 ERROR asyncio Task exception was never retrieved
future: <Task finished name='Task-30567' coro=<WebSocketProtocol13.write_message.<locals>.wrapper() done, defined at /home/codespace/.local/lib/python3.12/site-packages/tornado/websocket.py:1111> exception=WebSocketClosedError()>
Traceback (most recent call last):
  File "/home/codespace/.local/lib/python3.12/site-packages/tornado/websocket.py", line 1113, in wrapper
    await fut
tornado.iostream.StreamClosedError: Stream is closed

During handling of the above exception, another exception occurred:

Traceback (most recent call last):
  File "/home/codespace/.local/lib/python3.12/site-packages/tornado/websocket.py", line 1115, in wrapper
    raise WebSocketClosedError()
tornado.websocket.WebSocketClosedError
2026-03-31 23:36:29,216 ERROR asyncio Task exception was never retrieved
future: <Task finished name='Task-30568' coro=<WebSocketProtocol13.write_message.<locals>.wrapper() done, defined at /home/codespace/.local/lib/python3.12/site-packages/tornado/websocket.py:1111> exception=WebSocketClosedError()>
Traceback (most recent call last):
  File "/home/codespace/.local/lib/python3.12/site-packages/tornado/websocket.py", line 1113, in wrapper
    await fut
tornado.iostream.StreamClosedError: Stream is closed

During handling of the above exception, another exception occurred:

Traceback (most recent call last):
  File "/home/codespace/.local/lib/python3.12/site-packages/tornado/websocket.py", line 1115, in wrapper
    raise WebSocketClosedError()
tornado.websocket.WebSocketClosedError
2026-03-31 23:36:29,218 ERROR asyncio Task exception was never retrieved
future: <Task finished name='Task-30569' coro=<WebSocketProtocol13.write_message.<locals>.wrapper() done, defined at /home/codespace/.local/lib/python3.12/site-packages/tornado/websocket.py:1111> exception=WebSocketClosedError()>
Traceback (most recent call last):
  File "/home/codespace/.local/lib/python3.12/site-packages/tornado/websocket.py", line 1113, in wrapper
    await fut
tornado.iostream.StreamClosedError: Stream is closed

During handling of the above exception, another exception occurred:

Traceback (most recent call last):
  File "/home/codespace/.local/lib/python3.12/site-packages/tornado/websocket.py", line 1115, in wrapper
    raise WebSocketClosedError()
tornado.websocket.WebSocketClosedError
2026-03-31 23:36:29,218 ERROR asyncio Task exception was never retrieved
future: <Task finished name='Task-30570' coro=<WebSocketProtocol13.write_message.<locals>.wrapper() done, defined at /home/codespace/.local/lib/python3.12/site-packages/tornado/websocket.py:1111> exception=WebSocketClosedError()>
Traceback (most recent call last):
  File "/home/codespace/.local/lib/python3.12/site-packages/tornado/websocket.py", line 1113, in wrapper
    await fut
tornado.iostream.StreamClosedError: Stream is closed

During handling of the above exception, another exception occurred:

Traceback (most recent call last):
  File "/home/codespace/.local/lib/python3.12/site-packages/tornado/websocket.py", line 1115, in wrapper
    raise WebSocketClosedError()
tornado.websocket.WebSocketClosedError
2026-03-31 23:36:29,219 ERROR asyncio Task exception was never retrieved
future: <Task finished name='Task-30571' coro=<WebSocketProtocol13.write_message.<locals>.wrapper() done, defined at /home/codespace/.local/lib/python3.12/site-packages/tornado/websocket.py:1111> exception=WebSocketClosedError()>
Traceback (most recent call last):
  File "/home/codespace/.local/lib/python3.12/site-packages/tornado/websocket.py", line 1113, in wrapper
    await fut
tornado.iostream.StreamClosedError: Stream is closed

During handling of the above exception, another exception occurred:

Traceback (most recent call last):
  File "/home/codespace/.local/lib/python3.12/site-packages/tornado/websocket.py", line 1115, in wrapper
    raise WebSocketClosedError()
tornado.websocket.WebSocketClosedError
2026-03-31 23:36:29,219 ERROR asyncio Task exception was never retrieved
future: <Task finished name='Task-30572' coro=<WebSocketProtocol13.write_message.<locals>.wrapper() done, defined at /home/codespace/.local/lib/python3.12/site-packages/tornado/websocket.py:1111> exception=WebSocketClosedError()>
Traceback (most recent call last):
  File "/home/codespace/.local/lib/python3.12/site-packages/tornado/websocket.py", line 1113, in wrapper
    await fut
tornado.iostream.StreamClosedError: Stream is closed

During handling of the above exception, another exception occurred:

Traceback (most recent call last):
  File "/home/codespace/.local/lib/python3.12/site-packages/tornado/websocket.py", line 1115, in wrapper
    raise WebSocketClosedError()
tornado.websocket.WebSocketClosedError
2026-03-31 23:36:29,221 ERROR asyncio Task exception was never retrieved
future: <Task finished name='Task-30573' coro=<WebSocketProtocol13.write_message.<locals>.wrapper() done, defined at /home/codespace/.local/lib/python3.12/site-packages/tornado/websocket.py:1111> exception=WebSocketClosedError()>
Traceback (most recent call last):
  File "/home/codespace/.local/lib/python3.12/site-packages/tornado/websocket.py", line 1113, in wrapper
    await fut
tornado.iostream.StreamClosedError: Stream is closed

During handling of the above exception, another exception occurred:

Traceback (most recent call last):
  File "/home/codespace/.local/lib/python3.12/site-packages/tornado/websocket.py", line 1115, in wrapper
    raise WebSocketClosedError()
tornado.websocket.WebSocketClosedError
2026-03-31 23:36:29,222 ERROR asyncio Task exception was never retrieved
future: <Task finished name='Task-30574' coro=<WebSocketProtocol13.write_message.<locals>.wrapper() done, defined at /home/codespace/.local/lib/python3.12/site-packages/tornado/websocket.py:1111> exception=WebSocketClosedError()>
Traceback (most recent call last):
  File "/home/codespace/.local/lib/python3.12/site-packages/tornado/websocket.py", line 1113, in wrapper
    await fut
tornado.iostream.StreamClosedError: Stream is closed

During handling of the above exception, another exception occurred:

Traceback (most recent call last):
  File "/home/codespace/.local/lib/python3.12/site-packages/tornado/websocket.py", line 1115, in wrapper
    raise WebSocketClosedError()
tornado.websocket.WebSocketClosedError
2026-03-31 23:36:29,223 ERROR asyncio Task exception was never retrieved
future: <Task finished name='Task-30575' coro=<WebSocketProtocol13.write_message.<locals>.wrapper() done, defined at /home/codespace/.local/lib/python3.12/site-packages/tornado/websocket.py:1111> exception=WebSocketClosedError()>
Traceback (most recent call last):
  File "/home/codespace/.local/lib/python3.12/site-packages/tornado/websocket.py", line 1113, in wrapper
    await fut
tornado.iostream.StreamClosedError: Stream is closed

During handling of the above exception, another exception occurred:

Traceback (most recent call last):
  File "/home/codespace/.local/lib/python3.12/site-packages/tornado/websocket.py", line 1115, in wrapper
    raise WebSocketClosedError()
tornado.websocket.WebSocketClosedError
2026-03-31 23:36:29,223 ERROR asyncio Task exception was never retrieved
future: <Task finished name='Task-30576' coro=<WebSocketProtocol13.write_message.<locals>.wrapper() done, defined at /home/codespace/.local/lib/python3.12/site-packages/tornado/websocket.py:1111> exception=WebSocketClosedError()>
Traceback (most recent call last):
  File "/home/codespace/.local/lib/python3.12/site-packages/tornado/websocket.py", line 1113, in wrapper
    await fut
tornado.iostream.StreamClosedError: Stream is closed

During handling of the above exception, another exception occurred:

Traceback (most recent call last):
  File "/home/codespace/.local/lib/python3.12/site-packages/tornado/websocket.py", line 1115, in wrapper
    raise WebSocketClosedError()
tornado.websocket.WebSocketClosedError
2026-03-31 23:36:29,224 ERROR asyncio Task exception was never retrieved
future: <Task finished name='Task-30577' coro=<WebSocketProtocol13.write_message.<locals>.wrapper() done, defined at /home/codespace/.local/lib/python3.12/site-packages/tornado/websocket.py:1111> exception=WebSocketClosedError()>
Traceback (most recent call last):
  File "/home/codespace/.local/lib/python3.12/site-packages/tornado/websocket.py", line 1113, in wrapper
    await fut
tornado.iostream.StreamClosedError: Stream is closed

During handling of the above exception, another exception occurred:

Traceback (most recent call last):
  File "/home/codespace/.local/lib/python3.12/site-packages/tornado/websocket.py", line 1115, in wrapper
    raise WebSocketClosedError()
tornado.websocket.WebSocketClosedError
2026-03-31 23:36:29,224 ERROR asyncio Task exception was never retrieved
future: <Task finished name='Task-30578' coro=<WebSocketProtocol13.write_message.<locals>.wrapper() done, defined at /home/codespace/.local/lib/python3.12/site-packages/tornado/websocket.py:1111> exception=WebSocketClosedError()>
Traceback (most recent call last):
  File "/home/codespace/.local/lib/python3.12/site-packages/tornado/websocket.py", line 1113, in wrapper
    await fut
tornado.iostream.StreamClosedError: Stream is closed

During handling of the above exception, another exception occurred:

Traceback (most recent call last):
  File "/home/codespace/.local/lib/python3.12/site-packages/tornado/websocket.py", line 1115, in wrapper
    raise WebSocketClosedError()
tornado.websocket.WebSocketClosedError
2026-03-31 23:36:29,225 ERROR asyncio Task exception was never retrieved
future: <Task finished name='Task-30579' coro=<WebSocketProtocol13.write_message.<locals>.wrapper() done, defined at /home/codespace/.local/lib/python3.12/site-packages/tornado/websocket.py:1111> exception=WebSocketClosedError()>
Traceback (most recent call last):
  File "/home/codespace/.local/lib/python3.12/site-packages/tornado/websocket.py", line 1113, in wrapper
    await fut
tornado.iostream.StreamClosedError: Stream is closed

During handling of the above exception, another exception occurred:

Traceback (most recent call last):
  File "/home/codespace/.local/lib/python3.12/site-packages/tornado/websocket.py", line 1115, in wrapper
    raise WebSocketClosedError()
tornado.websocket.WebSocketClosedError
2026-03-31 23:36:29,226 ERROR asyncio Task exception was never retrieved
future: <Task finished name='Task-30582' coro=<WebSocketProtocol13.write_message.<locals>.wrapper() done, defined at /home/codespace/.local/lib/python3.12/site-packages/tornado/websocket.py:1111> exception=WebSocketClosedError()>
Traceback (most recent call last):
  File "/home/codespace/.local/lib/python3.12/site-packages/tornado/websocket.py", line 1113, in wrapper
    await fut
tornado.iostream.StreamClosedError: Stream is closed

During handling of the above exception, another exception occurred:

Traceback (most recent call last):
  File "/home/codespace/.local/lib/python3.12/site-packages/tornado/websocket.py", line 1115, in wrapper
    raise WebSocketClosedError()
tornado.websocket.WebSocketClosedError
2026-03-31 23:36:29,226 ERROR asyncio Task exception was never retrieved
future: <Task finished name='Task-30583' coro=<WebSocketProtocol13.write_message.<locals>.wrapper() done, defined at /home/codespace/.local/lib/python3.12/site-packages/tornado/websocket.py:1111> exception=WebSocketClosedError()>
Traceback (most recent call last):
  File "/home/codespace/.local/lib/python3.12/site-packages/tornado/websocket.py", line 1113, in wrapper
    await fut
tornado.iostream.StreamClosedError: Stream is closed

During handling of the above exception, another exception occurred:

Traceback (most recent call last):
  File "/home/codespace/.local/lib/python3.12/site-packages/tornado/websocket.py", line 1115, in wrapper
    raise WebSocketClosedError()
tornado.websocket.WebSocketClosedError
2026-03-31 23:36:29,226 ERROR asyncio Task exception was never retrieved
future: <Task finished name='Task-30584' coro=<WebSocketProtocol13.write_message.<locals>.wrapper() done, defined at /home/codespace/.local/lib/python3.12/site-packages/tornado/websocket.py:1111> exception=WebSocketClosedError()>
Traceback (most recent call last):
  File "/home/codespace/.local/lib/python3.12/site-packages/tornado/websocket.py", line 1113, in wrapper
    await fut
tornado.iostream.StreamClosedError: Stream is closed

During handling of the above exception, another exception occurred:

Traceback (most recent call last):
  File "/home/codespace/.local/lib/python3.12/site-packages/tornado/websocket.py", line 1115, in wrapper
    raise WebSocketClosedError()
tornado.websocket.WebSocketClosedError
2026-03-31 23:36:29,227 ERROR asyncio Task exception was never retrieved
future: <Task finished name='Task-30585' coro=<WebSocketProtocol13.write_message.<locals>.wrapper() done, defined at /home/codespace/.local/lib/python3.12/site-packages/tornado/websocket.py:1111> exception=WebSocketClosedError()>
Traceback (most recent call last):
  File "/home/codespace/.local/lib/python3.12/site-packages/tornado/websocket.py", line 1113, in wrapper
    await fut
tornado.iostream.StreamClosedError: Stream is closed

During handling of the above exception, another exception occurred:

Traceback (most recent call last):
  File "/home/codespace/.local/lib/python3.12/site-packages/tornado/websocket.py", line 1115, in wrapper
    raise WebSocketClosedError()
tornado.websocket.WebSocketClosedError
2026-03-31 23:36:29,227 ERROR asyncio Task exception was never retrieved
future: <Task finished name='Task-30588' coro=<WebSocketProtocol13.write_message.<locals>.wrapper() done, defined at /home/codespace/.local/lib/python3.12/site-packages/tornado/websocket.py:1111> exception=WebSocketClosedError()>
Traceback (most recent call last):
  File "/home/codespace/.local/lib/python3.12/site-packages/tornado/websocket.py", line 1113, in wrapper
    await fut
tornado.iostream.StreamClosedError: Stream is closed

During handling of the above exception, another exception occurred:

Traceback (most recent call last):
  File "/home/codespace/.local/lib/python3.12/site-packages/tornado/websocket.py", line 1115, in wrapper
    raise WebSocketClosedError()
tornado.websocket.WebSocketClosedError
2026-03-31 23:36:29,227 ERROR asyncio Task exception was never retrieved
future: <Task finished name='Task-30589' coro=<WebSocketProtocol13.write_message.<locals>.wrapper() done, defined at /home/codespace/.local/lib/python3.12/site-packages/tornado/websocket.py:1111> exception=WebSocketClosedError()>
Traceback (most recent call last):
  File "/home/codespace/.local/lib/python3.12/site-packages/tornado/websocket.py", line 1113, in wrapper
    await fut
tornado.iostream.StreamClosedError: Stream is closed

During handling of the above exception, another exception occurred:

Traceback (most recent call last):
  File "/home/codespace/.local/lib/python3.12/site-packages/tornado/websocket.py", line 1115, in wrapper
    raise WebSocketClosedError()
tornado.websocket.WebSocketClosedError
2026-03-31 23:36:29,228 ERROR asyncio Task exception was never retrieved
future: <Task finished name='Task-30590' coro=<WebSocketProtocol13.write_message.<locals>.wrapper() done, defined at /home/codespace/.local/lib/python3.12/site-packages/tornado/websocket.py:1111> exception=WebSocketClosedError()>
Traceback (most recent call last):
  File "/home/codespace/.local/lib/python3.12/site-packages/tornado/websocket.py", line 1113, in wrapper
    await fut
tornado.iostream.StreamClosedError: Stream is closed

During handling of the above exception, another exception occurred:

Traceback (most recent call last):
  File "/home/codespace/.local/lib/python3.12/site-packages/tornado/websocket.py", line 1115, in wrapper
    raise WebSocketClosedError()
tornado.websocket.WebSocketClosedError
2026-03-31 23:36:29,228 ERROR asyncio Task exception was never retrieved
future: <Task finished name='Task-30591' coro=<WebSocketProtocol13.write_message.<locals>.wrapper() done, defined at /home/codespace/.local/lib/python3.12/site-packages/tornado/websocket.py:1111> exception=WebSocketClosedError()>
Traceback (most recent call last):
  File "/home/codespace/.local/lib/python3.12/site-packages/tornado/websocket.py", line 1113, in wrapper
    await fut
tornado.iostream.StreamClosedError: Stream is closed

During handling of the above exception, another exception occurred:

Traceback (most recent call last):
  File "/home/codespace/.local/lib/python3.12/site-packages/tornado/websocket.py", line 1115, in wrapper
    raise WebSocketClosedError()
tornado.websocket.WebSocketClosedError
2026-03-31 23:36:29,229 ERROR asyncio Task exception was never retrieved
future: <Task finished name='Task-30592' coro=<WebSocketProtocol13.write_message.<locals>.wrapper() done, defined at /home/codespace/.local/lib/python3.12/site-packages/tornado/websocket.py:1111> exception=WebSocketClosedError()>
Traceback (most recent call last):
  File "/home/codespace/.local/lib/python3.12/site-packages/tornado/websocket.py", line 1113, in wrapper
    await fut
tornado.iostream.StreamClosedError: Stream is closed

During handling of the above exception, another exception occurred:

Traceback (most recent call last):
  File "/home/codespace/.local/lib/python3.12/site-packages/tornado/websocket.py", line 1115, in wrapper
    raise WebSocketClosedError()
tornado.websocket.WebSocketClosedError
2026-03-31 23:36:29,229 ERROR asyncio Task exception was never retrieved
future: <Task finished name='Task-30593' coro=<WebSocketProtocol13.write_message.<locals>.wrapper() done, defined at /home/codespace/.local/lib/python3.12/site-packages/tornado/websocket.py:1111> exception=WebSocketClosedError()>
Traceback (most recent call last):
  File "/home/codespace/.local/lib/python3.12/site-packages/tornado/websocket.py", line 1113, in wrapper
    await fut
tornado.iostream.StreamClosedError: Stream is closed

During handling of the above exception, another exception occurred:

Traceback (most recent call last):
  File "/home/codespace/.local/lib/python3.12/site-packages/tornado/websocket.py", line 1115, in wrapper
    raise WebSocketClosedError()
tornado.websocket.WebSocketClosedError
2026-03-31 23:36:29,230 ERROR asyncio Task exception was never retrieved
future: <Task finished name='Task-30594' coro=<WebSocketProtocol13.write_message.<locals>.wrapper() done, defined at /home/codespace/.local/lib/python3.12/site-packages/tornado/websocket.py:1111> exception=WebSocketClosedError()>
Traceback (most recent call last):
  File "/home/codespace/.local/lib/python3.12/site-packages/tornado/websocket.py", line 1113, in wrapper
    await fut
tornado.iostream.StreamClosedError: Stream is closed

During handling of the above exception, another exception occurred:

Traceback (most recent call last):
  File "/home/codespace/.local/lib/python3.12/site-packages/tornado/websocket.py", line 1115, in wrapper
    raise WebSocketClosedError()
tornado.websocket.WebSocketClosedError
2026-03-31 23:36:29,230 ERROR asyncio Task exception was never retrieved
future: <Task finished name='Task-30595' coro=<WebSocketProtocol13.write_message.<locals>.wrapper() done, defined at /home/codespace/.local/lib/python3.12/site-packages/tornado/websocket.py:1111> exception=WebSocketClosedError()>
Traceback (most recent call last):
  File "/home/codespace/.local/lib/python3.12/site-packages/tornado/websocket.py", line 1113, in wrapper
    await fut
tornado.iostream.StreamClosedError: Stream is closed

During handling of the above exception, another exception occurred:

Traceback (most recent call last):
  File "/home/codespace/.local/lib/python3.12/site-packages/tornado/websocket.py", line 1115, in wrapper
    raise WebSocketClosedError()
tornado.websocket.WebSocketClosedError
2026-03-31 23:36:29,230 ERROR asyncio Task exception was never retrieved
future: <Task finished name='Task-30596' coro=<WebSocketProtocol13.write_message.<locals>.wrapper() done, defined at /home/codespace/.local/lib/python3.12/site-packages/tornado/websocket.py:1111> exception=WebSocketClosedError()>
Traceback (most recent call last):
  File "/home/codespace/.local/lib/python3.12/site-packages/tornado/websocket.py", line 1113, in wrapper
    await fut
tornado.iostream.StreamClosedError: Stream is closed

During handling of the above exception, another exception occurred:

Traceback (most recent call last):
  File "/home/codespace/.local/lib/python3.12/site-packages/tornado/websocket.py", line 1115, in wrapper
    raise WebSocketClosedError()
tornado.websocket.WebSocketClosedError
2026-03-31 23:36:29,231 ERROR asyncio Task exception was never retrieved
future: <Task finished name='Task-30597' coro=<WebSocketProtocol13.write_message.<locals>.wrapper() done, defined at /home/codespace/.local/lib/python3.12/site-packages/tornado/websocket.py:1111> exception=WebSocketClosedError()>
Traceback (most recent call last):
  File "/home/codespace/.local/lib/python3.12/site-packages/tornado/websocket.py", line 1113, in wrapper
    await fut
tornado.iostream.StreamClosedError: Stream is closed

During handling of the above exception, another exception occurred:

Traceback (most recent call last):
  File "/home/codespace/.local/lib/python3.12/site-packages/tornado/websocket.py", line 1115, in wrapper
    raise WebSocketClosedError()
tornado.websocket.WebSocketClosedError
2026-03-31 23:36:29,231 ERROR asyncio Task exception was never retrieved
future: <Task finished name='Task-30598' coro=<WebSocketProtocol13.write_message.<locals>.wrapper() done, defined at /home/codespace/.local/lib/python3.12/site-packages/tornado/websocket.py:1111> exception=WebSocketClosedError()>
Traceback (most recent call last):
  File "/home/codespace/.local/lib/python3.12/site-packages/tornado/websocket.py", line 1113, in wrapper
    await fut
tornado.iostream.StreamClosedError: Stream is closed

During handling of the above exception, another exception occurred:

Traceback (most recent call last):
  File "/home/codespace/.local/lib/python3.12/site-packages/tornado/websocket.py", line 1115, in wrapper
    raise WebSocketClosedError()
tornado.websocket.WebSocketClosedError
2026-03-31 23:36:29,231 ERROR asyncio Task exception was never retrieved
future: <Task finished name='Task-30601' coro=<WebSocketProtocol13.write_message.<locals>.wrapper() done, defined at /home/codespace/.local/lib/python3.12/site-packages/tornado/websocket.py:1111> exception=WebSocketClosedError()>
Traceback (most recent call last):
  File "/home/codespace/.local/lib/python3.12/site-packages/tornado/websocket.py", line 1113, in wrapper
    await fut
tornado.iostream.StreamClosedError: Stream is closed

During handling of the above exception, another exception occurred:

Traceback (most recent call last):
  File "/home/codespace/.local/lib/python3.12/site-packages/tornado/websocket.py", line 1115, in wrapper
    raise WebSocketClosedError()
tornado.websocket.WebSocketClosedError
2026-03-31 23:36:29,231 ERROR asyncio Task exception was never retrieved
future: <Task finished name='Task-30602' coro=<WebSocketProtocol13.write_message.<locals>.wrapper() done, defined at /home/codespace/.local/lib/python3.12/site-packages/tornado/websocket.py:1111> exception=WebSocketClosedError()>
Traceback (most recent call last):
  File "/home/codespace/.local/lib/python3.12/site-packages/tornado/websocket.py", line 1113, in wrapper
    await fut
tornado.iostream.StreamClosedError: Stream is closed

During handling of the above exception, another exception occurred:

Traceback (most recent call last):
  File "/home/codespace/.local/lib/python3.12/site-packages/tornado/websocket.py", line 1115, in wrapper
    raise WebSocketClosedError()
tornado.websocket.WebSocketClosedError
2026-03-31 23:36:29,232 ERROR asyncio Task exception was never retrieved
future: <Task finished name='Task-30603' coro=<WebSocketProtocol13.write_message.<locals>.wrapper() done, defined at /home/codespace/.local/lib/python3.12/site-packages/tornado/websocket.py:1111> exception=WebSocketClosedError()>
Traceback (most recent call last):
  File "/home/codespace/.local/lib/python3.12/site-packages/tornado/websocket.py", line 1113, in wrapper
    await fut
tornado.iostream.StreamClosedError: Stream is closed

During handling of the above exception, another exception occurred:

Traceback (most recent call last):
  File "/home/codespace/.local/lib/python3.12/site-packages/tornado/websocket.py", line 1115, in wrapper
    raise WebSocketClosedError()
tornado.websocket.WebSocketClosedError
2026-03-31 23:36:29,232 ERROR asyncio Task exception was never retrieved
future: <Task finished name='Task-30604' coro=<WebSocketProtocol13.write_message.<locals>.wrapper() done, defined at /home/codespace/.local/lib/python3.12/site-packages/tornado/websocket.py:1111> exception=WebSocketClosedError()>
Traceback (most recent call last):
  File "/home/codespace/.local/lib/python3.12/site-packages/tornado/websocket.py", line 1113, in wrapper
    await fut
tornado.iostream.StreamClosedError: Stream is closed

During handling of the above exception, another exception occurred:

Traceback (most recent call last):
  File "/home/codespace/.local/lib/python3.12/site-packages/tornado/websocket.py", line 1115, in wrapper
    raise WebSocketClosedError()
tornado.websocket.WebSocketClosedError
2026-03-31 23:36:29,232 ERROR asyncio Task exception was never retrieved
future: <Task finished name='Task-30605' coro=<WebSocketProtocol13.write_message.<locals>.wrapper() done, defined at /home/codespace/.local/lib/python3.12/site-packages/tornado/websocket.py:1111> exception=WebSocketClosedError()>
Traceback (most recent call last):
  File "/home/codespace/.local/lib/python3.12/site-packages/tornado/websocket.py", line 1113, in wrapper
    await fut
tornado.iostream.StreamClosedError: Stream is closed

During handling of the above exception, another exception occurred:

Traceback (most recent call last):
  File "/home/codespace/.local/lib/python3.12/site-packages/tornado/websocket.py", line 1115, in wrapper
    raise WebSocketClosedError()
tornado.websocket.WebSocketClosedError
2026-03-31 23:36:29,233 ERROR asyncio Task exception was never retrieved
future: <Task finished name='Task-30606' coro=<WebSocketProtocol13.write_message.<locals>.wrapper() done, defined at /home/codespace/.local/lib/python3.12/site-packages/tornado/websocket.py:1111> exception=WebSocketClosedError()>
Traceback (most recent call last):
  File "/home/codespace/.local/lib/python3.12/site-packages/tornado/websocket.py", line 1113, in wrapper
    await fut
tornado.iostream.StreamClosedError: Stream is closed

During handling of the above exception, another exception occurred:

Traceback (most recent call last):
  File "/home/codespace/.local/lib/python3.12/site-packages/tornado/websocket.py", line 1115, in wrapper
    raise WebSocketClosedError()
tornado.websocket.WebSocketClosedError
2026-03-31 23:36:29,233 ERROR asyncio Task exception was never retrieved
future: <Task finished name='Task-30607' coro=<WebSocketProtocol13.write_message.<locals>.wrapper() done, defined at /home/codespace/.local/lib/python3.12/site-packages/tornado/websocket.py:1111> exception=WebSocketClosedError()>
Traceback (most recent call last):
  File "/home/codespace/.local/lib/python3.12/site-packages/tornado/websocket.py", line 1113, in wrapper
    await fut
tornado.iostream.StreamClosedError: Stream is closed

During handling of the above exception, another exception occurred:

Traceback (most recent call last):
  File "/home/codespace/.local/lib/python3.12/site-packages/tornado/websocket.py", line 1115, in wrapper
    raise WebSocketClosedError()
tornado.websocket.WebSocketClosedError
2026-03-31 23:36:29,233 ERROR asyncio Task exception was never retrieved
future: <Task finished name='Task-30608' coro=<WebSocketProtocol13.write_message.<locals>.wrapper() done, defined at /home/codespace/.local/lib/python3.12/site-packages/tornado/websocket.py:1111> exception=WebSocketClosedError()>
Traceback (most recent call last):
  File "/home/codespace/.local/lib/python3.12/site-packages/tornado/websocket.py", line 1113, in wrapper
    await fut
tornado.iostream.StreamClosedError: Stream is closed

During handling of the above exception, another exception occurred:

Traceback (most recent call last):
  File "/home/codespace/.local/lib/python3.12/site-packages/tornado/websocket.py", line 1115, in wrapper
    raise WebSocketClosedError()
tornado.websocket.WebSocketClosedError
2026-03-31 23:36:29,234 ERROR asyncio Task exception was never retrieved
future: <Task finished name='Task-30609' coro=<WebSocketProtocol13.write_message.<locals>.wrapper() done, defined at /home/codespace/.local/lib/python3.12/site-packages/tornado/websocket.py:1111> exception=WebSocketClosedError()>
Traceback (most recent call last):
  File "/home/codespace/.local/lib/python3.12/site-packages/tornado/websocket.py", line 1113, in wrapper
    await fut
tornado.iostream.StreamClosedError: Stream is closed

During handling of the above exception, another exception occurred:

Traceback (most recent call last):
  File "/home/codespace/.local/lib/python3.12/site-packages/tornado/websocket.py", line 1115, in wrapper
    raise WebSocketClosedError()
tornado.websocket.WebSocketClosedError
2026-03-31 23:36:29,234 ERROR asyncio Task exception was never retrieved
future: <Task finished name='Task-30610' coro=<WebSocketProtocol13.write_message.<locals>.wrapper() done, defined at /home/codespace/.local/lib/python3.12/site-packages/tornado/websocket.py:1111> exception=WebSocketClosedError()>
Traceback (most recent call last):
  File "/home/codespace/.local/lib/python3.12/site-packages/tornado/websocket.py", line 1113, in wrapper
    await fut
tornado.iostream.StreamClosedError: Stream is closed

During handling of the above exception, another exception occurred:

Traceback (most recent call last):
  File "/home/codespace/.local/lib/python3.12/site-packages/tornado/websocket.py", line 1115, in wrapper
    raise WebSocketClosedError()
tornado.websocket.WebSocketClosedError
2026-03-31 23:36:29,234 ERROR asyncio Task exception was never retrieved
future: <Task finished name='Task-30611' coro=<WebSocketProtocol13.write_message.<locals>.wrapper() done, defined at /home/codespace/.local/lib/python3.12/site-packages/tornado/websocket.py:1111> exception=WebSocketClosedError()>
Traceback (most recent call last):
  File "/home/codespace/.local/lib/python3.12/site-packages/tornado/websocket.py", line 1113, in wrapper
    await fut
tornado.iostream.StreamClosedError: Stream is closed

During handling of the above exception, another exception occurred:

Traceback (most recent call last):
  File "/home/codespace/.local/lib/python3.12/site-packages/tornado/websocket.py", line 1115, in wrapper
    raise WebSocketClosedError()
tornado.websocket.WebSocketClosedError
2026-03-31 23:36:29,234 ERROR asyncio Task exception was never retrieved
future: <Task finished name='Task-30612' coro=<WebSocketProtocol13.write_message.<locals>.wrapper() done, defined at /home/codespace/.local/lib/python3.12/site-packages/tornado/websocket.py:1111> exception=WebSocketClosedError()>
Traceback (most recent call last):
  File "/home/codespace/.local/lib/python3.12/site-packages/tornado/websocket.py", line 1113, in wrapper
    await fut
tornado.iostream.StreamClosedError: Stream is closed

During handling of the above exception, another exception occurred:

Traceback (most recent call last):
  File "/home/codespace/.local/lib/python3.12/site-packages/tornado/websocket.py", line 1115, in wrapper
    raise WebSocketClosedError()
tornado.websocket.WebSocketClosedError
2026-03-31 23:36:29,235 ERROR asyncio Task exception was never retrieved
future: <Task finished name='Task-30613' coro=<WebSocketProtocol13.write_message.<locals>.wrapper() done, defined at /home/codespace/.local/lib/python3.12/site-packages/tornado/websocket.py:1111> exception=WebSocketClosedError()>
Traceback (most recent call last):
  File "/home/codespace/.local/lib/python3.12/site-packages/tornado/websocket.py", line 1113, in wrapper
    await fut
tornado.iostream.StreamClosedError: Stream is closed

During handling of the above exception, another exception occurred:

Traceback (most recent call last):
  File "/home/codespace/.local/lib/python3.12/site-packages/tornado/websocket.py", line 1115, in wrapper
    raise WebSocketClosedError()
tornado.websocket.WebSocketClosedError
2026-03-31 23:36:29,235 ERROR asyncio Task exception was never retrieved
future: <Task finished name='Task-30614' coro=<WebSocketProtocol13.write_message.<locals>.wrapper() done, defined at /home/codespace/.local/lib/python3.12/site-packages/tornado/websocket.py:1111> exception=WebSocketClosedError()>
Traceback (most recent call last):
  File "/home/codespace/.local/lib/python3.12/site-packages/tornado/websocket.py", line 1113, in wrapper
    await fut
tornado.iostream.StreamClosedError: Stream is closed

During handling of the above exception, another exception occurred:

Traceback (most recent call last):
  File "/home/codespace/.local/lib/python3.12/site-packages/tornado/websocket.py", line 1115, in wrapper
    raise WebSocketClosedError()
tornado.websocket.WebSocketClosedError
2026-03-31 23:36:29,236 ERROR asyncio Task exception was never retrieved
future: <Task finished name='Task-30615' coro=<WebSocketProtocol13.write_message.<locals>.wrapper() done, defined at /home/codespace/.local/lib/python3.12/site-packages/tornado/websocket.py:1111> exception=WebSocketClosedError()>
Traceback (most recent call last):
  File "/home/codespace/.local/lib/python3.12/site-packages/tornado/websocket.py", line 1113, in wrapper
    await fut
tornado.iostream.StreamClosedError: Stream is closed

During handling of the above exception, another exception occurred:

Traceback (most recent call last):
  File "/home/codespace/.local/lib/python3.12/site-packages/tornado/websocket.py", line 1115, in wrapper
    raise WebSocketClosedError()
tornado.websocket.WebSocketClosedError
2026-03-31 23:36:29,236 ERROR asyncio Task exception was never retrieved
future: <Task finished name='Task-30616' coro=<WebSocketProtocol13.write_message.<locals>.wrapper() done, defined at /home/codespace/.local/lib/python3.12/site-packages/tornado/websocket.py:1111> exception=WebSocketClosedError()>
Traceback (most recent call last):
  File "/home/codespace/.local/lib/python3.12/site-packages/tornado/websocket.py", line 1113, in wrapper
    await fut
tornado.iostream.StreamClosedError: Stream is closed

During handling of the above exception, another exception occurred:

Traceback (most recent call last):
  File "/home/codespace/.local/lib/python3.12/site-packages/tornado/websocket.py", line 1115, in wrapper
    raise WebSocketClosedError()
tornado.websocket.WebSocketClosedError
2026-03-31 23:36:29,237 ERROR asyncio Task exception was never retrieved
future: <Task finished name='Task-30617' coro=<WebSocketProtocol13.write_message.<locals>.wrapper() done, defined at /home/codespace/.local/lib/python3.12/site-packages/tornado/websocket.py:1111> exception=WebSocketClosedError()>
Traceback (most recent call last):
  File "/home/codespace/.local/lib/python3.12/site-packages/tornado/websocket.py", line 1113, in wrapper
    await fut
tornado.iostream.StreamClosedError: Stream is closed

During handling of the above exception, another exception occurred:

Traceback (most recent call last):
  File "/home/codespace/.local/lib/python3.12/site-packages/tornado/websocket.py", line 1115, in wrapper
    raise WebSocketClosedError()
tornado.websocket.WebSocketClosedError
2026-03-31 23:36:29,237 ERROR asyncio Task exception was never retrieved
future: <Task finished name='Task-30618' coro=<WebSocketProtocol13.write_message.<locals>.wrapper() done, defined at /home/codespace/.local/lib/python3.12/site-packages/tornado/websocket.py:1111> exception=WebSocketClosedError()>
Traceback (most recent call last):
  File "/home/codespace/.local/lib/python3.12/site-packages/tornado/websocket.py", line 1113, in wrapper
    await fut
tornado.iostream.StreamClosedError: Stream is closed

During handling of the above exception, another exception occurred:

Traceback (most recent call last):
  File "/home/codespace/.local/lib/python3.12/site-packages/tornado/websocket.py", line 1115, in wrapper
    raise WebSocketClosedError()
tornado.websocket.WebSocketClosedError
2026-03-31 23:36:29,237 ERROR asyncio Task exception was never retrieved
future: <Task finished name='Task-30619' coro=<WebSocketProtocol13.write_message.<locals>.wrapper() done, defined at /home/codespace/.local/lib/python3.12/site-packages/tornado/websocket.py:1111> exception=WebSocketClosedError()>
Traceback (most recent call last):
  File "/home/codespace/.local/lib/python3.12/site-packages/tornado/websocket.py", line 1113, in wrapper
    await fut
tornado.iostream.StreamClosedError: Stream is closed

During handling of the above exception, another exception occurred:

Traceback (most recent call last):
  File "/home/codespace/.local/lib/python3.12/site-packages/tornado/websocket.py", line 1115, in wrapper
    raise WebSocketClosedError()
tornado.websocket.WebSocketClosedError
2026-03-31 23:36:29,238 ERROR asyncio Task exception was never retrieved
future: <Task finished name='Task-30620' coro=<WebSocketProtocol13.write_message.<locals>.wrapper() done, defined at /home/codespace/.local/lib/python3.12/site-packages/tornado/websocket.py:1111> exception=WebSocketClosedError()>
Traceback (most recent call last):
  File "/home/codespace/.local/lib/python3.12/site-packages/tornado/websocket.py", line 1113, in wrapper
    await fut
tornado.iostream.StreamClosedError: Stream is closed

During handling of the above exception, another exception occurred:

Traceback (most recent call last):
  File "/home/codespace/.local/lib/python3.12/site-packages/tornado/websocket.py", line 1115, in wrapper
    raise WebSocketClosedError()
tornado.websocket.WebSocketClosedError
2026-03-31 23:36:29,238 ERROR asyncio Task exception was never retrieved
future: <Task finished name='Task-30621' coro=<WebSocketProtocol13.write_message.<locals>.wrapper() done, defined at /home/codespace/.local/lib/python3.12/site-packages/tornado/websocket.py:1111> exception=WebSocketClosedError()>
Traceback (most recent call last):
  File "/home/codespace/.local/lib/python3.12/site-packages/tornado/websocket.py", line 1113, in wrapper
    await fut
tornado.iostream.StreamClosedError: Stream is closed

During handling of the above exception, another exception occurred:

Traceback (most recent call last):
  File "/home/codespace/.local/lib/python3.12/site-packages/tornado/websocket.py", line 1115, in wrapper
    raise WebSocketClosedError()
tornado.websocket.WebSocketClosedError
2026-03-31 23:36:29,239 ERROR asyncio Task exception was never retrieved
future: <Task finished name='Task-30622' coro=<WebSocketProtocol13.write_message.<locals>.wrapper() done, defined at /home/codespace/.local/lib/python3.12/site-packages/tornado/websocket.py:1111> exception=WebSocketClosedError()>
Traceback (most recent call last):
  File "/home/codespace/.local/lib/python3.12/site-packages/tornado/websocket.py", line 1113, in wrapper
    await fut
tornado.iostream.StreamClosedError: Stream is closed

During handling of the above exception, another exception occurred:

Traceback (most recent call last):
  File "/home/codespace/.local/lib/python3.12/site-packages/tornado/websocket.py", line 1115, in wrapper
    raise WebSocketClosedError()
tornado.websocket.WebSocketClosedError
2026-03-31 23:36:29,239 ERROR asyncio Task exception was never retrieved
future: <Task finished name='Task-30623' coro=<WebSocketProtocol13.write_message.<locals>.wrapper() done, defined at /home/codespace/.local/lib/python3.12/site-packages/tornado/websocket.py:1111> exception=WebSocketClosedError()>
Traceback (most recent call last):
  File "/home/codespace/.local/lib/python3.12/site-packages/tornado/websocket.py", line 1113, in wrapper
    await fut
tornado.iostream.StreamClosedError: Stream is closed

During handling of the above exception, another exception occurred:

Traceback (most recent call last):
  File "/home/codespace/.local/lib/python3.12/site-packages/tornado/websocket.py", line 1115, in wrapper
    raise WebSocketClosedError()
tornado.websocket.WebSocketClosedError
2026-03-31 23:36:29,240 ERROR asyncio Task exception was never retrieved
future: <Task finished name='Task-30624' coro=<WebSocketProtocol13.write_message.<locals>.wrapper() done, defined at /home/codespace/.local/lib/python3.12/site-packages/tornado/websocket.py:1111> exception=WebSocketClosedError()>
Traceback (most recent call last):
  File "/home/codespace/.local/lib/python3.12/site-packages/tornado/websocket.py", line 1113, in wrapper
    await fut
tornado.iostream.StreamClosedError: Stream is closed

During handling of the above exception, another exception occurred:

Traceback (most recent call last):
  File "/home/codespace/.local/lib/python3.12/site-packages/tornado/websocket.py", line 1115, in wrapper
    raise WebSocketClosedError()
tornado.websocket.WebSocketClosedError
2026-03-31 23:36:29,240 ERROR asyncio Task exception was never retrieved
future: <Task finished name='Task-30625' coro=<WebSocketProtocol13.write_message.<locals>.wrapper() done, defined at /home/codespace/.local/lib/python3.12/site-packages/tornado/websocket.py:1111> exception=WebSocketClosedError()>
Traceback (most recent call last):
  File "/home/codespace/.local/lib/python3.12/site-packages/tornado/websocket.py", line 1113, in wrapper
    await fut
tornado.iostream.StreamClosedError: Stream is closed

During handling of the above exception, another exception occurred:

Traceback (most recent call last):
  File "/home/codespace/.local/lib/python3.12/site-packages/tornado/websocket.py", line 1115, in wrapper
    raise WebSocketClosedError()
tornado.websocket.WebSocketClosedError
2026-03-31 23:36:29,241 ERROR asyncio Task exception was never retrieved
future: <Task finished name='Task-30626' coro=<WebSocketProtocol13.write_message.<locals>.wrapper() done, defined at /home/codespace/.local/lib/python3.12/site-packages/tornado/websocket.py:1111> exception=WebSocketClosedError()>
Traceback (most recent call last):
  File "/home/codespace/.local/lib/python3.12/site-packages/tornado/websocket.py", line 1113, in wrapper
    await fut
tornado.iostream.StreamClosedError: Stream is closed

During handling of the above exception, another exception occurred:

Traceback (most recent call last):
  File "/home/codespace/.local/lib/python3.12/site-packages/tornado/websocket.py", line 1115, in wrapper
    raise WebSocketClosedError()
tornado.websocket.WebSocketClosedError
2026-03-31 23:36:29,241 ERROR asyncio Task exception was never retrieved
future: <Task finished name='Task-30627' coro=<WebSocketProtocol13.write_message.<locals>.wrapper() done, defined at /home/codespace/.local/lib/python3.12/site-packages/tornado/websocket.py:1111> exception=WebSocketClosedError()>
Traceback (most recent call last):
  File "/home/codespace/.local/lib/python3.12/site-packages/tornado/websocket.py", line 1113, in wrapper
    await fut
tornado.iostream.StreamClosedError: Stream is closed

During handling of the above exception, another exception occurred:

Traceback (most recent call last):
  File "/home/codespace/.local/lib/python3.12/site-packages/tornado/websocket.py", line 1115, in wrapper
    raise WebSocketClosedError()
tornado.websocket.WebSocketClosedError
2026-03-31 23:36:29,241 ERROR asyncio Task exception was never retrieved
future: <Task finished name='Task-30628' coro=<WebSocketProtocol13.write_message.<locals>.wrapper() done, defined at /home/codespace/.local/lib/python3.12/site-packages/tornado/websocket.py:1111> exception=WebSocketClosedError()>
Traceback (most recent call last):
  File "/home/codespace/.local/lib/python3.12/site-packages/tornado/websocket.py", line 1113, in wrapper
    await fut
tornado.iostream.StreamClosedError: Stream is closed

During handling of the above exception, another exception occurred:

Traceback (most recent call last):
  File "/home/codespace/.local/lib/python3.12/site-packages/tornado/websocket.py", line 1115, in wrapper
    raise WebSocketClosedError()
tornado.websocket.WebSocketClosedError
2026-03-31 23:36:29,242 ERROR asyncio Task exception was never retrieved
future: <Task finished name='Task-30629' coro=<WebSocketProtocol13.write_message.<locals>.wrapper() done, defined at /home/codespace/.local/lib/python3.12/site-packages/tornado/websocket.py:1111> exception=WebSocketClosedError()>
Traceback (most recent call last):
  File "/home/codespace/.local/lib/python3.12/site-packages/tornado/websocket.py", line 1113, in wrapper
    await fut
tornado.iostream.StreamClosedError: Stream is closed

During handling of the above exception, another exception occurred:

Traceback (most recent call last):
  File "/home/codespace/.local/lib/python3.12/site-packages/tornado/websocket.py", line 1115, in wrapper
    raise WebSocketClosedError()
tornado.websocket.WebSocketClosedError
2026-03-31 23:36:29,242 ERROR asyncio Task exception was never retrieved
future: <Task finished name='Task-30630' coro=<WebSocketProtocol13.write_message.<locals>.wrapper() done, defined at /home/codespace/.local/lib/python3.12/site-packages/tornado/websocket.py:1111> exception=WebSocketClosedError()>
Traceback (most recent call last):
  File "/home/codespace/.local/lib/python3.12/site-packages/tornado/websocket.py", line 1113, in wrapper
    await fut
tornado.iostream.StreamClosedError: Stream is closed

During handling of the above exception, another exception occurred:

Traceback (most recent call last):
  File "/home/codespace/.local/lib/python3.12/site-packages/tornado/websocket.py", line 1115, in wrapper
    raise WebSocketClosedError()
tornado.websocket.WebSocketClosedError
2026-03-31 23:36:29,243 ERROR asyncio Task exception was never retrieved
future: <Task finished name='Task-30631' coro=<WebSocketProtocol13.write_message.<locals>.wrapper() done, defined at /home/codespace/.local/lib/python3.12/site-packages/tornado/websocket.py:1111> exception=WebSocketClosedError()>
Traceback (most recent call last):
  File "/home/codespace/.local/lib/python3.12/site-packages/tornado/websocket.py", line 1113, in wrapper
    await fut
tornado.iostream.StreamClosedError: Stream is closed

During handling of the above exception, another exception occurred:

Traceback (most recent call last):
  File "/home/codespace/.local/lib/python3.12/site-packages/tornado/websocket.py", line 1115, in wrapper
    raise WebSocketClosedError()
tornado.websocket.WebSocketClosedError
2026-03-31 23:36:29,243 ERROR asyncio Task exception was never retrieved
future: <Task finished name='Task-30632' coro=<WebSocketProtocol13.write_message.<locals>.wrapper() done, defined at /home/codespace/.local/lib/python3.12/site-packages/tornado/websocket.py:1111> exception=WebSocketClosedError()>
Traceback (most recent call last):
  File "/home/codespace/.local/lib/python3.12/site-packages/tornado/websocket.py", line 1113, in wrapper
    await fut
tornado.iostream.StreamClosedError: Stream is closed

During handling of the above exception, another exception occurred:

Traceback (most recent call last):
  File "/home/codespace/.local/lib/python3.12/site-packages/tornado/websocket.py", line 1115, in wrapper
    raise WebSocketClosedError()
tornado.websocket.WebSocketClosedError
2026-03-31 23:36:29,243 ERROR asyncio Task exception was never retrieved
future: <Task finished name='Task-30633' coro=<WebSocketProtocol13.write_message.<locals>.wrapper() done, defined at /home/codespace/.local/lib/python3.12/site-packages/tornado/websocket.py:1111> exception=WebSocketClosedError()>
Traceback (most recent call last):
  File "/home/codespace/.local/lib/python3.12/site-packages/tornado/websocket.py", line 1113, in wrapper
    await fut
tornado.iostream.StreamClosedError: Stream is closed

During handling of the above exception, another exception occurred:

Traceback (most recent call last):
  File "/home/codespace/.local/lib/python3.12/site-packages/tornado/websocket.py", line 1115, in wrapper
    raise WebSocketClosedError()
tornado.websocket.WebSocketClosedError
2026-03-31 23:36:29,244 ERROR asyncio Task exception was never retrieved
future: <Task finished name='Task-30634' coro=<WebSocketProtocol13.write_message.<locals>.wrapper() done, defined at /home/codespace/.local/lib/python3.12/site-packages/tornado/websocket.py:1111> exception=WebSocketClosedError()>
Traceback (most recent call last):
  File "/home/codespace/.local/lib/python3.12/site-packages/tornado/websocket.py", line 1113, in wrapper
    await fut
tornado.iostream.StreamClosedError: Stream is closed

During handling of the above exception, another exception occurred:

Traceback (most recent call last):
  File "/home/codespace/.local/lib/python3.12/site-packages/tornado/websocket.py", line 1115, in wrapper
    raise WebSocketClosedError()
tornado.websocket.WebSocketClosedError
2026-03-31 23:36:29,244 ERROR asyncio Task exception was never retrieved
future: <Task finished name='Task-30635' coro=<WebSocketProtocol13.write_message.<locals>.wrapper() done, defined at /home/codespace/.local/lib/python3.12/site-packages/tornado/websocket.py:1111> exception=WebSocketClosedError()>
Traceback (most recent call last):
  File "/home/codespace/.local/lib/python3.12/site-packages/tornado/websocket.py", line 1113, in wrapper
    await fut
tornado.iostream.StreamClosedError: Stream is closed

During handling of the above exception, another exception occurred:

Traceback (most recent call last):
  File "/home/codespace/.local/lib/python3.12/site-packages/tornado/websocket.py", line 1115, in wrapper
    raise WebSocketClosedError()
tornado.websocket.WebSocketClosedError
2026-03-31 23:36:29,244 ERROR asyncio Task exception was never retrieved
future: <Task finished name='Task-30636' coro=<WebSocketProtocol13.write_message.<locals>.wrapper() done, defined at /home/codespace/.local/lib/python3.12/site-packages/tornado/websocket.py:1111> exception=WebSocketClosedError()>
Traceback (most recent call last):
  File "/home/codespace/.local/lib/python3.12/site-packages/tornado/websocket.py", line 1113, in wrapper
    await fut
tornado.iostream.StreamClosedError: Stream is closed

During handling of the above exception, another exception occurred:

Traceback (most recent call last):
  File "/home/codespace/.local/lib/python3.12/site-packages/tornado/websocket.py", line 1115, in wrapper
    raise WebSocketClosedError()
tornado.websocket.WebSocketClosedError
2026-03-31 23:36:29,245 ERROR asyncio Task exception was never retrieved
future: <Task finished name='Task-30637' coro=<WebSocketProtocol13.write_message.<locals>.wrapper() done, defined at /home/codespace/.local/lib/python3.12/site-packages/tornado/websocket.py:1111> exception=WebSocketClosedError()>
Traceback (most recent call last):
  File "/home/codespace/.local/lib/python3.12/site-packages/tornado/websocket.py", line 1113, in wrapper
    await fut
tornado.iostream.StreamClosedError: Stream is closed

During handling of the above exception, another exception occurred:

Traceback (most recent call last):
  File "/home/codespace/.local/lib/python3.12/site-packages/tornado/websocket.py", line 1115, in wrapper
    raise WebSocketClosedError()
tornado.websocket.WebSocketClosedError
2026-03-31 23:36:29,245 ERROR asyncio Task exception was never retrieved
future: <Task finished name='Task-30638' coro=<WebSocketProtocol13.write_message.<locals>.wrapper() done, defined at /home/codespace/.local/lib/python3.12/site-packages/tornado/websocket.py:1111> exception=WebSocketClosedError()>
Traceback (most recent call last):
  File "/home/codespace/.local/lib/python3.12/site-packages/tornado/websocket.py", line 1113, in wrapper
    await fut
tornado.iostream.StreamClosedError: Stream is closed

During handling of the above exception, another exception occurred:

Traceback (most recent call last):
  File "/home/codespace/.local/lib/python3.12/site-packages/tornado/websocket.py", line 1115, in wrapper
    raise WebSocketClosedError()
tornado.websocket.WebSocketClosedError
2026-03-31 23:36:29,245 ERROR asyncio Task exception was never retrieved
future: <Task finished name='Task-30639' coro=<WebSocketProtocol13.write_message.<locals>.wrapper() done, defined at /home/codespace/.local/lib/python3.12/site-packages/tornado/websocket.py:1111> exception=WebSocketClosedError()>
Traceback (most recent call last):
  File "/home/codespace/.local/lib/python3.12/site-packages/tornado/websocket.py", line 1113, in wrapper
    await fut
tornado.iostream.StreamClosedError: Stream is closed

During handling of the above exception, another exception occurred:

Traceback (most recent call last):
  File "/home/codespace/.local/lib/python3.12/site-packages/tornado/websocket.py", line 1115, in wrapper
    raise WebSocketClosedError()
tornado.websocket.WebSocketClosedError
2026-03-31 23:36:29,246 ERROR asyncio Task exception was never retrieved
future: <Task finished name='Task-30640' coro=<WebSocketProtocol13.write_message.<locals>.wrapper() done, defined at /home/codespace/.local/lib/python3.12/site-packages/tornado/websocket.py:1111> exception=WebSocketClosedError()>
Traceback (most recent call last):
  File "/home/codespace/.local/lib/python3.12/site-packages/tornado/websocket.py", line 1113, in wrapper
    await fut
tornado.iostream.StreamClosedError: Stream is closed

During handling of the above exception, another exception occurred:

Traceback (most recent call last):
  File "/home/codespace/.local/lib/python3.12/site-packages/tornado/websocket.py", line 1115, in wrapper
    raise WebSocketClosedError()
tornado.websocket.WebSocketClosedError
2026-03-31 23:36:29,246 ERROR asyncio Task exception was never retrieved
future: <Task finished name='Task-30641' coro=<WebSocketProtocol13.write_message.<locals>.wrapper() done, defined at /home/codespace/.local/lib/python3.12/site-packages/tornado/websocket.py:1111> exception=WebSocketClosedError()>
Traceback (most recent call last):
  File "/home/codespace/.local/lib/python3.12/site-packages/tornado/websocket.py", line 1113, in wrapper
    await fut
tornado.iostream.StreamClosedError: Stream is closed

During handling of the above exception, another exception occurred:

Traceback (most recent call last):
  File "/home/codespace/.local/lib/python3.12/site-packages/tornado/websocket.py", line 1115, in wrapper
    raise WebSocketClosedError()
tornado.websocket.WebSocketClosedError
2026-03-31 23:36:29,247 ERROR asyncio Task exception was never retrieved
future: <Task finished name='Task-30642' coro=<WebSocketProtocol13.write_message.<locals>.wrapper() done, defined at /home/codespace/.local/lib/python3.12/site-packages/tornado/websocket.py:1111> exception=WebSocketClosedError()>
Traceback (most recent call last):
  File "/home/codespace/.local/lib/python3.12/site-packages/tornado/websocket.py", line 1113, in wrapper
    await fut
tornado.iostream.StreamClosedError: Stream is closed

During handling of the above exception, another exception occurred:

Traceback (most recent call last):
  File "/home/codespace/.local/lib/python3.12/site-packages/tornado/websocket.py", line 1115, in wrapper
    raise WebSocketClosedError()
tornado.websocket.WebSocketClosedError
2026-03-31 23:36:29,247 ERROR asyncio Task exception was never retrieved
future: <Task finished name='Task-30643' coro=<WebSocketProtocol13.write_message.<locals>.wrapper() done, defined at /home/codespace/.local/lib/python3.12/site-packages/tornado/websocket.py:1111> exception=WebSocketClosedError()>
Traceback (most recent call last):
  File "/home/codespace/.local/lib/python3.12/site-packages/tornado/websocket.py", line 1113, in wrapper
    await fut
tornado.iostream.StreamClosedError: Stream is closed

During handling of the above exception, another exception occurred:

Traceback (most recent call last):
  File "/home/codespace/.local/lib/python3.12/site-packages/tornado/websocket.py", line 1115, in wrapper
    raise WebSocketClosedError()
tornado.websocket.WebSocketClosedError
2026-03-31 23:36:29,248 ERROR asyncio Task exception was never retrieved
future: <Task finished name='Task-30644' coro=<WebSocketProtocol13.write_message.<locals>.wrapper() done, defined at /home/codespace/.local/lib/python3.12/site-packages/tornado/websocket.py:1111> exception=WebSocketClosedError()>
Traceback (most recent call last):
  File "/home/codespace/.local/lib/python3.12/site-packages/tornado/websocket.py", line 1113, in wrapper
    await fut
tornado.iostream.StreamClosedError: Stream is closed

During handling of the above exception, another exception occurred:

Traceback (most recent call last):
  File "/home/codespace/.local/lib/python3.12/site-packages/tornado/websocket.py", line 1115, in wrapper
    raise WebSocketClosedError()
tornado.websocket.WebSocketClosedError
2026-03-31 23:36:29,248 ERROR asyncio Task exception was never retrieved
future: <Task finished name='Task-30645' coro=<WebSocketProtocol13.write_message.<locals>.wrapper() done, defined at /home/codespace/.local/lib/python3.12/site-packages/tornado/websocket.py:1111> exception=WebSocketClosedError()>
Traceback (most recent call last):
  File "/home/codespace/.local/lib/python3.12/site-packages/tornado/websocket.py", line 1113, in wrapper
    await fut
tornado.iostream.StreamClosedError: Stream is closed

During handling of the above exception, another exception occurred:

Traceback (most recent call last):
  File "/home/codespace/.local/lib/python3.12/site-packages/tornado/websocket.py", line 1115, in wrapper
    raise WebSocketClosedError()
tornado.websocket.WebSocketClosedError
2026-03-31 23:36:29,248 ERROR asyncio Task exception was never retrieved
future: <Task finished name='Task-30646' coro=<WebSocketProtocol13.write_message.<locals>.wrapper() done, defined at /home/codespace/.local/lib/python3.12/site-packages/tornado/websocket.py:1111> exception=WebSocketClosedError()>
Traceback (most recent call last):
  File "/home/codespace/.local/lib/python3.12/site-packages/tornado/websocket.py", line 1113, in wrapper
    await fut
tornado.iostream.StreamClosedError: Stream is closed

During handling of the above exception, another exception occurred:

Traceback (most recent call last):
  File "/home/codespace/.local/lib/python3.12/site-packages/tornado/websocket.py", line 1115, in wrapper
    raise WebSocketClosedError()
tornado.websocket.WebSocketClosedError
2026-03-31 23:36:29,249 ERROR asyncio Task exception was never retrieved
future: <Task finished name='Task-30647' coro=<WebSocketProtocol13.write_message.<locals>.wrapper() done, defined at /home/codespace/.local/lib/python3.12/site-packages/tornado/websocket.py:1111> exception=WebSocketClosedError()>
Traceback (most recent call last):
  File "/home/codespace/.local/lib/python3.12/site-packages/tornado/websocket.py", line 1113, in wrapper
    await fut
tornado.iostream.StreamClosedError: Stream is closed

During handling of the above exception, another exception occurred:

Traceback (most recent call last):
  File "/home/codespace/.local/lib/python3.12/site-packages/tornado/websocket.py", line 1115, in wrapper
    raise WebSocketClosedError()
tornado.websocket.WebSocketClosedError
2026-03-31 23:36:29,249 ERROR asyncio Task exception was never retrieved
future: <Task finished name='Task-30648' coro=<WebSocketProtocol13.write_message.<locals>.wrapper() done, defined at /home/codespace/.local/lib/python3.12/site-packages/tornado/websocket.py:1111> exception=WebSocketClosedError()>
Traceback (most recent call last):
  File "/home/codespace/.local/lib/python3.12/site-packages/tornado/websocket.py", line 1113, in wrapper
    await fut
tornado.iostream.StreamClosedError: Stream is closed

During handling of the above exception, another exception occurred:

Traceback (most recent call last):
  File "/home/codespace/.local/lib/python3.12/site-packages/tornado/websocket.py", line 1115, in wrapper
    raise WebSocketClosedError()
tornado.websocket.WebSocketClosedError
2026-03-31 23:36:29,249 ERROR asyncio Task exception was never retrieved
future: <Task finished name='Task-30649' coro=<WebSocketProtocol13.write_message.<locals>.wrapper() done, defined at /home/codespace/.local/lib/python3.12/site-packages/tornado/websocket.py:1111> exception=WebSocketClosedError()>
Traceback (most recent call last):
  File "/home/codespace/.local/lib/python3.12/site-packages/tornado/websocket.py", line 1113, in wrapper
    await fut
tornado.iostream.StreamClosedError: Stream is closed

During handling of the above exception, another exception occurred:

Traceback (most recent call last):
  File "/home/codespace/.local/lib/python3.12/site-packages/tornado/websocket.py", line 1115, in wrapper
    raise WebSocketClosedError()
tornado.websocket.WebSocketClosedError
2026-03-31 23:36:29,250 ERROR asyncio Task exception was never retrieved
future: <Task finished name='Task-30650' coro=<WebSocketProtocol13.write_message.<locals>.wrapper() done, defined at /home/codespace/.local/lib/python3.12/site-packages/tornado/websocket.py:1111> exception=WebSocketClosedError()>
Traceback (most recent call last):
  File "/home/codespace/.local/lib/python3.12/site-packages/tornado/websocket.py", line 1113, in wrapper
    await fut
tornado.iostream.StreamClosedError: Stream is closed

During handling of the above exception, another exception occurred:

Traceback (most recent call last):
  File "/home/codespace/.local/lib/python3.12/site-packages/tornado/websocket.py", line 1115, in wrapper
    raise WebSocketClosedError()
tornado.websocket.WebSocketClosedError
2026-03-31 23:36:29,250 ERROR asyncio Task exception was never retrieved
future: <Task finished name='Task-30651' coro=<WebSocketProtocol13.write_message.<locals>.wrapper() done, defined at /home/codespace/.local/lib/python3.12/site-packages/tornado/websocket.py:1111> exception=WebSocketClosedError()>
Traceback (most recent call last):
  File "/home/codespace/.local/lib/python3.12/site-packages/tornado/websocket.py", line 1113, in wrapper
    await fut
tornado.iostream.StreamClosedError: Stream is closed

During handling of the above exception, another exception occurred:

Traceback (most recent call last):
  File "/home/codespace/.local/lib/python3.12/site-packages/tornado/websocket.py", line 1115, in wrapper
    raise WebSocketClosedError()
tornado.websocket.WebSocketClosedError
2026-03-31 23:36:29,251 ERROR asyncio Task exception was never retrieved
future: <Task finished name='Task-30652' coro=<WebSocketProtocol13.write_message.<locals>.wrapper() done, defined at /home/codespace/.local/lib/python3.12/site-packages/tornado/websocket.py:1111> exception=WebSocketClosedError()>
Traceback (most recent call last):
  File "/home/codespace/.local/lib/python3.12/site-packages/tornado/websocket.py", line 1113, in wrapper
    await fut
tornado.iostream.StreamClosedError: Stream is closed

During handling of the above exception, another exception occurred:

Traceback (most recent call last):
  File "/home/codespace/.local/lib/python3.12/site-packages/tornado/websocket.py", line 1115, in wrapper
    raise WebSocketClosedError()
tornado.websocket.WebSocketClosedError
2026-03-31 23:36:29,251 ERROR asyncio Task exception was never retrieved
future: <Task finished name='Task-30653' coro=<WebSocketProtocol13.write_message.<locals>.wrapper() done, defined at /home/codespace/.local/lib/python3.12/site-packages/tornado/websocket.py:1111> exception=WebSocketClosedError()>
Traceback (most recent call last):
  File "/home/codespace/.local/lib/python3.12/site-packages/tornado/websocket.py", line 1113, in wrapper
    await fut
tornado.iostream.StreamClosedError: Stream is closed

During handling of the above exception, another exception occurred:

Traceback (most recent call last):
  File "/home/codespace/.local/lib/python3.12/site-packages/tornado/websocket.py", line 1115, in wrapper
    raise WebSocketClosedError()
tornado.websocket.WebSocketClosedError
2026-03-31 23:36:29,252 ERROR asyncio Task exception was never retrieved
future: <Task finished name='Task-30654' coro=<WebSocketProtocol13.write_message.<locals>.wrapper() done, defined at /home/codespace/.local/lib/python3.12/site-packages/tornado/websocket.py:1111> exception=WebSocketClosedError()>
Traceback (most recent call last):
  File "/home/codespace/.local/lib/python3.12/site-packages/tornado/websocket.py", line 1113, in wrapper
    await fut
tornado.iostream.StreamClosedError: Stream is closed

During handling of the above exception, another exception occurred:

Traceback (most recent call last):
  File "/home/codespace/.local/lib/python3.12/site-packages/tornado/websocket.py", line 1115, in wrapper
    raise WebSocketClosedError()
tornado.websocket.WebSocketClosedError
2026-03-31 23:36:29,252 ERROR asyncio Task exception was never retrieved
future: <Task finished name='Task-30655' coro=<WebSocketProtocol13.write_message.<locals>.wrapper() done, defined at /home/codespace/.local/lib/python3.12/site-packages/tornado/websocket.py:1111> exception=WebSocketClosedError()>
Traceback (most recent call last):
  File "/home/codespace/.local/lib/python3.12/site-packages/tornado/websocket.py", line 1113, in wrapper
    await fut
tornado.iostream.StreamClosedError: Stream is closed

During handling of the above exception, another exception occurred:

Traceback (most recent call last):
  File "/home/codespace/.local/lib/python3.12/site-packages/tornado/websocket.py", line 1115, in wrapper
    raise WebSocketClosedError()
tornado.websocket.WebSocketClosedError
2026-03-31 23:36:29,252 ERROR asyncio Task exception was never retrieved
future: <Task finished name='Task-30656' coro=<WebSocketProtocol13.write_message.<locals>.wrapper() done, defined at /home/codespace/.local/lib/python3.12/site-packages/tornado/websocket.py:1111> exception=WebSocketClosedError()>
Traceback (most recent call last):
  File "/home/codespace/.local/lib/python3.12/site-packages/tornado/websocket.py", line 1113, in wrapper
    await fut
tornado.iostream.StreamClosedError: Stream is closed

During handling of the above exception, another exception occurred:

Traceback (most recent call last):
  File "/home/codespace/.local/lib/python3.12/site-packages/tornado/websocket.py", line 1115, in wrapper
    raise WebSocketClosedError()
tornado.websocket.WebSocketClosedError
2026-03-31 23:36:29,253 ERROR asyncio Task exception was never retrieved
future: <Task finished name='Task-30657' coro=<WebSocketProtocol13.write_message.<locals>.wrapper() done, defined at /home/codespace/.local/lib/python3.12/site-packages/tornado/websocket.py:1111> exception=WebSocketClosedError()>
Traceback (most recent call last):
  File "/home/codespace/.local/lib/python3.12/site-packages/tornado/websocket.py", line 1113, in wrapper
    await fut
tornado.iostream.StreamClosedError: Stream is closed

During handling of the above exception, another exception occurred:

Traceback (most recent call last):
  File "/home/codespace/.local/lib/python3.12/site-packages/tornado/websocket.py", line 1115, in wrapper
    raise WebSocketClosedError()
tornado.websocket.WebSocketClosedError
2026-03-31 23:36:29,253 ERROR asyncio Task exception was never retrieved
future: <Task finished name='Task-30658' coro=<WebSocketProtocol13.write_message.<locals>.wrapper() done, defined at /home/codespace/.local/lib/python3.12/site-packages/tornado/websocket.py:1111> exception=WebSocketClosedError()>
Traceback (most recent call last):
  File "/home/codespace/.local/lib/python3.12/site-packages/tornado/websocket.py", line 1113, in wrapper
    await fut
tornado.iostream.StreamClosedError: Stream is closed

During handling of the above exception, another exception occurred:

Traceback (most recent call last):
  File "/home/codespace/.local/lib/python3.12/site-packages/tornado/websocket.py", line 1115, in wrapper
    raise WebSocketClosedError()
tornado.websocket.WebSocketClosedError
2026-03-31 23:36:29,253 ERROR asyncio Task exception was never retrieved
future: <Task finished name='Task-30659' coro=<WebSocketProtocol13.write_message.<locals>.wrapper() done, defined at /home/codespace/.local/lib/python3.12/site-packages/tornado/websocket.py:1111> exception=WebSocketClosedError()>
Traceback (most recent call last):
  File "/home/codespace/.local/lib/python3.12/site-packages/tornado/websocket.py", line 1113, in wrapper
    await fut
tornado.iostream.StreamClosedError: Stream is closed

During handling of the above exception, another exception occurred:

Traceback (most recent call last):
  File "/home/codespace/.local/lib/python3.12/site-packages/tornado/websocket.py", line 1115, in wrapper
    raise WebSocketClosedError()
tornado.websocket.WebSocketClosedError
2026-03-31 23:36:29,254 ERROR asyncio Task exception was never retrieved
future: <Task finished name='Task-30660' coro=<WebSocketProtocol13.write_message.<locals>.wrapper() done, defined at /home/codespace/.local/lib/python3.12/site-packages/tornado/websocket.py:1111> exception=WebSocketClosedError()>
Traceback (most recent call last):
  File "/home/codespace/.local/lib/python3.12/site-packages/tornado/websocket.py", line 1113, in wrapper
    await fut
tornado.iostream.StreamClosedError: Stream is closed

During handling of the above exception, another exception occurred:

Traceback (most recent call last):
  File "/home/codespace/.local/lib/python3.12/site-packages/tornado/websocket.py", line 1115, in wrapper
    raise WebSocketClosedError()
tornado.websocket.WebSocketClosedError
2026-03-31 23:36:29,254 ERROR asyncio Task exception was never retrieved
future: <Task finished name='Task-30661' coro=<WebSocketProtocol13.write_message.<locals>.wrapper() done, defined at /home/codespace/.local/lib/python3.12/site-packages/tornado/websocket.py:1111> exception=WebSocketClosedError()>
Traceback (most recent call last):
  File "/home/codespace/.local/lib/python3.12/site-packages/tornado/websocket.py", line 1113, in wrapper
    await fut
tornado.iostream.StreamClosedError: Stream is closed

During handling of the above exception, another exception occurred:

Traceback (most recent call last):
  File "/home/codespace/.local/lib/python3.12/site-packages/tornado/websocket.py", line 1115, in wrapper
    raise WebSocketClosedError()
tornado.websocket.WebSocketClosedError
2026-03-31 23:36:29,255 ERROR asyncio Task exception was never retrieved
future: <Task finished name='Task-30662' coro=<WebSocketProtocol13.write_message.<locals>.wrapper() done, defined at /home/codespace/.local/lib/python3.12/site-packages/tornado/websocket.py:1111> exception=WebSocketClosedError()>
Traceback (most recent call last):
  File "/home/codespace/.local/lib/python3.12/site-packages/tornado/websocket.py", line 1113, in wrapper
    await fut
tornado.iostream.StreamClosedError: Stream is closed

During handling of the above exception, another exception occurred:

Traceback (most recent call last):
  File "/home/codespace/.local/lib/python3.12/site-packages/tornado/websocket.py", line 1115, in wrapper
    raise WebSocketClosedError()
tornado.websocket.WebSocketClosedError
2026-03-31 23:36:29,255 ERROR asyncio Task exception was never retrieved
future: <Task finished name='Task-30663' coro=<WebSocketProtocol13.write_message.<locals>.wrapper() done, defined at /home/codespace/.local/lib/python3.12/site-packages/tornado/websocket.py:1111> exception=WebSocketClosedError()>
Traceback (most recent call last):
  File "/home/codespace/.local/lib/python3.12/site-packages/tornado/websocket.py", line 1113, in wrapper
    await fut
tornado.iostream.StreamClosedError: Stream is closed

During handling of the above exception, another exception occurred:

Traceback (most recent call last):
  File "/home/codespace/.local/lib/python3.12/site-packages/tornado/websocket.py", line 1115, in wrapper
    raise WebSocketClosedError()
tornado.websocket.WebSocketClosedError
2026-03-31 23:36:29,256 ERROR asyncio Task exception was never retrieved
future: <Task finished name='Task-30664' coro=<WebSocketProtocol13.write_message.<locals>.wrapper() done, defined at /home/codespace/.local/lib/python3.12/site-packages/tornado/websocket.py:1111> exception=WebSocketClosedError()>
Traceback (most recent call last):
  File "/home/codespace/.local/lib/python3.12/site-packages/tornado/websocket.py", line 1113, in wrapper
    await fut
tornado.iostream.StreamClosedError: Stream is closed

During handling of the above exception, another exception occurred:

Traceback (most recent call last):
  File "/home/codespace/.local/lib/python3.12/site-packages/tornado/websocket.py", line 1115, in wrapper
    raise WebSocketClosedError()
tornado.websocket.WebSocketClosedError
2026-03-31 23:36:29,256 ERROR asyncio Task exception was never retrieved
future: <Task finished name='Task-30665' coro=<WebSocketProtocol13.write_message.<locals>.wrapper() done, defined at /home/codespace/.local/lib/python3.12/site-packages/tornado/websocket.py:1111> exception=WebSocketClosedError()>
Traceback (most recent call last):
  File "/home/codespace/.local/lib/python3.12/site-packages/tornado/websocket.py", line 1113, in wrapper
    await fut
tornado.iostream.StreamClosedError: Stream is closed

During handling of the above exception, another exception occurred:

Traceback (most recent call last):
  File "/home/codespace/.local/lib/python3.12/site-packages/tornado/websocket.py", line 1115, in wrapper
    raise WebSocketClosedError()
tornado.websocket.WebSocketClosedError
2026-03-31 23:36:29,256 ERROR asyncio Task exception was never retrieved
future: <Task finished name='Task-30666' coro=<WebSocketProtocol13.write_message.<locals>.wrapper() done, defined at /home/codespace/.local/lib/python3.12/site-packages/tornado/websocket.py:1111> exception=WebSocketClosedError()>
Traceback (most recent call last):
  File "/home/codespace/.local/lib/python3.12/site-packages/tornado/websocket.py", line 1113, in wrapper
    await fut
tornado.iostream.StreamClosedError: Stream is closed

During handling of the above exception, another exception occurred:

Traceback (most recent call last):
  File "/home/codespace/.local/lib/python3.12/site-packages/tornado/websocket.py", line 1115, in wrapper
    raise WebSocketClosedError()
tornado.websocket.WebSocketClosedError
2026-03-31 23:36:29,257 ERROR asyncio Task exception was never retrieved
future: <Task finished name='Task-30667' coro=<WebSocketProtocol13.write_message.<locals>.wrapper() done, defined at /home/codespace/.local/lib/python3.12/site-packages/tornado/websocket.py:1111> exception=WebSocketClosedError()>
Traceback (most recent call last):
  File "/home/codespace/.local/lib/python3.12/site-packages/tornado/websocket.py", line 1113, in wrapper
    await fut
tornado.iostream.StreamClosedError: Stream is closed

During handling of the above exception, another exception occurred:

Traceback (most recent call last):
  File "/home/codespace/.local/lib/python3.12/site-packages/tornado/websocket.py", line 1115, in wrapper
    raise WebSocketClosedError()
tornado.websocket.WebSocketClosedError
2026-03-31 23:36:29,257 ERROR asyncio Task exception was never retrieved
future: <Task finished name='Task-30668' coro=<WebSocketProtocol13.write_message.<locals>.wrapper() done, defined at /home/codespace/.local/lib/python3.12/site-packages/tornado/websocket.py:1111> exception=WebSocketClosedError()>
Traceback (most recent call last):
  File "/home/codespace/.local/lib/python3.12/site-packages/tornado/websocket.py", line 1113, in wrapper
    await fut
tornado.iostream.StreamClosedError: Stream is closed

During handling of the above exception, another exception occurred:

Traceback (most recent call last):
  File "/home/codespace/.local/lib/python3.12/site-packages/tornado/websocket.py", line 1115, in wrapper
    raise WebSocketClosedError()
tornado.websocket.WebSocketClosedError
2026-03-31 23:36:29,257 ERROR asyncio Task exception was never retrieved
future: <Task finished name='Task-30669' coro=<WebSocketProtocol13.write_message.<locals>.wrapper() done, defined at /home/codespace/.local/lib/python3.12/site-packages/tornado/websocket.py:1111> exception=WebSocketClosedError()>
Traceback (most recent call last):
  File "/home/codespace/.local/lib/python3.12/site-packages/tornado/websocket.py", line 1113, in wrapper
    await fut
tornado.iostream.StreamClosedError: Stream is closed

During handling of the above exception, another exception occurred:

Traceback (most recent call last):
  File "/home/codespace/.local/lib/python3.12/site-packages/tornado/websocket.py", line 1115, in wrapper
    raise WebSocketClosedError()
tornado.websocket.WebSocketClosedError
2026-03-31 23:36:29,258 ERROR asyncio Task exception was never retrieved
future: <Task finished name='Task-30670' coro=<WebSocketProtocol13.write_message.<locals>.wrapper() done, defined at /home/codespace/.local/lib/python3.12/site-packages/tornado/websocket.py:1111> exception=WebSocketClosedError()>
Traceback (most recent call last):
  File "/home/codespace/.local/lib/python3.12/site-packages/tornado/websocket.py", line 1113, in wrapper
    await fut
tornado.iostream.StreamClosedError: Stream is closed

During handling of the above exception, another exception occurred:

Traceback (most recent call last):
  File "/home/codespace/.local/lib/python3.12/site-packages/tornado/websocket.py", line 1115, in wrapper
    raise WebSocketClosedError()
tornado.websocket.WebSocketClosedError
2026-03-31 23:36:29,258 ERROR asyncio Task exception was never retrieved
future: <Task finished name='Task-30671' coro=<WebSocketProtocol13.write_message.<locals>.wrapper() done, defined at /home/codespace/.local/lib/python3.12/site-packages/tornado/websocket.py:1111> exception=WebSocketClosedError()>
Traceback (most recent call last):
  File "/home/codespace/.local/lib/python3.12/site-packages/tornado/websocket.py", line 1113, in wrapper
    await fut
tornado.iostream.StreamClosedError: Stream is closed

During handling of the above exception, another exception occurred:

Traceback (most recent call last):
  File "/home/codespace/.local/lib/python3.12/site-packages/tornado/websocket.py", line 1115, in wrapper
    raise WebSocketClosedError()
tornado.websocket.WebSocketClosedError
2026-03-31 23:36:29,259 ERROR asyncio Task exception was never retrieved
future: <Task finished name='Task-30672' coro=<WebSocketProtocol13.write_message.<locals>.wrapper() done, defined at /home/codespace/.local/lib/python3.12/site-packages/tornado/websocket.py:1111> exception=WebSocketClosedError()>
Traceback (most recent call last):
  File "/home/codespace/.local/lib/python3.12/site-packages/tornado/websocket.py", line 1113, in wrapper
    await fut
tornado.iostream.StreamClosedError: Stream is closed

During handling of the above exception, another exception occurred:

Traceback (most recent call last):
  File "/home/codespace/.local/lib/python3.12/site-packages/tornado/websocket.py", line 1115, in wrapper
    raise WebSocketClosedError()
tornado.websocket.WebSocketClosedError
2026-03-31 23:36:29,259 ERROR asyncio Task exception was never retrieved
future: <Task finished name='Task-30675' coro=<WebSocketProtocol13.write_message.<locals>.wrapper() done, defined at /home/codespace/.local/lib/python3.12/site-packages/tornado/websocket.py:1111> exception=WebSocketClosedError()>
Traceback (most recent call last):
  File "/home/codespace/.local/lib/python3.12/site-packages/tornado/websocket.py", line 1113, in wrapper
    await fut
tornado.iostream.StreamClosedError: Stream is closed

During handling of the above exception, another exception occurred:

Traceback (most recent call last):
  File "/home/codespace/.local/lib/python3.12/site-packages/tornado/websocket.py", line 1115, in wrapper
    raise WebSocketClosedError()
tornado.websocket.WebSocketClosedError
2026-03-31 23:36:29,259 ERROR asyncio Task exception was never retrieved
future: <Task finished name='Task-30676' coro=<WebSocketProtocol13.write_message.<locals>.wrapper() done, defined at /home/codespace/.local/lib/python3.12/site-packages/tornado/websocket.py:1111> exception=WebSocketClosedError()>
Traceback (most recent call last):
  File "/home/codespace/.local/lib/python3.12/site-packages/tornado/websocket.py", line 1113, in wrapper
    await fut
tornado.iostream.StreamClosedError: Stream is closed

During handling of the above exception, another exception occurred:

Traceback (most recent call last):
  File "/home/codespace/.local/lib/python3.12/site-packages/tornado/websocket.py", line 1115, in wrapper
    raise WebSocketClosedError()
tornado.websocket.WebSocketClosedError
2026-03-31 23:36:29,260 ERROR asyncio Task exception was never retrieved
future: <Task finished name='Task-30677' coro=<WebSocketProtocol13.write_message.<locals>.wrapper() done, defined at /home/codespace/.local/lib/python3.12/site-packages/tornado/websocket.py:1111> exception=WebSocketClosedError()>
Traceback (most recent call last):
  File "/home/codespace/.local/lib/python3.12/site-packages/tornado/websocket.py", line 1113, in wrapper
    await fut
tornado.iostream.StreamClosedError: Stream is closed

During handling of the above exception, another exception occurred:

Traceback (most recent call last):
  File "/home/codespace/.local/lib/python3.12/site-packages/tornado/websocket.py", line 1115, in wrapper
    raise WebSocketClosedError()
tornado.websocket.WebSocketClosedError
2026-03-31 23:36:29,260 ERROR asyncio Task exception was never retrieved
future: <Task finished name='Task-30678' coro=<WebSocketProtocol13.write_message.<locals>.wrapper() done, defined at /home/codespace/.local/lib/python3.12/site-packages/tornado/websocket.py:1111> exception=WebSocketClosedError()>
Traceback (most recent call last):
  File "/home/codespace/.local/lib/python3.12/site-packages/tornado/websocket.py", line 1113, in wrapper
    await fut
tornado.iostream.StreamClosedError: Stream is closed

During handling of the above exception, another exception occurred:

Traceback (most recent call last):
  File "/home/codespace/.local/lib/python3.12/site-packages/tornado/websocket.py", line 1115, in wrapper
    raise WebSocketClosedError()
tornado.websocket.WebSocketClosedError
2026-03-31 23:36:29,261 ERROR asyncio Task exception was never retrieved
future: <Task finished name='Task-30679' coro=<WebSocketProtocol13.write_message.<locals>.wrapper() done, defined at /home/codespace/.local/lib/python3.12/site-packages/tornado/websocket.py:1111> exception=WebSocketClosedError()>
Traceback (most recent call last):
  File "/home/codespace/.local/lib/python3.12/site-packages/tornado/websocket.py", line 1113, in wrapper
    await fut
tornado.iostream.StreamClosedError: Stream is closed

During handling of the above exception, another exception occurred:

Traceback (most recent call last):
  File "/home/codespace/.local/lib/python3.12/site-packages/tornado/websocket.py", line 1115, in wrapper
    raise WebSocketClosedError()
tornado.websocket.WebSocketClosedError
2026-03-31 23:36:29,261 ERROR asyncio Task exception was never retrieved
future: <Task finished name='Task-30680' coro=<WebSocketProtocol13.write_message.<locals>.wrapper() done, defined at /home/codespace/.local/lib/python3.12/site-packages/tornado/websocket.py:1111> exception=WebSocketClosedError()>
Traceback (most recent call last):
  File "/home/codespace/.local/lib/python3.12/site-packages/tornado/websocket.py", line 1113, in wrapper
    await fut
tornado.iostream.StreamClosedError: Stream is closed

During handling of the above exception, another exception occurred:

Traceback (most recent call last):
  File "/home/codespace/.local/lib/python3.12/site-packages/tornado/websocket.py", line 1115, in wrapper
    raise WebSocketClosedError()
tornado.websocket.WebSocketClosedError
2026-03-31 23:36:29,261 ERROR asyncio Task exception was never retrieved
future: <Task finished name='Task-30681' coro=<WebSocketProtocol13.write_message.<locals>.wrapper() done, defined at /home/codespace/.local/lib/python3.12/site-packages/tornado/websocket.py:1111> exception=WebSocketClosedError()>
Traceback (most recent call last):
  File "/home/codespace/.local/lib/python3.12/site-packages/tornado/websocket.py", line 1113, in wrapper
    await fut
tornado.iostream.StreamClosedError: Stream is closed

During handling of the above exception, another exception occurred:

Traceback (most recent call last):
  File "/home/codespace/.local/lib/python3.12/site-packages/tornado/websocket.py", line 1115, in wrapper
    raise WebSocketClosedError()
tornado.websocket.WebSocketClosedError
2026-03-31 23:36:29,262 ERROR asyncio Task exception was never retrieved
future: <Task finished name='Task-30682' coro=<WebSocketProtocol13.write_message.<locals>.wrapper() done, defined at /home/codespace/.local/lib/python3.12/site-packages/tornado/websocket.py:1111> exception=WebSocketClosedError()>
Traceback (most recent call last):
  File "/home/codespace/.local/lib/python3.12/site-packages/tornado/websocket.py", line 1113, in wrapper
    await fut
tornado.iostream.StreamClosedError: Stream is closed

During handling of the above exception, another exception occurred:

Traceback (most recent call last):
  File "/home/codespace/.local/lib/python3.12/site-packages/tornado/websocket.py", line 1115, in wrapper
    raise WebSocketClosedError()
tornado.websocket.WebSocketClosedError
2026-03-31 23:36:29,262 ERROR asyncio Task exception was never retrieved
future: <Task finished name='Task-30683' coro=<WebSocketProtocol13.write_message.<locals>.wrapper() done, defined at /home/codespace/.local/lib/python3.12/site-packages/tornado/websocket.py:1111> exception=WebSocketClosedError()>
Traceback (most recent call last):
  File "/home/codespace/.local/lib/python3.12/site-packages/tornado/websocket.py", line 1113, in wrapper
    await fut
tornado.iostream.StreamClosedError: Stream is closed

During handling of the above exception, another exception occurred:

Traceback (most recent call last):
  File "/home/codespace/.local/lib/python3.12/site-packages/tornado/websocket.py", line 1115, in wrapper
    raise WebSocketClosedError()
tornado.websocket.WebSocketClosedError
2026-03-31 23:36:29,262 ERROR asyncio Task exception was never retrieved
future: <Task finished name='Task-30684' coro=<WebSocketProtocol13.write_message.<locals>.wrapper() done, defined at /home/codespace/.local/lib/python3.12/site-packages/tornado/websocket.py:1111> exception=WebSocketClosedError()>
Traceback (most recent call last):
  File "/home/codespace/.local/lib/python3.12/site-packages/tornado/websocket.py", line 1113, in wrapper
    await fut
tornado.iostream.StreamClosedError: Stream is closed

During handling of the above exception, another exception occurred:

Traceback (most recent call last):
  File "/home/codespace/.local/lib/python3.12/site-packages/tornado/websocket.py", line 1115, in wrapper
    raise WebSocketClosedError()
tornado.websocket.WebSocketClosedError
2026-03-31 23:36:29,263 ERROR asyncio Task exception was never retrieved
future: <Task finished name='Task-30685' coro=<WebSocketProtocol13.write_message.<locals>.wrapper() done, defined at /home/codespace/.local/lib/python3.12/site-packages/tornado/websocket.py:1111> exception=WebSocketClosedError()>
Traceback (most recent call last):
  File "/home/codespace/.local/lib/python3.12/site-packages/tornado/websocket.py", line 1113, in wrapper
    await fut
tornado.iostream.StreamClosedError: Stream is closed

During handling of the above exception, another exception occurred:

Traceback (most recent call last):
  File "/home/codespace/.local/lib/python3.12/site-packages/tornado/websocket.py", line 1115, in wrapper
    raise WebSocketClosedError()
tornado.websocket.WebSocketClosedError
2026-03-31 23:36:29,263 ERROR asyncio Task exception was never retrieved
future: <Task finished name='Task-30686' coro=<WebSocketProtocol13.write_message.<locals>.wrapper() done, defined at /home/codespace/.local/lib/python3.12/site-packages/tornado/websocket.py:1111> exception=WebSocketClosedError()>
Traceback (most recent call last):
  File "/home/codespace/.local/lib/python3.12/site-packages/tornado/websocket.py", line 1113, in wrapper
    await fut
tornado.iostream.StreamClosedError: Stream is closed

During handling of the above exception, another exception occurred:

Traceback (most recent call last):
  File "/home/codespace/.local/lib/python3.12/site-packages/tornado/websocket.py", line 1115, in wrapper
    raise WebSocketClosedError()
tornado.websocket.WebSocketClosedError
2026-03-31 23:36:29,264 ERROR asyncio Task exception was never retrieved
future: <Task finished name='Task-30687' coro=<WebSocketProtocol13.write_message.<locals>.wrapper() done, defined at /home/codespace/.local/lib/python3.12/site-packages/tornado/websocket.py:1111> exception=WebSocketClosedError()>
Traceback (most recent call last):
  File "/home/codespace/.local/lib/python3.12/site-packages/tornado/websocket.py", line 1113, in wrapper
    await fut
tornado.iostream.StreamClosedError: Stream is closed

During handling of the above exception, another exception occurred:

Traceback (most recent call last):
  File "/home/codespace/.local/lib/python3.12/site-packages/tornado/websocket.py", line 1115, in wrapper
    raise WebSocketClosedError()
tornado.websocket.WebSocketClosedError
2026-03-31 23:36:29,264 ERROR asyncio Task exception was never retrieved
future: <Task finished name='Task-30688' coro=<WebSocketProtocol13.write_message.<locals>.wrapper() done, defined at /home/codespace/.local/lib/python3.12/site-packages/tornado/websocket.py:1111> exception=WebSocketClosedError()>
Traceback (most recent call last):
  File "/home/codespace/.local/lib/python3.12/site-packages/tornado/websocket.py", line 1113, in wrapper
    await fut
tornado.iostream.StreamClosedError: Stream is closed

During handling of the above exception, another exception occurred:

Traceback (most recent call last):
  File "/home/codespace/.local/lib/python3.12/site-packages/tornado/websocket.py", line 1115, in wrapper
    raise WebSocketClosedError()
tornado.websocket.WebSocketClosedError
2026-03-31 23:36:29,265 ERROR asyncio Task exception was never retrieved
future: <Task finished name='Task-30689' coro=<WebSocketProtocol13.write_message.<locals>.wrapper() done, defined at /home/codespace/.local/lib/python3.12/site-packages/tornado/websocket.py:1111> exception=WebSocketClosedError()>
Traceback (most recent call last):
  File "/home/codespace/.local/lib/python3.12/site-packages/tornado/websocket.py", line 1113, in wrapper
    await fut
tornado.iostream.StreamClosedError: Stream is closed

During handling of the above exception, another exception occurred:

Traceback (most recent call last):
  File "/home/codespace/.local/lib/python3.12/site-packages/tornado/websocket.py", line 1115, in wrapper
    raise WebSocketClosedError()
tornado.websocket.WebSocketClosedError
2026-03-31 23:36:29,265 ERROR asyncio Task exception was never retrieved
future: <Task finished name='Task-30690' coro=<WebSocketProtocol13.write_message.<locals>.wrapper() done, defined at /home/codespace/.local/lib/python3.12/site-packages/tornado/websocket.py:1111> exception=WebSocketClosedError()>
Traceback (most recent call last):
  File "/home/codespace/.local/lib/python3.12/site-packages/tornado/websocket.py", line 1113, in wrapper
    await fut
tornado.iostream.StreamClosedError: Stream is closed

During handling of the above exception, another exception occurred:

Traceback (most recent call last):
  File "/home/codespace/.local/lib/python3.12/site-packages/tornado/websocket.py", line 1115, in wrapper
    raise WebSocketClosedError()
tornado.websocket.WebSocketClosedError
2026-03-31 23:36:29,265 ERROR asyncio Task exception was never retrieved
future: <Task finished name='Task-30693' coro=<WebSocketProtocol13.write_message.<locals>.wrapper() done, defined at /home/codespace/.local/lib/python3.12/site-packages/tornado/websocket.py:1111> exception=WebSocketClosedError()>
Traceback (most recent call last):
  File "/home/codespace/.local/lib/python3.12/site-packages/tornado/websocket.py", line 1113, in wrapper
    await fut
tornado.iostream.StreamClosedError: Stream is closed

During handling of the above exception, another exception occurred:

Traceback (most recent call last):
  File "/home/codespace/.local/lib/python3.12/site-packages/tornado/websocket.py", line 1115, in wrapper
    raise WebSocketClosedError()
tornado.websocket.WebSocketClosedError
2026-03-31 23:36:29,266 ERROR asyncio Task exception was never retrieved
future: <Task finished name='Task-30694' coro=<WebSocketProtocol13.write_message.<locals>.wrapper() done, defined at /home/codespace/.local/lib/python3.12/site-packages/tornado/websocket.py:1111> exception=WebSocketClosedError()>
Traceback (most recent call last):
  File "/home/codespace/.local/lib/python3.12/site-packages/tornado/websocket.py", line 1113, in wrapper
    await fut
tornado.iostream.StreamClosedError: Stream is closed

During handling of the above exception, another exception occurred:

Traceback (most recent call last):
  File "/home/codespace/.local/lib/python3.12/site-packages/tornado/websocket.py", line 1115, in wrapper
    raise WebSocketClosedError()
tornado.websocket.WebSocketClosedError
2026-03-31 23:36:29,266 ERROR asyncio Task exception was never retrieved
future: <Task finished name='Task-30697' coro=<WebSocketProtocol13.write_message.<locals>.wrapper() done, defined at /home/codespace/.local/lib/python3.12/site-packages/tornado/websocket.py:1111> exception=WebSocketClosedError()>
Traceback (most recent call last):
  File "/home/codespace/.local/lib/python3.12/site-packages/tornado/websocket.py", line 1113, in wrapper
    await fut
tornado.iostream.StreamClosedError: Stream is closed

During handling of the above exception, another exception occurred:

Traceback (most recent call last):
  File "/home/codespace/.local/lib/python3.12/site-packages/tornado/websocket.py", line 1115, in wrapper
    raise WebSocketClosedError()
tornado.websocket.WebSocketClosedError
2026-03-31 23:36:29,266 ERROR asyncio Task exception was never retrieved
future: <Task finished name='Task-30698' coro=<WebSocketProtocol13.write_message.<locals>.wrapper() done, defined at /home/codespace/.local/lib/python3.12/site-packages/tornado/websocket.py:1111> exception=WebSocketClosedError()>
Traceback (most recent call last):
  File "/home/codespace/.local/lib/python3.12/site-packages/tornado/websocket.py", line 1113, in wrapper
    await fut
tornado.iostream.StreamClosedError: Stream is closed

During handling of the above exception, another exception occurred:

Traceback (most recent call last):
  File "/home/codespace/.local/lib/python3.12/site-packages/tornado/websocket.py", line 1115, in wrapper
    raise WebSocketClosedError()
tornado.websocket.WebSocketClosedError
2026-03-31 23:36:29,267 ERROR asyncio Task exception was never retrieved
future: <Task finished name='Task-30699' coro=<WebSocketProtocol13.write_message.<locals>.wrapper() done, defined at /home/codespace/.local/lib/python3.12/site-packages/tornado/websocket.py:1111> exception=WebSocketClosedError()>
Traceback (most recent call last):
  File "/home/codespace/.local/lib/python3.12/site-packages/tornado/websocket.py", line 1113, in wrapper
    await fut
tornado.iostream.StreamClosedError: Stream is closed

During handling of the above exception, another exception occurred:

Traceback (most recent call last):
  File "/home/codespace/.local/lib/python3.12/site-packages/tornado/websocket.py", line 1115, in wrapper
    raise WebSocketClosedError()
tornado.websocket.WebSocketClosedError
2026-03-31 23:36:29,267 ERROR asyncio Task exception was never retrieved
future: <Task finished name='Task-30700' coro=<WebSocketProtocol13.write_message.<locals>.wrapper() done, defined at /home/codespace/.local/lib/python3.12/site-packages/tornado/websocket.py:1111> exception=WebSocketClosedError()>
Traceback (most recent call last):
  File "/home/codespace/.local/lib/python3.12/site-packages/tornado/websocket.py", line 1113, in wrapper
    await fut
tornado.iostream.StreamClosedError: Stream is closed

During handling of the above exception, another exception occurred:

Traceback (most recent call last):
  File "/home/codespace/.local/lib/python3.12/site-packages/tornado/websocket.py", line 1115, in wrapper
    raise WebSocketClosedError()
tornado.websocket.WebSocketClosedError
2026-03-31 23:36:29,267 ERROR asyncio Task exception was never retrieved
future: <Task finished name='Task-30701' coro=<WebSocketProtocol13.write_message.<locals>.wrapper() done, defined at /home/codespace/.local/lib/python3.12/site-packages/tornado/websocket.py:1111> exception=WebSocketClosedError()>
Traceback (most recent call last):
  File "/home/codespace/.local/lib/python3.12/site-packages/tornado/websocket.py", line 1113, in wrapper
    await fut
tornado.iostream.StreamClosedError: Stream is closed

During handling of the above exception, another exception occurred:

Traceback (most recent call last):
  File "/home/codespace/.local/lib/python3.12/site-packages/tornado/websocket.py", line 1115, in wrapper
    raise WebSocketClosedError()
tornado.websocket.WebSocketClosedError
2026-03-31 23:36:29,268 ERROR asyncio Task exception was never retrieved
future: <Task finished name='Task-30702' coro=<WebSocketProtocol13.write_message.<locals>.wrapper() done, defined at /home/codespace/.local/lib/python3.12/site-packages/tornado/websocket.py:1111> exception=WebSocketClosedError()>
Traceback (most recent call last):
  File "/home/codespace/.local/lib/python3.12/site-packages/tornado/websocket.py", line 1113, in wrapper
    await fut
tornado.iostream.StreamClosedError: Stream is closed

During handling of the above exception, another exception occurred:

Traceback (most recent call last):
  File "/home/codespace/.local/lib/python3.12/site-packages/tornado/websocket.py", line 1115, in wrapper
    raise WebSocketClosedError()
tornado.websocket.WebSocketClosedError
2026-03-31 23:36:29,268 ERROR asyncio Task exception was never retrieved
future: <Task finished name='Task-30703' coro=<WebSocketProtocol13.write_message.<locals>.wrapper() done, defined at /home/codespace/.local/lib/python3.12/site-packages/tornado/websocket.py:1111> exception=WebSocketClosedError()>
Traceback (most recent call last):
  File "/home/codespace/.local/lib/python3.12/site-packages/tornado/websocket.py", line 1113, in wrapper
    await fut
tornado.iostream.StreamClosedError: Stream is closed

During handling of the above exception, another exception occurred:

Traceback (most recent call last):
  File "/home/codespace/.local/lib/python3.12/site-packages/tornado/websocket.py", line 1115, in wrapper
    raise WebSocketClosedError()
tornado.websocket.WebSocketClosedError
2026-03-31 23:36:29,269 ERROR asyncio Task exception was never retrieved
future: <Task finished name='Task-30704' coro=<WebSocketProtocol13.write_message.<locals>.wrapper() done, defined at /home/codespace/.local/lib/python3.12/site-packages/tornado/websocket.py:1111> exception=WebSocketClosedError()>
Traceback (most recent call last):
  File "/home/codespace/.local/lib/python3.12/site-packages/tornado/websocket.py", line 1113, in wrapper
    await fut
tornado.iostream.StreamClosedError: Stream is closed

During handling of the above exception, another exception occurred:

Traceback (most recent call last):
  File "/home/codespace/.local/lib/python3.12/site-packages/tornado/websocket.py", line 1115, in wrapper
    raise WebSocketClosedError()
tornado.websocket.WebSocketClosedError
2026-03-31 23:36:29,269 ERROR asyncio Task exception was never retrieved
future: <Task finished name='Task-30705' coro=<WebSocketProtocol13.write_message.<locals>.wrapper() done, defined at /home/codespace/.local/lib/python3.12/site-packages/tornado/websocket.py:1111> exception=WebSocketClosedError()>
Traceback (most recent call last):
  File "/home/codespace/.local/lib/python3.12/site-packages/tornado/websocket.py", line 1113, in wrapper
    await fut
tornado.iostream.StreamClosedError: Stream is closed

During handling of the above exception, another exception occurred:

Traceback (most recent call last):
  File "/home/codespace/.local/lib/python3.12/site-packages/tornado/websocket.py", line 1115, in wrapper
    raise WebSocketClosedError()
tornado.websocket.WebSocketClosedError
2026-03-31 23:36:29,270 ERROR asyncio Task exception was never retrieved
future: <Task finished name='Task-30706' coro=<WebSocketProtocol13.write_message.<locals>.wrapper() done, defined at /home/codespace/.local/lib/python3.12/site-packages/tornado/websocket.py:1111> exception=WebSocketClosedError()>
Traceback (most recent call last):
  File "/home/codespace/.local/lib/python3.12/site-packages/tornado/websocket.py", line 1113, in wrapper
    await fut
tornado.iostream.StreamClosedError: Stream is closed

During handling of the above exception, another exception occurred:

Traceback (most recent call last):
  File "/home/codespace/.local/lib/python3.12/site-packages/tornado/websocket.py", line 1115, in wrapper
    raise WebSocketClosedError()
tornado.websocket.WebSocketClosedError
2026-03-31 23:36:29,270 ERROR asyncio Task exception was never retrieved
future: <Task finished name='Task-30707' coro=<WebSocketProtocol13.write_message.<locals>.wrapper() done, defined at /home/codespace/.local/lib/python3.12/site-packages/tornado/websocket.py:1111> exception=WebSocketClosedError()>
Traceback (most recent call last):
  File "/home/codespace/.local/lib/python3.12/site-packages/tornado/websocket.py", line 1113, in wrapper
    await fut
tornado.iostream.StreamClosedError: Stream is closed

During handling of the above exception, another exception occurred:

Traceback (most recent call last):
  File "/home/codespace/.local/lib/python3.12/site-packages/tornado/websocket.py", line 1115, in wrapper
    raise WebSocketClosedError()
tornado.websocket.WebSocketClosedError
2026-03-31 23:36:29,270 ERROR asyncio Task exception was never retrieved
future: <Task finished name='Task-30708' coro=<WebSocketProtocol13.write_message.<locals>.wrapper() done, defined at /home/codespace/.local/lib/python3.12/site-packages/tornado/websocket.py:1111> exception=WebSocketClosedError()>
Traceback (most recent call last):
  File "/home/codespace/.local/lib/python3.12/site-packages/tornado/websocket.py", line 1113, in wrapper
    await fut
tornado.iostream.StreamClosedError: Stream is closed

During handling of the above exception, another exception occurred:

Traceback (most recent call last):
  File "/home/codespace/.local/lib/python3.12/site-packages/tornado/websocket.py", line 1115, in wrapper
    raise WebSocketClosedError()
tornado.websocket.WebSocketClosedError
2026-03-31 23:36:29,271 ERROR asyncio Task exception was never retrieved
future: <Task finished name='Task-30709' coro=<WebSocketProtocol13.write_message.<locals>.wrapper() done, defined at /home/codespace/.local/lib/python3.12/site-packages/tornado/websocket.py:1111> exception=WebSocketClosedError()>
Traceback (most recent call last):
  File "/home/codespace/.local/lib/python3.12/site-packages/tornado/websocket.py", line 1113, in wrapper
    await fut
tornado.iostream.StreamClosedError: Stream is closed

During handling of the above exception, another exception occurred:

Traceback (most recent call last):
  File "/home/codespace/.local/lib/python3.12/site-packages/tornado/websocket.py", line 1115, in wrapper
    raise WebSocketClosedError()
tornado.websocket.WebSocketClosedError
2026-03-31 23:36:29,271 ERROR asyncio Task exception was never retrieved
future: <Task finished name='Task-30710' coro=<WebSocketProtocol13.write_message.<locals>.wrapper() done, defined at /home/codespace/.local/lib/python3.12/site-packages/tornado/websocket.py:1111> exception=WebSocketClosedError()>
Traceback (most recent call last):
  File "/home/codespace/.local/lib/python3.12/site-packages/tornado/websocket.py", line 1113, in wrapper
    await fut
tornado.iostream.StreamClosedError: Stream is closed

During handling of the above exception, another exception occurred:

Traceback (most recent call last):
  File "/home/codespace/.local/lib/python3.12/site-packages/tornado/websocket.py", line 1115, in wrapper
    raise WebSocketClosedError()
tornado.websocket.WebSocketClosedError
2026-03-31 23:36:29,272 ERROR asyncio Task exception was never retrieved
future: <Task finished name='Task-30711' coro=<WebSocketProtocol13.write_message.<locals>.wrapper() done, defined at /home/codespace/.local/lib/python3.12/site-packages/tornado/websocket.py:1111> exception=WebSocketClosedError()>
Traceback (most recent call last):
  File "/home/codespace/.local/lib/python3.12/site-packages/tornado/websocket.py", line 1113, in wrapper
    await fut
tornado.iostream.StreamClosedError: Stream is closed

During handling of the above exception, another exception occurred:

Traceback (most recent call last):
  File "/home/codespace/.local/lib/python3.12/site-packages/tornado/websocket.py", line 1115, in wrapper
    raise WebSocketClosedError()
tornado.websocket.WebSocketClosedError
2026-03-31 23:36:29,272 ERROR asyncio Task exception was never retrieved
future: <Task finished name='Task-30712' coro=<WebSocketProtocol13.write_message.<locals>.wrapper() done, defined at /home/codespace/.local/lib/python3.12/site-packages/tornado/websocket.py:1111> exception=WebSocketClosedError()>
Traceback (most recent call last):
  File "/home/codespace/.local/lib/python3.12/site-packages/tornado/websocket.py", line 1113, in wrapper
    await fut
tornado.iostream.StreamClosedError: Stream is closed

During handling of the above exception, another exception occurred:

Traceback (most recent call last):
  File "/home/codespace/.local/lib/python3.12/site-packages/tornado/websocket.py", line 1115, in wrapper
    raise WebSocketClosedError()
tornado.websocket.WebSocketClosedError
2026-03-31 23:36:29,272 ERROR asyncio Task exception was never retrieved
future: <Task finished name='Task-30713' coro=<WebSocketProtocol13.write_message.<locals>.wrapper() done, defined at /home/codespace/.local/lib/python3.12/site-packages/tornado/websocket.py:1111> exception=WebSocketClosedError()>
Traceback (most recent call last):
  File "/home/codespace/.local/lib/python3.12/site-packages/tornado/websocket.py", line 1113, in wrapper
    await fut
tornado.iostream.StreamClosedError: Stream is closed

During handling of the above exception, another exception occurred:

Traceback (most recent call last):
  File "/home/codespace/.local/lib/python3.12/site-packages/tornado/websocket.py", line 1115, in wrapper
    raise WebSocketClosedError()
tornado.websocket.WebSocketClosedError
2026-03-31 23:36:29,273 ERROR asyncio Task exception was never retrieved
future: <Task finished name='Task-30714' coro=<WebSocketProtocol13.write_message.<locals>.wrapper() done, defined at /home/codespace/.local/lib/python3.12/site-packages/tornado/websocket.py:1111> exception=WebSocketClosedError()>
Traceback (most recent call last):
  File "/home/codespace/.local/lib/python3.12/site-packages/tornado/websocket.py", line 1113, in wrapper
    await fut
tornado.iostream.StreamClosedError: Stream is closed

During handling of the above exception, another exception occurred:

Traceback (most recent call last):
  File "/home/codespace/.local/lib/python3.12/site-packages/tornado/websocket.py", line 1115, in wrapper
    raise WebSocketClosedError()
tornado.websocket.WebSocketClosedError
2026-03-31 23:36:29,273 ERROR asyncio Task exception was never retrieved
future: <Task finished name='Task-30715' coro=<WebSocketProtocol13.write_message.<locals>.wrapper() done, defined at /home/codespace/.local/lib/python3.12/site-packages/tornado/websocket.py:1111> exception=WebSocketClosedError()>
Traceback (most recent call last):
  File "/home/codespace/.local/lib/python3.12/site-packages/tornado/websocket.py", line 1113, in wrapper
    await fut
tornado.iostream.StreamClosedError: Stream is closed

During handling of the above exception, another exception occurred:

Traceback (most recent call last):
  File "/home/codespace/.local/lib/python3.12/site-packages/tornado/websocket.py", line 1115, in wrapper
    raise WebSocketClosedError()
tornado.websocket.WebSocketClosedError
2026-03-31 23:36:29,273 ERROR asyncio Task exception was never retrieved
future: <Task finished name='Task-30716' coro=<WebSocketProtocol13.write_message.<locals>.wrapper() done, defined at /home/codespace/.local/lib/python3.12/site-packages/tornado/websocket.py:1111> exception=WebSocketClosedError()>
Traceback (most recent call last):
  File "/home/codespace/.local/lib/python3.12/site-packages/tornado/websocket.py", line 1113, in wrapper
    await fut
tornado.iostream.StreamClosedError: Stream is closed

During handling of the above exception, another exception occurred:

Traceback (most recent call last):
  File "/home/codespace/.local/lib/python3.12/site-packages/tornado/websocket.py", line 1115, in wrapper
    raise WebSocketClosedError()
tornado.websocket.WebSocketClosedError
2026-03-31 23:36:29,274 ERROR asyncio Task exception was never retrieved
future: <Task finished name='Task-30717' coro=<WebSocketProtocol13.write_message.<locals>.wrapper() done, defined at /home/codespace/.local/lib/python3.12/site-packages/tornado/websocket.py:1111> exception=WebSocketClosedError()>
Traceback (most recent call last):
  File "/home/codespace/.local/lib/python3.12/site-packages/tornado/websocket.py", line 1113, in wrapper
    await fut
tornado.iostream.StreamClosedError: Stream is closed

During handling of the above exception, another exception occurred:

Traceback (most recent call last):
  File "/home/codespace/.local/lib/python3.12/site-packages/tornado/websocket.py", line 1115, in wrapper
    raise WebSocketClosedError()
tornado.websocket.WebSocketClosedError
2026-03-31 23:36:29,274 ERROR asyncio Task exception was never retrieved
future: <Task finished name='Task-30718' coro=<WebSocketProtocol13.write_message.<locals>.wrapper() done, defined at /home/codespace/.local/lib/python3.12/site-packages/tornado/websocket.py:1111> exception=WebSocketClosedError()>
Traceback (most recent call last):
  File "/home/codespace/.local/lib/python3.12/site-packages/tornado/websocket.py", line 1113, in wrapper
    await fut
tornado.iostream.StreamClosedError: Stream is closed

During handling of the above exception, another exception occurred:

Traceback (most recent call last):
  File "/home/codespace/.local/lib/python3.12/site-packages/tornado/websocket.py", line 1115, in wrapper
    raise WebSocketClosedError()
tornado.websocket.WebSocketClosedError
2026-03-31 23:36:29,274 ERROR asyncio Task exception was never retrieved
future: <Task finished name='Task-30719' coro=<WebSocketProtocol13.write_message.<locals>.wrapper() done, defined at /home/codespace/.local/lib/python3.12/site-packages/tornado/websocket.py:1111> exception=WebSocketClosedError()>
Traceback (most recent call last):
  File "/home/codespace/.local/lib/python3.12/site-packages/tornado/websocket.py", line 1113, in wrapper
    await fut
tornado.iostream.StreamClosedError: Stream is closed

During handling of the above exception, another exception occurred:

Traceback (most recent call last):
  File "/home/codespace/.local/lib/python3.12/site-packages/tornado/websocket.py", line 1115, in wrapper
    raise WebSocketClosedError()
tornado.websocket.WebSocketClosedError
2026-03-31 23:36:29,275 ERROR asyncio Task exception was never retrieved
future: <Task finished name='Task-30720' coro=<WebSocketProtocol13.write_message.<locals>.wrapper() done, defined at /home/codespace/.local/lib/python3.12/site-packages/tornado/websocket.py:1111> exception=WebSocketClosedError()>
Traceback (most recent call last):
  File "/home/codespace/.local/lib/python3.12/site-packages/tornado/websocket.py", line 1113, in wrapper
    await fut
tornado.iostream.StreamClosedError: Stream is closed

During handling of the above exception, another exception occurred:

Traceback (most recent call last):
  File "/home/codespace/.local/lib/python3.12/site-packages/tornado/websocket.py", line 1115, in wrapper
    raise WebSocketClosedError()
tornado.websocket.WebSocketClosedError
2026-03-31 23:36:29,275 ERROR asyncio Task exception was never retrieved
future: <Task finished name='Task-30721' coro=<WebSocketProtocol13.write_message.<locals>.wrapper() done, defined at /home/codespace/.local/lib/python3.12/site-packages/tornado/websocket.py:1111> exception=WebSocketClosedError()>
Traceback (most recent call last):
  File "/home/codespace/.local/lib/python3.12/site-packages/tornado/websocket.py", line 1113, in wrapper
    await fut
tornado.iostream.StreamClosedError: Stream is closed

During handling of the above exception, another exception occurred:

Traceback (most recent call last):
  File "/home/codespace/.local/lib/python3.12/site-packages/tornado/websocket.py", line 1115, in wrapper
    raise WebSocketClosedError()
tornado.websocket.WebSocketClosedError
2026-03-31 23:36:29,275 ERROR asyncio Task exception was never retrieved
future: <Task finished name='Task-30722' coro=<WebSocketProtocol13.write_message.<locals>.wrapper() done, defined at /home/codespace/.local/lib/python3.12/site-packages/tornado/websocket.py:1111> exception=WebSocketClosedError()>
Traceback (most recent call last):
  File "/home/codespace/.local/lib/python3.12/site-packages/tornado/websocket.py", line 1113, in wrapper
    await fut
tornado.iostream.StreamClosedError: Stream is closed

During handling of the above exception, another exception occurred:

Traceback (most recent call last):
  File "/home/codespace/.local/lib/python3.12/site-packages/tornado/websocket.py", line 1115, in wrapper
    raise WebSocketClosedError()
tornado.websocket.WebSocketClosedError
2026-03-31 23:36:29,276 ERROR asyncio Task exception was never retrieved
future: <Task finished name='Task-30723' coro=<WebSocketProtocol13.write_message.<locals>.wrapper() done, defined at /home/codespace/.local/lib/python3.12/site-packages/tornado/websocket.py:1111> exception=WebSocketClosedError()>
Traceback (most recent call last):
  File "/home/codespace/.local/lib/python3.12/site-packages/tornado/websocket.py", line 1113, in wrapper
    await fut
tornado.iostream.StreamClosedError: Stream is closed

During handling of the above exception, another exception occurred:

Traceback (most recent call last):
  File "/home/codespace/.local/lib/python3.12/site-packages/tornado/websocket.py", line 1115, in wrapper
    raise WebSocketClosedError()
tornado.websocket.WebSocketClosedError
2026-03-31 23:36:29,276 ERROR asyncio Task exception was never retrieved
future: <Task finished name='Task-30724' coro=<WebSocketProtocol13.write_message.<locals>.wrapper() done, defined at /home/codespace/.local/lib/python3.12/site-packages/tornado/websocket.py:1111> exception=WebSocketClosedError()>
Traceback (most recent call last):
  File "/home/codespace/.local/lib/python3.12/site-packages/tornado/websocket.py", line 1113, in wrapper
    await fut
tornado.iostream.StreamClosedError: Stream is closed

During handling of the above exception, another exception occurred:

Traceback (most recent call last):
  File "/home/codespace/.local/lib/python3.12/site-packages/tornado/websocket.py", line 1115, in wrapper
    raise WebSocketClosedError()
tornado.websocket.WebSocketClosedError
2026-03-31 23:36:29,277 ERROR asyncio Task exception was never retrieved
future: <Task finished name='Task-30725' coro=<WebSocketProtocol13.write_message.<locals>.wrapper() done, defined at /home/codespace/.local/lib/python3.12/site-packages/tornado/websocket.py:1111> exception=WebSocketClosedError()>
Traceback (most recent call last):
  File "/home/codespace/.local/lib/python3.12/site-packages/tornado/websocket.py", line 1113, in wrapper
    await fut
tornado.iostream.StreamClosedError: Stream is closed

During handling of the above exception, another exception occurred:

Traceback (most recent call last):
  File "/home/codespace/.local/lib/python3.12/site-packages/tornado/websocket.py", line 1115, in wrapper
    raise WebSocketClosedError()
tornado.websocket.WebSocketClosedError
2026-03-31 23:36:29,277 ERROR asyncio Task exception was never retrieved
future: <Task finished name='Task-30726' coro=<WebSocketProtocol13.write_message.<locals>.wrapper() done, defined at /home/codespace/.local/lib/python3.12/site-packages/tornado/websocket.py:1111> exception=WebSocketClosedError()>
Traceback (most recent call last):
  File "/home/codespace/.local/lib/python3.12/site-packages/tornado/websocket.py", line 1113, in wrapper
    await fut
tornado.iostream.StreamClosedError: Stream is closed

During handling of the above exception, another exception occurred:

Traceback (most recent call last):
  File "/home/codespace/.local/lib/python3.12/site-packages/tornado/websocket.py", line 1115, in wrapper
    raise WebSocketClosedError()
tornado.websocket.WebSocketClosedError
2026-03-31 23:36:29,278 ERROR asyncio Task exception was never retrieved
future: <Task finished name='Task-30727' coro=<WebSocketProtocol13.write_message.<locals>.wrapper() done, defined at /home/codespace/.local/lib/python3.12/site-packages/tornado/websocket.py:1111> exception=WebSocketClosedError()>
Traceback (most recent call last):
  File "/home/codespace/.local/lib/python3.12/site-packages/tornado/websocket.py", line 1113, in wrapper
    await fut
tornado.iostream.StreamClosedError: Stream is closed

During handling of the above exception, another exception occurred:

Traceback (most recent call last):
  File "/home/codespace/.local/lib/python3.12/site-packages/tornado/websocket.py", line 1115, in wrapper
    raise WebSocketClosedError()
tornado.websocket.WebSocketClosedError
2026-03-31 23:36:29,278 ERROR asyncio Task exception was never retrieved
future: <Task finished name='Task-30730' coro=<WebSocketProtocol13.write_message.<locals>.wrapper() done, defined at /home/codespace/.local/lib/python3.12/site-packages/tornado/websocket.py:1111> exception=WebSocketClosedError()>
Traceback (most recent call last):
  File "/home/codespace/.local/lib/python3.12/site-packages/tornado/websocket.py", line 1113, in wrapper
    await fut
tornado.iostream.StreamClosedError: Stream is closed

During handling of the above exception, another exception occurred:

Traceback (most recent call last):
  File "/home/codespace/.local/lib/python3.12/site-packages/tornado/websocket.py", line 1115, in wrapper
    raise WebSocketClosedError()
tornado.websocket.WebSocketClosedError
2026-03-31 23:36:29,278 ERROR asyncio Task exception was never retrieved
future: <Task finished name='Task-30731' coro=<WebSocketProtocol13.write_message.<locals>.wrapper() done, defined at /home/codespace/.local/lib/python3.12/site-packages/tornado/websocket.py:1111> exception=WebSocketClosedError()>
Traceback (most recent call last):
  File "/home/codespace/.local/lib/python3.12/site-packages/tornado/websocket.py", line 1113, in wrapper
    await fut
tornado.iostream.StreamClosedError: Stream is closed

During handling of the above exception, another exception occurred:

Traceback (most recent call last):
  File "/home/codespace/.local/lib/python3.12/site-packages/tornado/websocket.py", line 1115, in wrapper
    raise WebSocketClosedError()
tornado.websocket.WebSocketClosedError
2026-03-31 23:36:29,279 ERROR asyncio Task exception was never retrieved
future: <Task finished name='Task-30732' coro=<WebSocketProtocol13.write_message.<locals>.wrapper() done, defined at /home/codespace/.local/lib/python3.12/site-packages/tornado/websocket.py:1111> exception=WebSocketClosedError()>
Traceback (most recent call last):
  File "/home/codespace/.local/lib/python3.12/site-packages/tornado/websocket.py", line 1113, in wrapper
    await fut
tornado.iostream.StreamClosedError: Stream is closed

During handling of the above exception, another exception occurred:

Traceback (most recent call last):
  File "/home/codespace/.local/lib/python3.12/site-packages/tornado/websocket.py", line 1115, in wrapper
    raise WebSocketClosedError()
tornado.websocket.WebSocketClosedError
2026-03-31 23:36:29,279 ERROR asyncio Task exception was never retrieved
future: <Task finished name='Task-30733' coro=<WebSocketProtocol13.write_message.<locals>.wrapper() done, defined at /home/codespace/.local/lib/python3.12/site-packages/tornado/websocket.py:1111> exception=WebSocketClosedError()>
Traceback (most recent call last):
  File "/home/codespace/.local/lib/python3.12/site-packages/tornado/websocket.py", line 1113, in wrapper
    await fut
tornado.iostream.StreamClosedError: Stream is closed

During handling of the above exception, another exception occurred:

Traceback (most recent call last):
  File "/home/codespace/.local/lib/python3.12/site-packages/tornado/websocket.py", line 1115, in wrapper
    raise WebSocketClosedError()
tornado.websocket.WebSocketClosedError
2026-03-31 23:36:29,279 ERROR asyncio Task exception was never retrieved
future: <Task finished name='Task-30736' coro=<WebSocketProtocol13.write_message.<locals>.wrapper() done, defined at /home/codespace/.local/lib/python3.12/site-packages/tornado/websocket.py:1111> exception=WebSocketClosedError()>
Traceback (most recent call last):
  File "/home/codespace/.local/lib/python3.12/site-packages/tornado/websocket.py", line 1113, in wrapper
    await fut
tornado.iostream.StreamClosedError: Stream is closed

During handling of the above exception, another exception occurred:

Traceback (most recent call last):
  File "/home/codespace/.local/lib/python3.12/site-packages/tornado/websocket.py", line 1115, in wrapper
    raise WebSocketClosedError()
tornado.websocket.WebSocketClosedError
2026-03-31 23:36:29,280 ERROR asyncio Task exception was never retrieved
future: <Task finished name='Task-30737' coro=<WebSocketProtocol13.write_message.<locals>.wrapper() done, defined at /home/codespace/.local/lib/python3.12/site-packages/tornado/websocket.py:1111> exception=WebSocketClosedError()>
Traceback (most recent call last):
  File "/home/codespace/.local/lib/python3.12/site-packages/tornado/websocket.py", line 1113, in wrapper
    await fut
tornado.iostream.StreamClosedError: Stream is closed

During handling of the above exception, another exception occurred:

Traceback (most recent call last):
  File "/home/codespace/.local/lib/python3.12/site-packages/tornado/websocket.py", line 1115, in wrapper
    raise WebSocketClosedError()
tornado.websocket.WebSocketClosedError
2026-03-31 23:36:29,280 ERROR asyncio Task exception was never retrieved
future: <Task finished name='Task-30738' coro=<WebSocketProtocol13.write_message.<locals>.wrapper() done, defined at /home/codespace/.local/lib/python3.12/site-packages/tornado/websocket.py:1111> exception=WebSocketClosedError()>
Traceback (most recent call last):
  File "/home/codespace/.local/lib/python3.12/site-packages/tornado/websocket.py", line 1113, in wrapper
    await fut
tornado.iostream.StreamClosedError: Stream is closed

During handling of the above exception, another exception occurred:

Traceback (most recent call last):
  File "/home/codespace/.local/lib/python3.12/site-packages/tornado/websocket.py", line 1115, in wrapper
    raise WebSocketClosedError()
tornado.websocket.WebSocketClosedError
2026-03-31 23:36:29,281 ERROR asyncio Task exception was never retrieved
future: <Task finished name='Task-30739' coro=<WebSocketProtocol13.write_message.<locals>.wrapper() done, defined at /home/codespace/.local/lib/python3.12/site-packages/tornado/websocket.py:1111> exception=WebSocketClosedError()>
Traceback (most recent call last):
  File "/home/codespace/.local/lib/python3.12/site-packages/tornado/websocket.py", line 1113, in wrapper
    await fut
tornado.iostream.StreamClosedError: Stream is closed

During handling of the above exception, another exception occurred:

Traceback (most recent call last):
  File "/home/codespace/.local/lib/python3.12/site-packages/tornado/websocket.py", line 1115, in wrapper
    raise WebSocketClosedError()
tornado.websocket.WebSocketClosedError
2026-03-31 23:36:29,281 ERROR asyncio Task exception was never retrieved
future: <Task finished name='Task-30740' coro=<WebSocketProtocol13.write_message.<locals>.wrapper() done, defined at /home/codespace/.local/lib/python3.12/site-packages/tornado/websocket.py:1111> exception=WebSocketClosedError()>
Traceback (most recent call last):
  File "/home/codespace/.local/lib/python3.12/site-packages/tornado/websocket.py", line 1113, in wrapper
    await fut
tornado.iostream.StreamClosedError: Stream is closed

During handling of the above exception, another exception occurred:

Traceback (most recent call last):
  File "/home/codespace/.local/lib/python3.12/site-packages/tornado/websocket.py", line 1115, in wrapper
    raise WebSocketClosedError()
tornado.websocket.WebSocketClosedError
2026-03-31 23:36:29,281 ERROR asyncio Task exception was never retrieved
future: <Task finished name='Task-30741' coro=<WebSocketProtocol13.write_message.<locals>.wrapper() done, defined at /home/codespace/.local/lib/python3.12/site-packages/tornado/websocket.py:1111> exception=WebSocketClosedError()>
Traceback (most recent call last):
  File "/home/codespace/.local/lib/python3.12/site-packages/tornado/websocket.py", line 1113, in wrapper
    await fut
tornado.iostream.StreamClosedError: Stream is closed

During handling of the above exception, another exception occurred:

Traceback (most recent call last):
  File "/home/codespace/.local/lib/python3.12/site-packages/tornado/websocket.py", line 1115, in wrapper
    raise WebSocketClosedError()
tornado.websocket.WebSocketClosedError
2026-03-31 23:36:29,282 ERROR asyncio Task exception was never retrieved
future: <Task finished name='Task-30742' coro=<WebSocketProtocol13.write_message.<locals>.wrapper() done, defined at /home/codespace/.local/lib/python3.12/site-packages/tornado/websocket.py:1111> exception=WebSocketClosedError()>
Traceback (most recent call last):
  File "/home/codespace/.local/lib/python3.12/site-packages/tornado/websocket.py", line 1113, in wrapper
    await fut
tornado.iostream.StreamClosedError: Stream is closed

During handling of the above exception, another exception occurred:

Traceback (most recent call last):
  File "/home/codespace/.local/lib/python3.12/site-packages/tornado/websocket.py", line 1115, in wrapper
    raise WebSocketClosedError()
tornado.websocket.WebSocketClosedError
2026-03-31 23:36:29,282 ERROR asyncio Task exception was never retrieved
future: <Task finished name='Task-30743' coro=<WebSocketProtocol13.write_message.<locals>.wrapper() done, defined at /home/codespace/.local/lib/python3.12/site-packages/tornado/websocket.py:1111> exception=WebSocketClosedError()>
Traceback (most recent call last):
  File "/home/codespace/.local/lib/python3.12/site-packages/tornado/websocket.py", line 1113, in wrapper
    await fut
tornado.iostream.StreamClosedError: Stream is closed

During handling of the above exception, another exception occurred:

Traceback (most recent call last):
  File "/home/codespace/.local/lib/python3.12/site-packages/tornado/websocket.py", line 1115, in wrapper
    raise WebSocketClosedError()
tornado.websocket.WebSocketClosedError
2026-03-31 23:36:29,282 ERROR asyncio Task exception was never retrieved
future: <Task finished name='Task-30744' coro=<WebSocketProtocol13.write_message.<locals>.wrapper() done, defined at /home/codespace/.local/lib/python3.12/site-packages/tornado/websocket.py:1111> exception=WebSocketClosedError()>
Traceback (most recent call last):
  File "/home/codespace/.local/lib/python3.12/site-packages/tornado/websocket.py", line 1113, in wrapper
    await fut
tornado.iostream.StreamClosedError: Stream is closed

During handling of the above exception, another exception occurred:

Traceback (most recent call last):
  File "/home/codespace/.local/lib/python3.12/site-packages/tornado/websocket.py", line 1115, in wrapper
    raise WebSocketClosedError()
tornado.websocket.WebSocketClosedError
2026-03-31 23:36:29,283 ERROR asyncio Task exception was never retrieved
future: <Task finished name='Task-30745' coro=<WebSocketProtocol13.write_message.<locals>.wrapper() done, defined at /home/codespace/.local/lib/python3.12/site-packages/tornado/websocket.py:1111> exception=WebSocketClosedError()>
Traceback (most recent call last):
  File "/home/codespace/.local/lib/python3.12/site-packages/tornado/websocket.py", line 1113, in wrapper
    await fut
tornado.iostream.StreamClosedError: Stream is closed

During handling of the above exception, another exception occurred:

Traceback (most recent call last):
  File "/home/codespace/.local/lib/python3.12/site-packages/tornado/websocket.py", line 1115, in wrapper
    raise WebSocketClosedError()
tornado.websocket.WebSocketClosedError
2026-03-31 23:36:29,283 ERROR asyncio Task exception was never retrieved
future: <Task finished name='Task-30746' coro=<WebSocketProtocol13.write_message.<locals>.wrapper() done, defined at /home/codespace/.local/lib/python3.12/site-packages/tornado/websocket.py:1111> exception=WebSocketClosedError()>
Traceback (most recent call last):
  File "/home/codespace/.local/lib/python3.12/site-packages/tornado/websocket.py", line 1113, in wrapper
    await fut
tornado.iostream.StreamClosedError: Stream is closed

During handling of the above exception, another exception occurred:

Traceback (most recent call last):
  File "/home/codespace/.local/lib/python3.12/site-packages/tornado/websocket.py", line 1115, in wrapper
    raise WebSocketClosedError()
tornado.websocket.WebSocketClosedError
2026-03-31 23:36:29,284 ERROR asyncio Task exception was never retrieved
future: <Task finished name='Task-30747' coro=<WebSocketProtocol13.write_message.<locals>.wrapper() done, defined at /home/codespace/.local/lib/python3.12/site-packages/tornado/websocket.py:1111> exception=WebSocketClosedError()>
Traceback (most recent call last):
  File "/home/codespace/.local/lib/python3.12/site-packages/tornado/websocket.py", line 1113, in wrapper
    await fut
tornado.iostream.StreamClosedError: Stream is closed

During handling of the above exception, another exception occurred:

Traceback (most recent call last):
  File "/home/codespace/.local/lib/python3.12/site-packages/tornado/websocket.py", line 1115, in wrapper
    raise WebSocketClosedError()
tornado.websocket.WebSocketClosedError
2026-03-31 23:36:29,284 ERROR asyncio Task exception was never retrieved
future: <Task finished name='Task-30748' coro=<WebSocketProtocol13.write_message.<locals>.wrapper() done, defined at /home/codespace/.local/lib/python3.12/site-packages/tornado/websocket.py:1111> exception=WebSocketClosedError()>
Traceback (most recent call last):
  File "/home/codespace/.local/lib/python3.12/site-packages/tornado/websocket.py", line 1113, in wrapper
    await fut
tornado.iostream.StreamClosedError: Stream is closed

During handling of the above exception, another exception occurred:

Traceback (most recent call last):
  File "/home/codespace/.local/lib/python3.12/site-packages/tornado/websocket.py", line 1115, in wrapper
    raise WebSocketClosedError()
tornado.websocket.WebSocketClosedError
2026-03-31 23:36:29,284 ERROR asyncio Task exception was never retrieved
future: <Task finished name='Task-30749' coro=<WebSocketProtocol13.write_message.<locals>.wrapper() done, defined at /home/codespace/.local/lib/python3.12/site-packages/tornado/websocket.py:1111> exception=WebSocketClosedError()>
Traceback (most recent call last):
  File "/home/codespace/.local/lib/python3.12/site-packages/tornado/websocket.py", line 1113, in wrapper
    await fut
tornado.iostream.StreamClosedError: Stream is closed

During handling of the above exception, another exception occurred:

Traceback (most recent call last):
  File "/home/codespace/.local/lib/python3.12/site-packages/tornado/websocket.py", line 1115, in wrapper
    raise WebSocketClosedError()
tornado.websocket.WebSocketClosedError
2026-03-31 23:36:29,285 ERROR asyncio Task exception was never retrieved
future: <Task finished name='Task-30750' coro=<WebSocketProtocol13.write_message.<locals>.wrapper() done, defined at /home/codespace/.local/lib/python3.12/site-packages/tornado/websocket.py:1111> exception=WebSocketClosedError()>
Traceback (most recent call last):
  File "/home/codespace/.local/lib/python3.12/site-packages/tornado/websocket.py", line 1113, in wrapper
    await fut
tornado.iostream.StreamClosedError: Stream is closed

During handling of the above exception, another exception occurred:

Traceback (most recent call last):
  File "/home/codespace/.local/lib/python3.12/site-packages/tornado/websocket.py", line 1115, in wrapper
    raise WebSocketClosedError()
tornado.websocket.WebSocketClosedError
2026-03-31 23:36:29,285 ERROR asyncio Task exception was never retrieved
future: <Task finished name='Task-30751' coro=<WebSocketProtocol13.write_message.<locals>.wrapper() done, defined at /home/codespace/.local/lib/python3.12/site-packages/tornado/websocket.py:1111> exception=WebSocketClosedError()>
Traceback (most recent call last):
  File "/home/codespace/.local/lib/python3.12/site-packages/tornado/websocket.py", line 1113, in wrapper
    await fut
tornado.iostream.StreamClosedError: Stream is closed

During handling of the above exception, another exception occurred:

Traceback (most recent call last):
  File "/home/codespace/.local/lib/python3.12/site-packages/tornado/websocket.py", line 1115, in wrapper
    raise WebSocketClosedError()
tornado.websocket.WebSocketClosedError
2026-03-31 23:36:29,285 ERROR asyncio Task exception was never retrieved
future: <Task finished name='Task-30752' coro=<WebSocketProtocol13.write_message.<locals>.wrapper() done, defined at /home/codespace/.local/lib/python3.12/site-packages/tornado/websocket.py:1111> exception=WebSocketClosedError()>
Traceback (most recent call last):
  File "/home/codespace/.local/lib/python3.12/site-packages/tornado/websocket.py", line 1113, in wrapper
    await fut
tornado.iostream.StreamClosedError: Stream is closed

During handling of the above exception, another exception occurred:

Traceback (most recent call last):
  File "/home/codespace/.local/lib/python3.12/site-packages/tornado/websocket.py", line 1115, in wrapper
    raise WebSocketClosedError()
tornado.websocket.WebSocketClosedError
2026-03-31 23:36:29,286 ERROR asyncio Task exception was never retrieved
future: <Task finished name='Task-30753' coro=<WebSocketProtocol13.write_message.<locals>.wrapper() done, defined at /home/codespace/.local/lib/python3.12/site-packages/tornado/websocket.py:1111> exception=WebSocketClosedError()>
Traceback (most recent call last):
  File "/home/codespace/.local/lib/python3.12/site-packages/tornado/websocket.py", line 1113, in wrapper
    await fut
tornado.iostream.StreamClosedError: Stream is closed

During handling of the above exception, another exception occurred:

Traceback (most recent call last):
  File "/home/codespace/.local/lib/python3.12/site-packages/tornado/websocket.py", line 1115, in wrapper
    raise WebSocketClosedError()
tornado.websocket.WebSocketClosedError
2026-03-31 23:36:29,286 ERROR asyncio Task exception was never retrieved
future: <Task finished name='Task-30754' coro=<WebSocketProtocol13.write_message.<locals>.wrapper() done, defined at /home/codespace/.local/lib/python3.12/site-packages/tornado/websocket.py:1111> exception=WebSocketClosedError()>
Traceback (most recent call last):
  File "/home/codespace/.local/lib/python3.12/site-packages/tornado/websocket.py", line 1113, in wrapper
    await fut
tornado.iostream.StreamClosedError: Stream is closed

During handling of the above exception, another exception occurred:

Traceback (most recent call last):
  File "/home/codespace/.local/lib/python3.12/site-packages/tornado/websocket.py", line 1115, in wrapper
    raise WebSocketClosedError()
tornado.websocket.WebSocketClosedError
2026-03-31 23:36:29,286 ERROR asyncio Task exception was never retrieved
future: <Task finished name='Task-30755' coro=<WebSocketProtocol13.write_message.<locals>.wrapper() done, defined at /home/codespace/.local/lib/python3.12/site-packages/tornado/websocket.py:1111> exception=WebSocketClosedError()>
Traceback (most recent call last):
  File "/home/codespace/.local/lib/python3.12/site-packages/tornado/websocket.py", line 1113, in wrapper
    await fut
tornado.iostream.StreamClosedError: Stream is closed

During handling of the above exception, another exception occurred:

Traceback (most recent call last):
  File "/home/codespace/.local/lib/python3.12/site-packages/tornado/websocket.py", line 1115, in wrapper
    raise WebSocketClosedError()
tornado.websocket.WebSocketClosedError
2026-03-31 23:36:29,287 ERROR asyncio Task exception was never retrieved
future: <Task finished name='Task-30756' coro=<WebSocketProtocol13.write_message.<locals>.wrapper() done, defined at /home/codespace/.local/lib/python3.12/site-packages/tornado/websocket.py:1111> exception=WebSocketClosedError()>
Traceback (most recent call last):
  File "/home/codespace/.local/lib/python3.12/site-packages/tornado/websocket.py", line 1113, in wrapper
    await fut
tornado.iostream.StreamClosedError: Stream is closed

During handling of the above exception, another exception occurred:

Traceback (most recent call last):
  File "/home/codespace/.local/lib/python3.12/site-packages/tornado/websocket.py", line 1115, in wrapper
    raise WebSocketClosedError()
tornado.websocket.WebSocketClosedError
2026-03-31 23:36:29,287 ERROR asyncio Task exception was never retrieved
future: <Task finished name='Task-30757' coro=<WebSocketProtocol13.write_message.<locals>.wrapper() done, defined at /home/codespace/.local/lib/python3.12/site-packages/tornado/websocket.py:1111> exception=WebSocketClosedError()>
Traceback (most recent call last):
  File "/home/codespace/.local/lib/python3.12/site-packages/tornado/websocket.py", line 1113, in wrapper
    await fut
tornado.iostream.StreamClosedError: Stream is closed

During handling of the above exception, another exception occurred:

Traceback (most recent call last):
  File "/home/codespace/.local/lib/python3.12/site-packages/tornado/websocket.py", line 1115, in wrapper
    raise WebSocketClosedError()
tornado.websocket.WebSocketClosedError
2026-03-31 23:36:29,287 ERROR asyncio Task exception was never retrieved
future: <Task finished name='Task-30758' coro=<WebSocketProtocol13.write_message.<locals>.wrapper() done, defined at /home/codespace/.local/lib/python3.12/site-packages/tornado/websocket.py:1111> exception=WebSocketClosedError()>
Traceback (most recent call last):
  File "/home/codespace/.local/lib/python3.12/site-packages/tornado/websocket.py", line 1113, in wrapper
    await fut
tornado.iostream.StreamClosedError: Stream is closed

During handling of the above exception, another exception occurred:

Traceback (most recent call last):
  File "/home/codespace/.local/lib/python3.12/site-packages/tornado/websocket.py", line 1115, in wrapper
    raise WebSocketClosedError()
tornado.websocket.WebSocketClosedError
2026-03-31 23:36:29,288 ERROR asyncio Task exception was never retrieved
future: <Task finished name='Task-30759' coro=<WebSocketProtocol13.write_message.<locals>.wrapper() done, defined at /home/codespace/.local/lib/python3.12/site-packages/tornado/websocket.py:1111> exception=WebSocketClosedError()>
Traceback (most recent call last):
  File "/home/codespace/.local/lib/python3.12/site-packages/tornado/websocket.py", line 1113, in wrapper
    await fut
tornado.iostream.StreamClosedError: Stream is closed

During handling of the above exception, another exception occurred:

Traceback (most recent call last):
  File "/home/codespace/.local/lib/python3.12/site-packages/tornado/websocket.py", line 1115, in wrapper
    raise WebSocketClosedError()
tornado.websocket.WebSocketClosedError
2026-03-31 23:36:29,288 ERROR asyncio Task exception was never retrieved
future: <Task finished name='Task-30760' coro=<WebSocketProtocol13.write_message.<locals>.wrapper() done, defined at /home/codespace/.local/lib/python3.12/site-packages/tornado/websocket.py:1111> exception=WebSocketClosedError()>
Traceback (most recent call last):
  File "/home/codespace/.local/lib/python3.12/site-packages/tornado/websocket.py", line 1113, in wrapper
    await fut
tornado.iostream.StreamClosedError: Stream is closed

During handling of the above exception, another exception occurred:

Traceback (most recent call last):
  File "/home/codespace/.local/lib/python3.12/site-packages/tornado/websocket.py", line 1115, in wrapper
    raise WebSocketClosedError()
tornado.websocket.WebSocketClosedError
2026-03-31 23:36:29,289 ERROR asyncio Task exception was never retrieved
future: <Task finished name='Task-30761' coro=<WebSocketProtocol13.write_message.<locals>.wrapper() done, defined at /home/codespace/.local/lib/python3.12/site-packages/tornado/websocket.py:1111> exception=WebSocketClosedError()>
Traceback (most recent call last):
  File "/home/codespace/.local/lib/python3.12/site-packages/tornado/websocket.py", line 1113, in wrapper
    await fut
tornado.iostream.StreamClosedError: Stream is closed

During handling of the above exception, another exception occurred:

Traceback (most recent call last):
  File "/home/codespace/.local/lib/python3.12/site-packages/tornado/websocket.py", line 1115, in wrapper
    raise WebSocketClosedError()
tornado.websocket.WebSocketClosedError
2026-03-31 23:36:29,289 ERROR asyncio Task exception was never retrieved
future: <Task finished name='Task-30762' coro=<WebSocketProtocol13.write_message.<locals>.wrapper() done, defined at /home/codespace/.local/lib/python3.12/site-packages/tornado/websocket.py:1111> exception=WebSocketClosedError()>
Traceback (most recent call last):
  File "/home/codespace/.local/lib/python3.12/site-packages/tornado/websocket.py", line 1113, in wrapper
    await fut
tornado.iostream.StreamClosedError: Stream is closed

During handling of the above exception, another exception occurred:

Traceback (most recent call last):
  File "/home/codespace/.local/lib/python3.12/site-packages/tornado/websocket.py", line 1115, in wrapper
    raise WebSocketClosedError()
tornado.websocket.WebSocketClosedError
2026-03-31 23:36:29,289 ERROR asyncio Task exception was never retrieved
future: <Task finished name='Task-30763' coro=<WebSocketProtocol13.write_message.<locals>.wrapper() done, defined at /home/codespace/.local/lib/python3.12/site-packages/tornado/websocket.py:1111> exception=WebSocketClosedError()>
Traceback (most recent call last):
  File "/home/codespace/.local/lib/python3.12/site-packages/tornado/websocket.py", line 1113, in wrapper
    await fut
tornado.iostream.StreamClosedError: Stream is closed

During handling of the above exception, another exception occurred:

Traceback (most recent call last):
  File "/home/codespace/.local/lib/python3.12/site-packages/tornado/websocket.py", line 1115, in wrapper
    raise WebSocketClosedError()
tornado.websocket.WebSocketClosedError
2026-03-31 23:36:29,290 ERROR asyncio Task exception was never retrieved
future: <Task finished name='Task-30764' coro=<WebSocketProtocol13.write_message.<locals>.wrapper() done, defined at /home/codespace/.local/lib/python3.12/site-packages/tornado/websocket.py:1111> exception=WebSocketClosedError()>
Traceback (most recent call last):
  File "/home/codespace/.local/lib/python3.12/site-packages/tornado/websocket.py", line 1113, in wrapper
    await fut
tornado.iostream.StreamClosedError: Stream is closed

During handling of the above exception, another exception occurred:

Traceback (most recent call last):
  File "/home/codespace/.local/lib/python3.12/site-packages/tornado/websocket.py", line 1115, in wrapper
    raise WebSocketClosedError()
tornado.websocket.WebSocketClosedError
2026-03-31 23:36:29,290 ERROR asyncio Task exception was never retrieved
future: <Task finished name='Task-30765' coro=<WebSocketProtocol13.write_message.<locals>.wrapper() done, defined at /home/codespace/.local/lib/python3.12/site-packages/tornado/websocket.py:1111> exception=WebSocketClosedError()>
Traceback (most recent call last):
  File "/home/codespace/.local/lib/python3.12/site-packages/tornado/websocket.py", line 1113, in wrapper
    await fut
tornado.iostream.StreamClosedError: Stream is closed

During handling of the above exception, another exception occurred:

Traceback (most recent call last):
  File "/home/codespace/.local/lib/python3.12/site-packages/tornado/websocket.py", line 1115, in wrapper
    raise WebSocketClosedError()
tornado.websocket.WebSocketClosedError
2026-03-31 23:36:29,290 ERROR asyncio Task exception was never retrieved
future: <Task finished name='Task-30766' coro=<WebSocketProtocol13.write_message.<locals>.wrapper() done, defined at /home/codespace/.local/lib/python3.12/site-packages/tornado/websocket.py:1111> exception=WebSocketClosedError()>
Traceback (most recent call last):
  File "/home/codespace/.local/lib/python3.12/site-packages/tornado/websocket.py", line 1113, in wrapper
    await fut
tornado.iostream.StreamClosedError: Stream is closed

During handling of the above exception, another exception occurred:

Traceback (most recent call last):
  File "/home/codespace/.local/lib/python3.12/site-packages/tornado/websocket.py", line 1115, in wrapper
    raise WebSocketClosedError()
tornado.websocket.WebSocketClosedError
2026-03-31 23:36:29,291 ERROR asyncio Task exception was never retrieved
future: <Task finished name='Task-30767' coro=<WebSocketProtocol13.write_message.<locals>.wrapper() done, defined at /home/codespace/.local/lib/python3.12/site-packages/tornado/websocket.py:1111> exception=WebSocketClosedError()>
Traceback (most recent call last):
  File "/home/codespace/.local/lib/python3.12/site-packages/tornado/websocket.py", line 1113, in wrapper
    await fut
tornado.iostream.StreamClosedError: Stream is closed

During handling of the above exception, another exception occurred:

Traceback (most recent call last):
  File "/home/codespace/.local/lib/python3.12/site-packages/tornado/websocket.py", line 1115, in wrapper
    raise WebSocketClosedError()
tornado.websocket.WebSocketClosedError
2026-03-31 23:36:29,291 ERROR asyncio Task exception was never retrieved
future: <Task finished name='Task-30768' coro=<WebSocketProtocol13.write_message.<locals>.wrapper() done, defined at /home/codespace/.local/lib/python3.12/site-packages/tornado/websocket.py:1111> exception=WebSocketClosedError()>
Traceback (most recent call last):
  File "/home/codespace/.local/lib/python3.12/site-packages/tornado/websocket.py", line 1113, in wrapper
    await fut
tornado.iostream.StreamClosedError: Stream is closed

During handling of the above exception, another exception occurred:

Traceback (most recent call last):
  File "/home/codespace/.local/lib/python3.12/site-packages/tornado/websocket.py", line 1115, in wrapper
    raise WebSocketClosedError()
tornado.websocket.WebSocketClosedError
2026-03-31 23:36:29,291 ERROR asyncio Task exception was never retrieved
future: <Task finished name='Task-30771' coro=<WebSocketProtocol13.write_message.<locals>.wrapper() done, defined at /home/codespace/.local/lib/python3.12/site-packages/tornado/websocket.py:1111> exception=WebSocketClosedError()>
Traceback (most recent call last):
  File "/home/codespace/.local/lib/python3.12/site-packages/tornado/websocket.py", line 1113, in wrapper
    await fut
tornado.iostream.StreamClosedError: Stream is closed

During handling of the above exception, another exception occurred:

Traceback (most recent call last):
  File "/home/codespace/.local/lib/python3.12/site-packages/tornado/websocket.py", line 1115, in wrapper
    raise WebSocketClosedError()
tornado.websocket.WebSocketClosedError
2026-03-31 23:36:29,292 ERROR asyncio Task exception was never retrieved
future: <Task finished name='Task-30772' coro=<WebSocketProtocol13.write_message.<locals>.wrapper() done, defined at /home/codespace/.local/lib/python3.12/site-packages/tornado/websocket.py:1111> exception=WebSocketClosedError()>
Traceback (most recent call last):
  File "/home/codespace/.local/lib/python3.12/site-packages/tornado/websocket.py", line 1113, in wrapper
    await fut
tornado.iostream.StreamClosedError: Stream is closed

During handling of the above exception, another exception occurred:

Traceback (most recent call last):
  File "/home/codespace/.local/lib/python3.12/site-packages/tornado/websocket.py", line 1115, in wrapper
    raise WebSocketClosedError()
tornado.websocket.WebSocketClosedError
2026-03-31 23:36:29,292 ERROR asyncio Task exception was never retrieved
future: <Task finished name='Task-30773' coro=<WebSocketProtocol13.write_message.<locals>.wrapper() done, defined at /home/codespace/.local/lib/python3.12/site-packages/tornado/websocket.py:1111> exception=WebSocketClosedError()>
Traceback (most recent call last):
  File "/home/codespace/.local/lib/python3.12/site-packages/tornado/websocket.py", line 1113, in wrapper
    await fut
tornado.iostream.StreamClosedError: Stream is closed

During handling of the above exception, another exception occurred:

Traceback (most recent call last):
  File "/home/codespace/.local/lib/python3.12/site-packages/tornado/websocket.py", line 1115, in wrapper
    raise WebSocketClosedError()
tornado.websocket.WebSocketClosedError
2026-03-31 23:36:29,292 ERROR asyncio Task exception was never retrieved
future: <Task finished name='Task-30774' coro=<WebSocketProtocol13.write_message.<locals>.wrapper() done, defined at /home/codespace/.local/lib/python3.12/site-packages/tornado/websocket.py:1111> exception=WebSocketClosedError()>
Traceback (most recent call last):
  File "/home/codespace/.local/lib/python3.12/site-packages/tornado/websocket.py", line 1113, in wrapper
    await fut
tornado.iostream.StreamClosedError: Stream is closed

During handling of the above exception, another exception occurred:

Traceback (most recent call last):
  File "/home/codespace/.local/lib/python3.12/site-packages/tornado/websocket.py", line 1115, in wrapper
    raise WebSocketClosedError()
tornado.websocket.WebSocketClosedError
2026-03-31 23:36:29,293 ERROR asyncio Task exception was never retrieved
future: <Task finished name='Task-30777' coro=<WebSocketProtocol13.write_message.<locals>.wrapper() done, defined at /home/codespace/.local/lib/python3.12/site-packages/tornado/websocket.py:1111> exception=WebSocketClosedError()>
Traceback (most recent call last):
  File "/home/codespace/.local/lib/python3.12/site-packages/tornado/websocket.py", line 1113, in wrapper
    await fut
tornado.iostream.StreamClosedError: Stream is closed

During handling of the above exception, another exception occurred:

Traceback (most recent call last):
  File "/home/codespace/.local/lib/python3.12/site-packages/tornado/websocket.py", line 1115, in wrapper
    raise WebSocketClosedError()
tornado.websocket.WebSocketClosedError
2026-03-31 23:36:29,293 ERROR asyncio Task exception was never retrieved
future: <Task finished name='Task-30778' coro=<WebSocketProtocol13.write_message.<locals>.wrapper() done, defined at /home/codespace/.local/lib/python3.12/site-packages/tornado/websocket.py:1111> exception=WebSocketClosedError()>
Traceback (most recent call last):
  File "/home/codespace/.local/lib/python3.12/site-packages/tornado/websocket.py", line 1113, in wrapper
    await fut
tornado.iostream.StreamClosedError: Stream is closed

During handling of the above exception, another exception occurred:

Traceback (most recent call last):
  File "/home/codespace/.local/lib/python3.12/site-packages/tornado/websocket.py", line 1115, in wrapper
    raise WebSocketClosedError()
tornado.websocket.WebSocketClosedError
2026-03-31 23:36:29,294 ERROR asyncio Task exception was never retrieved
future: <Task finished name='Task-30779' coro=<WebSocketProtocol13.write_message.<locals>.wrapper() done, defined at /home/codespace/.local/lib/python3.12/site-packages/tornado/websocket.py:1111> exception=WebSocketClosedError()>
Traceback (most recent call last):
  File "/home/codespace/.local/lib/python3.12/site-packages/tornado/websocket.py", line 1113, in wrapper
    await fut
tornado.iostream.StreamClosedError: Stream is closed

During handling of the above exception, another exception occurred:

Traceback (most recent call last):
  File "/home/codespace/.local/lib/python3.12/site-packages/tornado/websocket.py", line 1115, in wrapper
    raise WebSocketClosedError()
tornado.websocket.WebSocketClosedError
2026-03-31 23:36:29,294 ERROR asyncio Task exception was never retrieved
future: <Task finished name='Task-30780' coro=<WebSocketProtocol13.write_message.<locals>.wrapper() done, defined at /home/codespace/.local/lib/python3.12/site-packages/tornado/websocket.py:1111> exception=WebSocketClosedError()>
Traceback (most recent call last):
  File "/home/codespace/.local/lib/python3.12/site-packages/tornado/websocket.py", line 1113, in wrapper
    await fut
tornado.iostream.StreamClosedError: Stream is closed

During handling of the above exception, another exception occurred:

Traceback (most recent call last):
  File "/home/codespace/.local/lib/python3.12/site-packages/tornado/websocket.py", line 1115, in wrapper
    raise WebSocketClosedError()
tornado.websocket.WebSocketClosedError
2026-03-31 23:36:29,294 ERROR asyncio Task exception was never retrieved
future: <Task finished name='Task-30781' coro=<WebSocketProtocol13.write_message.<locals>.wrapper() done, defined at /home/codespace/.local/lib/python3.12/site-packages/tornado/websocket.py:1111> exception=WebSocketClosedError()>
Traceback (most recent call last):
  File "/home/codespace/.local/lib/python3.12/site-packages/tornado/websocket.py", line 1113, in wrapper
    await fut
tornado.iostream.StreamClosedError: Stream is closed

During handling of the above exception, another exception occurred:

Traceback (most recent call last):
  File "/home/codespace/.local/lib/python3.12/site-packages/tornado/websocket.py", line 1115, in wrapper
    raise WebSocketClosedError()
tornado.websocket.WebSocketClosedError
2026-03-31 23:36:29,295 ERROR asyncio Task exception was never retrieved
future: <Task finished name='Task-30782' coro=<WebSocketProtocol13.write_message.<locals>.wrapper() done, defined at /home/codespace/.local/lib/python3.12/site-packages/tornado/websocket.py:1111> exception=WebSocketClosedError()>
Traceback (most recent call last):
  File "/home/codespace/.local/lib/python3.12/site-packages/tornado/websocket.py", line 1113, in wrapper
    await fut
tornado.iostream.StreamClosedError: Stream is closed

During handling of the above exception, another exception occurred:

Traceback (most recent call last):
  File "/home/codespace/.local/lib/python3.12/site-packages/tornado/websocket.py", line 1115, in wrapper
    raise WebSocketClosedError()
tornado.websocket.WebSocketClosedError
2026-03-31 23:36:29,295 ERROR asyncio Task exception was never retrieved
future: <Task finished name='Task-30783' coro=<WebSocketProtocol13.write_message.<locals>.wrapper() done, defined at /home/codespace/.local/lib/python3.12/site-packages/tornado/websocket.py:1111> exception=WebSocketClosedError()>
Traceback (most recent call last):
  File "/home/codespace/.local/lib/python3.12/site-packages/tornado/websocket.py", line 1113, in wrapper
    await fut
tornado.iostream.StreamClosedError: Stream is closed

During handling of the above exception, another exception occurred:

Traceback (most recent call last):
  File "/home/codespace/.local/lib/python3.12/site-packages/tornado/websocket.py", line 1115, in wrapper
    raise WebSocketClosedError()
tornado.websocket.WebSocketClosedError
2026-03-31 23:36:29,296 ERROR asyncio Task exception was never retrieved
future: <Task finished name='Task-30784' coro=<WebSocketProtocol13.write_message.<locals>.wrapper() done, defined at /home/codespace/.local/lib/python3.12/site-packages/tornado/websocket.py:1111> exception=WebSocketClosedError()>
Traceback (most recent call last):
  File "/home/codespace/.local/lib/python3.12/site-packages/tornado/websocket.py", line 1113, in wrapper
    await fut
tornado.iostream.StreamClosedError: Stream is closed

During handling of the above exception, another exception occurred:

Traceback (most recent call last):
  File "/home/codespace/.local/lib/python3.12/site-packages/tornado/websocket.py", line 1115, in wrapper
    raise WebSocketClosedError()
tornado.websocket.WebSocketClosedError
2026-03-31 23:36:29,296 ERROR asyncio Task exception was never retrieved
future: <Task finished name='Task-30785' coro=<WebSocketProtocol13.write_message.<locals>.wrapper() done, defined at /home/codespace/.local/lib/python3.12/site-packages/tornado/websocket.py:1111> exception=WebSocketClosedError()>
Traceback (most recent call last):
  File "/home/codespace/.local/lib/python3.12/site-packages/tornado/websocket.py", line 1113, in wrapper
    await fut
tornado.iostream.StreamClosedError: Stream is closed

During handling of the above exception, another exception occurred:

Traceback (most recent call last):
  File "/home/codespace/.local/lib/python3.12/site-packages/tornado/websocket.py", line 1115, in wrapper
    raise WebSocketClosedError()
tornado.websocket.WebSocketClosedError
2026-03-31 23:36:29,297 ERROR asyncio Task exception was never retrieved
future: <Task finished name='Task-30786' coro=<WebSocketProtocol13.write_message.<locals>.wrapper() done, defined at /home/codespace/.local/lib/python3.12/site-packages/tornado/websocket.py:1111> exception=WebSocketClosedError()>
Traceback (most recent call last):
  File "/home/codespace/.local/lib/python3.12/site-packages/tornado/websocket.py", line 1113, in wrapper
    await fut
tornado.iostream.StreamClosedError: Stream is closed

During handling of the above exception, another exception occurred:

Traceback (most recent call last):
  File "/home/codespace/.local/lib/python3.12/site-packages/tornado/websocket.py", line 1115, in wrapper
    raise WebSocketClosedError()
tornado.websocket.WebSocketClosedError
2026-03-31 23:36:29,297 ERROR asyncio Task exception was never retrieved
future: <Task finished name='Task-30787' coro=<WebSocketProtocol13.write_message.<locals>.wrapper() done, defined at /home/codespace/.local/lib/python3.12/site-packages/tornado/websocket.py:1111> exception=WebSocketClosedError()>
Traceback (most recent call last):
  File "/home/codespace/.local/lib/python3.12/site-packages/tornado/websocket.py", line 1113, in wrapper
    await fut
tornado.iostream.StreamClosedError: Stream is closed

During handling of the above exception, another exception occurred:

Traceback (most recent call last):
  File "/home/codespace/.local/lib/python3.12/site-packages/tornado/websocket.py", line 1115, in wrapper
    raise WebSocketClosedError()
tornado.websocket.WebSocketClosedError
2026-03-31 23:36:29,297 ERROR asyncio Task exception was never retrieved
future: <Task finished name='Task-30788' coro=<WebSocketProtocol13.write_message.<locals>.wrapper() done, defined at /home/codespace/.local/lib/python3.12/site-packages/tornado/websocket.py:1111> exception=WebSocketClosedError()>
Traceback (most recent call last):
  File "/home/codespace/.local/lib/python3.12/site-packages/tornado/websocket.py", line 1113, in wrapper
    await fut
tornado.iostream.StreamClosedError: Stream is closed

During handling of the above exception, another exception occurred:

Traceback (most recent call last):
  File "/home/codespace/.local/lib/python3.12/site-packages/tornado/websocket.py", line 1115, in wrapper
    raise WebSocketClosedError()
tornado.websocket.WebSocketClosedError
2026-03-31 23:36:29,298 ERROR asyncio Task exception was never retrieved
future: <Task finished name='Task-30789' coro=<WebSocketProtocol13.write_message.<locals>.wrapper() done, defined at /home/codespace/.local/lib/python3.12/site-packages/tornado/websocket.py:1111> exception=WebSocketClosedError()>
Traceback (most recent call last):
  File "/home/codespace/.local/lib/python3.12/site-packages/tornado/websocket.py", line 1113, in wrapper
    await fut
tornado.iostream.StreamClosedError: Stream is closed

During handling of the above exception, another exception occurred:

Traceback (most recent call last):
  File "/home/codespace/.local/lib/python3.12/site-packages/tornado/websocket.py", line 1115, in wrapper
    raise WebSocketClosedError()
tornado.websocket.WebSocketClosedError
2026-03-31 23:36:29,298 ERROR asyncio Task exception was never retrieved
future: <Task finished name='Task-30790' coro=<WebSocketProtocol13.write_message.<locals>.wrapper() done, defined at /home/codespace/.local/lib/python3.12/site-packages/tornado/websocket.py:1111> exception=WebSocketClosedError()>
Traceback (most recent call last):
  File "/home/codespace/.local/lib/python3.12/site-packages/tornado/websocket.py", line 1113, in wrapper
    await fut
tornado.iostream.StreamClosedError: Stream is closed

During handling of the above exception, another exception occurred:

Traceback (most recent call last):
  File "/home/codespace/.local/lib/python3.12/site-packages/tornado/websocket.py", line 1115, in wrapper
    raise WebSocketClosedError()
tornado.websocket.WebSocketClosedError
2026-03-31 23:36:29,299 ERROR asyncio Task exception was never retrieved
future: <Task finished name='Task-30791' coro=<WebSocketProtocol13.write_message.<locals>.wrapper() done, defined at /home/codespace/.local/lib/python3.12/site-packages/tornado/websocket.py:1111> exception=WebSocketClosedError()>
Traceback (most recent call last):
  File "/home/codespace/.local/lib/python3.12/site-packages/tornado/websocket.py", line 1113, in wrapper
    await fut
tornado.iostream.StreamClosedError: Stream is closed

During handling of the above exception, another exception occurred:

Traceback (most recent call last):
  File "/home/codespace/.local/lib/python3.12/site-packages/tornado/websocket.py", line 1115, in wrapper
    raise WebSocketClosedError()
tornado.websocket.WebSocketClosedError
2026-03-31 23:36:29,299 ERROR asyncio Task exception was never retrieved
future: <Task finished name='Task-30792' coro=<WebSocketProtocol13.write_message.<locals>.wrapper() done, defined at /home/codespace/.local/lib/python3.12/site-packages/tornado/websocket.py:1111> exception=WebSocketClosedError()>
Traceback (most recent call last):
  File "/home/codespace/.local/lib/python3.12/site-packages/tornado/websocket.py", line 1113, in wrapper
    await fut
tornado.iostream.StreamClosedError: Stream is closed

During handling of the above exception, another exception occurred:

Traceback (most recent call last):
  File "/home/codespace/.local/lib/python3.12/site-packages/tornado/websocket.py", line 1115, in wrapper
    raise WebSocketClosedError()
tornado.websocket.WebSocketClosedError
2026-03-31 23:36:29,299 ERROR asyncio Task exception was never retrieved
future: <Task finished name='Task-30793' coro=<WebSocketProtocol13.write_message.<locals>.wrapper() done, defined at /home/codespace/.local/lib/python3.12/site-packages/tornado/websocket.py:1111> exception=WebSocketClosedError()>
Traceback (most recent call last):
  File "/home/codespace/.local/lib/python3.12/site-packages/tornado/websocket.py", line 1113, in wrapper
    await fut
tornado.iostream.StreamClosedError: Stream is closed

During handling of the above exception, another exception occurred:

Traceback (most recent call last):
  File "/home/codespace/.local/lib/python3.12/site-packages/tornado/websocket.py", line 1115, in wrapper
    raise WebSocketClosedError()
tornado.websocket.WebSocketClosedError
2026-03-31 23:36:29,300 ERROR asyncio Task exception was never retrieved
future: <Task finished name='Task-30794' coro=<WebSocketProtocol13.write_message.<locals>.wrapper() done, defined at /home/codespace/.local/lib/python3.12/site-packages/tornado/websocket.py:1111> exception=WebSocketClosedError()>
Traceback (most recent call last):
  File "/home/codespace/.local/lib/python3.12/site-packages/tornado/websocket.py", line 1113, in wrapper
    await fut
tornado.iostream.StreamClosedError: Stream is closed

During handling of the above exception, another exception occurred:

Traceback (most recent call last):
  File "/home/codespace/.local/lib/python3.12/site-packages/tornado/websocket.py", line 1115, in wrapper
    raise WebSocketClosedError()
tornado.websocket.WebSocketClosedError
2026-03-31 23:36:29,300 ERROR asyncio Task exception was never retrieved
future: <Task finished name='Task-30795' coro=<WebSocketProtocol13.write_message.<locals>.wrapper() done, defined at /home/codespace/.local/lib/python3.12/site-packages/tornado/websocket.py:1111> exception=WebSocketClosedError()>
Traceback (most recent call last):
  File "/home/codespace/.local/lib/python3.12/site-packages/tornado/websocket.py", line 1113, in wrapper
    await fut
tornado.iostream.StreamClosedError: Stream is closed

During handling of the above exception, another exception occurred:

Traceback (most recent call last):
  File "/home/codespace/.local/lib/python3.12/site-packages/tornado/websocket.py", line 1115, in wrapper
    raise WebSocketClosedError()
tornado.websocket.WebSocketClosedError
2026-03-31 23:36:29,300 ERROR asyncio Task exception was never retrieved
future: <Task finished name='Task-30796' coro=<WebSocketProtocol13.write_message.<locals>.wrapper() done, defined at /home/codespace/.local/lib/python3.12/site-packages/tornado/websocket.py:1111> exception=WebSocketClosedError()>
Traceback (most recent call last):
  File "/home/codespace/.local/lib/python3.12/site-packages/tornado/websocket.py", line 1113, in wrapper
    await fut
tornado.iostream.StreamClosedError: Stream is closed

During handling of the above exception, another exception occurred:

Traceback (most recent call last):
  File "/home/codespace/.local/lib/python3.12/site-packages/tornado/websocket.py", line 1115, in wrapper
    raise WebSocketClosedError()
tornado.websocket.WebSocketClosedError
2026-03-31 23:36:29,301 ERROR asyncio Task exception was never retrieved
future: <Task finished name='Task-30797' coro=<WebSocketProtocol13.write_message.<locals>.wrapper() done, defined at /home/codespace/.local/lib/python3.12/site-packages/tornado/websocket.py:1111> exception=WebSocketClosedError()>
Traceback (most recent call last):
  File "/home/codespace/.local/lib/python3.12/site-packages/tornado/websocket.py", line 1113, in wrapper
    await fut
tornado.iostream.StreamClosedError: Stream is closed

During handling of the above exception, another exception occurred:

Traceback (most recent call last):
  File "/home/codespace/.local/lib/python3.12/site-packages/tornado/websocket.py", line 1115, in wrapper
    raise WebSocketClosedError()
tornado.websocket.WebSocketClosedError
2026-03-31 23:36:29,301 ERROR asyncio Task exception was never retrieved
future: <Task finished name='Task-30798' coro=<WebSocketProtocol13.write_message.<locals>.wrapper() done, defined at /home/codespace/.local/lib/python3.12/site-packages/tornado/websocket.py:1111> exception=WebSocketClosedError()>
Traceback (most recent call last):
  File "/home/codespace/.local/lib/python3.12/site-packages/tornado/websocket.py", line 1113, in wrapper
    await fut
tornado.iostream.StreamClosedError: Stream is closed

During handling of the above exception, another exception occurred:

Traceback (most recent call last):
  File "/home/codespace/.local/lib/python3.12/site-packages/tornado/websocket.py", line 1115, in wrapper
    raise WebSocketClosedError()
tornado.websocket.WebSocketClosedError
2026-03-31 23:36:29,302 ERROR asyncio Task exception was never retrieved
future: <Task finished name='Task-30799' coro=<WebSocketProtocol13.write_message.<locals>.wrapper() done, defined at /home/codespace/.local/lib/python3.12/site-packages/tornado/websocket.py:1111> exception=WebSocketClosedError()>
Traceback (most recent call last):
  File "/home/codespace/.local/lib/python3.12/site-packages/tornado/websocket.py", line 1113, in wrapper
    await fut
tornado.iostream.StreamClosedError: Stream is closed

During handling of the above exception, another exception occurred:

Traceback (most recent call last):
  File "/home/codespace/.local/lib/python3.12/site-packages/tornado/websocket.py", line 1115, in wrapper
    raise WebSocketClosedError()
tornado.websocket.WebSocketClosedError
2026-03-31 23:36:29,302 ERROR asyncio Task exception was never retrieved
future: <Task finished name='Task-30800' coro=<WebSocketProtocol13.write_message.<locals>.wrapper() done, defined at /home/codespace/.local/lib/python3.12/site-packages/tornado/websocket.py:1111> exception=WebSocketClosedError()>
Traceback (most recent call last):
  File "/home/codespace/.local/lib/python3.12/site-packages/tornado/websocket.py", line 1113, in wrapper
    await fut
tornado.iostream.StreamClosedError: Stream is closed

During handling of the above exception, another exception occurred:

Traceback (most recent call last):
  File "/home/codespace/.local/lib/python3.12/site-packages/tornado/websocket.py", line 1115, in wrapper
    raise WebSocketClosedError()
tornado.websocket.WebSocketClosedError
2026-03-31 23:36:29,302 ERROR asyncio Task exception was never retrieved
future: <Task finished name='Task-30801' coro=<WebSocketProtocol13.write_message.<locals>.wrapper() done, defined at /home/codespace/.local/lib/python3.12/site-packages/tornado/websocket.py:1111> exception=WebSocketClosedError()>
Traceback (most recent call last):
  File "/home/codespace/.local/lib/python3.12/site-packages/tornado/websocket.py", line 1113, in wrapper
    await fut
tornado.iostream.StreamClosedError: Stream is closed

During handling of the above exception, another exception occurred:

Traceback (most recent call last):
  File "/home/codespace/.local/lib/python3.12/site-packages/tornado/websocket.py", line 1115, in wrapper
    raise WebSocketClosedError()
tornado.websocket.WebSocketClosedError
2026-03-31 23:36:29,303 ERROR asyncio Task exception was never retrieved
future: <Task finished name='Task-30802' coro=<WebSocketProtocol13.write_message.<locals>.wrapper() done, defined at /home/codespace/.local/lib/python3.12/site-packages/tornado/websocket.py:1111> exception=WebSocketClosedError()>
Traceback (most recent call last):
  File "/home/codespace/.local/lib/python3.12/site-packages/tornado/websocket.py", line 1113, in wrapper
    await fut
tornado.iostream.StreamClosedError: Stream is closed

During handling of the above exception, another exception occurred:

Traceback (most recent call last):
  File "/home/codespace/.local/lib/python3.12/site-packages/tornado/websocket.py", line 1115, in wrapper
    raise WebSocketClosedError()
tornado.websocket.WebSocketClosedError
2026-03-31 23:36:29,303 ERROR asyncio Task exception was never retrieved
future: <Task finished name='Task-30803' coro=<WebSocketProtocol13.write_message.<locals>.wrapper() done, defined at /home/codespace/.local/lib/python3.12/site-packages/tornado/websocket.py:1111> exception=WebSocketClosedError()>
Traceback (most recent call last):
  File "/home/codespace/.local/lib/python3.12/site-packages/tornado/websocket.py", line 1113, in wrapper
    await fut
tornado.iostream.StreamClosedError: Stream is closed

During handling of the above exception, another exception occurred:

Traceback (most recent call last):
  File "/home/codespace/.local/lib/python3.12/site-packages/tornado/websocket.py", line 1115, in wrapper
    raise WebSocketClosedError()
tornado.websocket.WebSocketClosedError
2026-03-31 23:36:29,304 ERROR asyncio Task exception was never retrieved
future: <Task finished name='Task-30804' coro=<WebSocketProtocol13.write_message.<locals>.wrapper() done, defined at /home/codespace/.local/lib/python3.12/site-packages/tornado/websocket.py:1111> exception=WebSocketClosedError()>
Traceback (most recent call last):
  File "/home/codespace/.local/lib/python3.12/site-packages/tornado/websocket.py", line 1113, in wrapper
    await fut
tornado.iostream.StreamClosedError: Stream is closed

During handling of the above exception, another exception occurred:

Traceback (most recent call last):
  File "/home/codespace/.local/lib/python3.12/site-packages/tornado/websocket.py", line 1115, in wrapper
    raise WebSocketClosedError()
tornado.websocket.WebSocketClosedError
2026-03-31 23:36:29,304 ERROR asyncio Task exception was never retrieved
future: <Task finished name='Task-30805' coro=<WebSocketProtocol13.write_message.<locals>.wrapper() done, defined at /home/codespace/.local/lib/python3.12/site-packages/tornado/websocket.py:1111> exception=WebSocketClosedError()>
Traceback (most recent call last):
  File "/home/codespace/.local/lib/python3.12/site-packages/tornado/websocket.py", line 1113, in wrapper
    await fut
tornado.iostream.StreamClosedError: Stream is closed

During handling of the above exception, another exception occurred:

Traceback (most recent call last):
  File "/home/codespace/.local/lib/python3.12/site-packages/tornado/websocket.py", line 1115, in wrapper
    raise WebSocketClosedError()
tornado.websocket.WebSocketClosedError
2026-03-31 23:36:29,304 ERROR asyncio Task exception was never retrieved
future: <Task finished name='Task-30806' coro=<WebSocketProtocol13.write_message.<locals>.wrapper() done, defined at /home/codespace/.local/lib/python3.12/site-packages/tornado/websocket.py:1111> exception=WebSocketClosedError()>
Traceback (most recent call last):
  File "/home/codespace/.local/lib/python3.12/site-packages/tornado/websocket.py", line 1113, in wrapper
    await fut
tornado.iostream.StreamClosedError: Stream is closed

During handling of the above exception, another exception occurred:

Traceback (most recent call last):
  File "/home/codespace/.local/lib/python3.12/site-packages/tornado/websocket.py", line 1115, in wrapper
    raise WebSocketClosedError()
tornado.websocket.WebSocketClosedError
2026-03-31 23:36:29,305 ERROR asyncio Task exception was never retrieved
future: <Task finished name='Task-30807' coro=<WebSocketProtocol13.write_message.<locals>.wrapper() done, defined at /home/codespace/.local/lib/python3.12/site-packages/tornado/websocket.py:1111> exception=WebSocketClosedError()>
Traceback (most recent call last):
  File "/home/codespace/.local/lib/python3.12/site-packages/tornado/websocket.py", line 1113, in wrapper
    await fut
tornado.iostream.StreamClosedError: Stream is closed

During handling of the above exception, another exception occurred:

Traceback (most recent call last):
  File "/home/codespace/.local/lib/python3.12/site-packages/tornado/websocket.py", line 1115, in wrapper
    raise WebSocketClosedError()
tornado.websocket.WebSocketClosedError
2026-03-31 23:36:29,305 ERROR asyncio Task exception was never retrieved
future: <Task finished name='Task-30808' coro=<WebSocketProtocol13.write_message.<locals>.wrapper() done, defined at /home/codespace/.local/lib/python3.12/site-packages/tornado/websocket.py:1111> exception=WebSocketClosedError()>
Traceback (most recent call last):
  File "/home/codespace/.local/lib/python3.12/site-packages/tornado/websocket.py", line 1113, in wrapper
    await fut
tornado.iostream.StreamClosedError: Stream is closed

During handling of the above exception, another exception occurred:

Traceback (most recent call last):
  File "/home/codespace/.local/lib/python3.12/site-packages/tornado/websocket.py", line 1115, in wrapper
    raise WebSocketClosedError()
tornado.websocket.WebSocketClosedError
2026-03-31 23:36:29,306 ERROR asyncio Task exception was never retrieved
future: <Task finished name='Task-30809' coro=<WebSocketProtocol13.write_message.<locals>.wrapper() done, defined at /home/codespace/.local/lib/python3.12/site-packages/tornado/websocket.py:1111> exception=WebSocketClosedError()>
Traceback (most recent call last):
  File "/home/codespace/.local/lib/python3.12/site-packages/tornado/websocket.py", line 1113, in wrapper
    await fut
tornado.iostream.StreamClosedError: Stream is closed

During handling of the above exception, another exception occurred:

Traceback (most recent call last):
  File "/home/codespace/.local/lib/python3.12/site-packages/tornado/websocket.py", line 1115, in wrapper
    raise WebSocketClosedError()
tornado.websocket.WebSocketClosedError
2026-03-31 23:36:29,306 ERROR asyncio Task exception was never retrieved
future: <Task finished name='Task-30810' coro=<WebSocketProtocol13.write_message.<locals>.wrapper() done, defined at /home/codespace/.local/lib/python3.12/site-packages/tornado/websocket.py:1111> exception=WebSocketClosedError()>
Traceback (most recent call last):
  File "/home/codespace/.local/lib/python3.12/site-packages/tornado/websocket.py", line 1113, in wrapper
    await fut
tornado.iostream.StreamClosedError: Stream is closed

During handling of the above exception, another exception occurred:

Traceback (most recent call last):
  File "/home/codespace/.local/lib/python3.12/site-packages/tornado/websocket.py", line 1115, in wrapper
    raise WebSocketClosedError()
tornado.websocket.WebSocketClosedError
2026-03-31 23:36:29,306 ERROR asyncio Task exception was never retrieved
future: <Task finished name='Task-30811' coro=<WebSocketProtocol13.write_message.<locals>.wrapper() done, defined at /home/codespace/.local/lib/python3.12/site-packages/tornado/websocket.py:1111> exception=WebSocketClosedError()>
Traceback (most recent call last):
  File "/home/codespace/.local/lib/python3.12/site-packages/tornado/websocket.py", line 1113, in wrapper
    await fut
tornado.iostream.StreamClosedError: Stream is closed

During handling of the above exception, another exception occurred:

Traceback (most recent call last):
  File "/home/codespace/.local/lib/python3.12/site-packages/tornado/websocket.py", line 1115, in wrapper
    raise WebSocketClosedError()
tornado.websocket.WebSocketClosedError
2026-03-31 23:36:29,307 ERROR asyncio Task exception was never retrieved
future: <Task finished name='Task-30812' coro=<WebSocketProtocol13.write_message.<locals>.wrapper() done, defined at /home/codespace/.local/lib/python3.12/site-packages/tornado/websocket.py:1111> exception=WebSocketClosedError()>
Traceback (most recent call last):
  File "/home/codespace/.local/lib/python3.12/site-packages/tornado/websocket.py", line 1113, in wrapper
    await fut
tornado.iostream.StreamClosedError: Stream is closed

During handling of the above exception, another exception occurred:

Traceback (most recent call last):
  File "/home/codespace/.local/lib/python3.12/site-packages/tornado/websocket.py", line 1115, in wrapper
    raise WebSocketClosedError()
tornado.websocket.WebSocketClosedError
2026-03-31 23:36:29,307 ERROR asyncio Task exception was never retrieved
future: <Task finished name='Task-30813' coro=<WebSocketProtocol13.write_message.<locals>.wrapper() done, defined at /home/codespace/.local/lib/python3.12/site-packages/tornado/websocket.py:1111> exception=WebSocketClosedError()>
Traceback (most recent call last):
  File "/home/codespace/.local/lib/python3.12/site-packages/tornado/websocket.py", line 1113, in wrapper
    await fut
tornado.iostream.StreamClosedError: Stream is closed

During handling of the above exception, another exception occurred:

Traceback (most recent call last):
  File "/home/codespace/.local/lib/python3.12/site-packages/tornado/websocket.py", line 1115, in wrapper
    raise WebSocketClosedError()
tornado.websocket.WebSocketClosedError
2026-03-31 23:36:29,307 ERROR asyncio Task exception was never retrieved
future: <Task finished name='Task-30814' coro=<WebSocketProtocol13.write_message.<locals>.wrapper() done, defined at /home/codespace/.local/lib/python3.12/site-packages/tornado/websocket.py:1111> exception=WebSocketClosedError()>
Traceback (most recent call last):
  File "/home/codespace/.local/lib/python3.12/site-packages/tornado/websocket.py", line 1113, in wrapper
    await fut
tornado.iostream.StreamClosedError: Stream is closed

During handling of the above exception, another exception occurred:

Traceback (most recent call last):
  File "/home/codespace/.local/lib/python3.12/site-packages/tornado/websocket.py", line 1115, in wrapper
    raise WebSocketClosedError()
tornado.websocket.WebSocketClosedError
2026-03-31 23:36:29,308 ERROR asyncio Task exception was never retrieved
future: <Task finished name='Task-30815' coro=<WebSocketProtocol13.write_message.<locals>.wrapper() done, defined at /home/codespace/.local/lib/python3.12/site-packages/tornado/websocket.py:1111> exception=WebSocketClosedError()>
Traceback (most recent call last):
  File "/home/codespace/.local/lib/python3.12/site-packages/tornado/websocket.py", line 1113, in wrapper
    await fut
tornado.iostream.StreamClosedError: Stream is closed

During handling of the above exception, another exception occurred:

Traceback (most recent call last):
  File "/home/codespace/.local/lib/python3.12/site-packages/tornado/websocket.py", line 1115, in wrapper
    raise WebSocketClosedError()
tornado.websocket.WebSocketClosedError
2026-03-31 23:36:29,308 ERROR asyncio Task exception was never retrieved
future: <Task finished name='Task-30816' coro=<WebSocketProtocol13.write_message.<locals>.wrapper() done, defined at /home/codespace/.local/lib/python3.12/site-packages/tornado/websocket.py:1111> exception=WebSocketClosedError()>
Traceback (most recent call last):
  File "/home/codespace/.local/lib/python3.12/site-packages/tornado/websocket.py", line 1113, in wrapper
    await fut
tornado.iostream.StreamClosedError: Stream is closed

During handling of the above exception, another exception occurred:

Traceback (most recent call last):
  File "/home/codespace/.local/lib/python3.12/site-packages/tornado/websocket.py", line 1115, in wrapper
    raise WebSocketClosedError()
tornado.websocket.WebSocketClosedError
2026-03-31 23:36:29,309 ERROR asyncio Task exception was never retrieved
future: <Task finished name='Task-30817' coro=<WebSocketProtocol13.write_message.<locals>.wrapper() done, defined at /home/codespace/.local/lib/python3.12/site-packages/tornado/websocket.py:1111> exception=WebSocketClosedError()>
Traceback (most recent call last):
  File "/home/codespace/.local/lib/python3.12/site-packages/tornado/websocket.py", line 1113, in wrapper
    await fut
tornado.iostream.StreamClosedError: Stream is closed

During handling of the above exception, another exception occurred:

Traceback (most recent call last):
  File "/home/codespace/.local/lib/python3.12/site-packages/tornado/websocket.py", line 1115, in wrapper
    raise WebSocketClosedError()
tornado.websocket.WebSocketClosedError
2026-03-31 23:36:29,309 ERROR asyncio Task exception was never retrieved
future: <Task finished name='Task-30818' coro=<WebSocketProtocol13.write_message.<locals>.wrapper() done, defined at /home/codespace/.local/lib/python3.12/site-packages/tornado/websocket.py:1111> exception=WebSocketClosedError()>
Traceback (most recent call last):
  File "/home/codespace/.local/lib/python3.12/site-packages/tornado/websocket.py", line 1113, in wrapper
    await fut
tornado.iostream.StreamClosedError: Stream is closed

During handling of the above exception, another exception occurred:

Traceback (most recent call last):
  File "/home/codespace/.local/lib/python3.12/site-packages/tornado/websocket.py", line 1115, in wrapper
    raise WebSocketClosedError()
tornado.websocket.WebSocketClosedError
2026-03-31 23:36:29,336 ERROR asyncio Task exception was never retrieved
future: <Task finished name='Task-30819' coro=<WebSocketProtocol13.write_message.<locals>.wrapper() done, defined at /home/codespace/.local/lib/python3.12/site-packages/tornado/websocket.py:1111> exception=WebSocketClosedError()>
Traceback (most recent call last):
  File "/home/codespace/.local/lib/python3.12/site-packages/tornado/websocket.py", line 1113, in wrapper
    await fut
tornado.iostream.StreamClosedError: Stream is closed

During handling of the above exception, another exception occurred:

Traceback (most recent call last):
  File "/home/codespace/.local/lib/python3.12/site-packages/tornado/websocket.py", line 1115, in wrapper
    raise WebSocketClosedError()
tornado.websocket.WebSocketClosedError
2026-03-31 23:36:29,337 ERROR asyncio Task exception was never retrieved
future: <Task finished name='Task-30820' coro=<WebSocketProtocol13.write_message.<locals>.wrapper() done, defined at /home/codespace/.local/lib/python3.12/site-packages/tornado/websocket.py:1111> exception=WebSocketClosedError()>
Traceback (most recent call last):
  File "/home/codespace/.local/lib/python3.12/site-packages/tornado/websocket.py", line 1113, in wrapper
    await fut
tornado.iostream.StreamClosedError: Stream is closed

During handling of the above exception, another exception occurred:

Traceback (most recent call last):
  File "/home/codespace/.local/lib/python3.12/site-packages/tornado/websocket.py", line 1115, in wrapper
    raise WebSocketClosedError()
tornado.websocket.WebSocketClosedError
2026-03-31 23:36:29,337 ERROR asyncio Task exception was never retrieved
future: <Task finished name='Task-30821' coro=<WebSocketProtocol13.write_message.<locals>.wrapper() done, defined at /home/codespace/.local/lib/python3.12/site-packages/tornado/websocket.py:1111> exception=WebSocketClosedError()>
Traceback (most recent call last):
  File "/home/codespace/.local/lib/python3.12/site-packages/tornado/websocket.py", line 1113, in wrapper
    await fut
tornado.iostream.StreamClosedError: Stream is closed

During handling of the above exception, another exception occurred:

Traceback (most recent call last):
  File "/home/codespace/.local/lib/python3.12/site-packages/tornado/websocket.py", line 1115, in wrapper
    raise WebSocketClosedError()
tornado.websocket.WebSocketClosedError
2026-03-31 23:36:29,338 ERROR asyncio Task exception was never retrieved
future: <Task finished name='Task-30822' coro=<WebSocketProtocol13.write_message.<locals>.wrapper() done, defined at /home/codespace/.local/lib/python3.12/site-packages/tornado/websocket.py:1111> exception=WebSocketClosedError()>
Traceback (most recent call last):
  File "/home/codespace/.local/lib/python3.12/site-packages/tornado/websocket.py", line 1113, in wrapper
    await fut
tornado.iostream.StreamClosedError: Stream is closed

During handling of the above exception, another exception occurred:

Traceback (most recent call last):
  File "/home/codespace/.local/lib/python3.12/site-packages/tornado/websocket.py", line 1115, in wrapper
    raise WebSocketClosedError()
tornado.websocket.WebSocketClosedError
2026-03-31 23:36:29,338 ERROR asyncio Task exception was never retrieved
future: <Task finished name='Task-30823' coro=<WebSocketProtocol13.write_message.<locals>.wrapper() done, defined at /home/codespace/.local/lib/python3.12/site-packages/tornado/websocket.py:1111> exception=WebSocketClosedError()>
Traceback (most recent call last):
  File "/home/codespace/.local/lib/python3.12/site-packages/tornado/websocket.py", line 1113, in wrapper
    await fut
tornado.iostream.StreamClosedError: Stream is closed

During handling of the above exception, another exception occurred:

Traceback (most recent call last):
  File "/home/codespace/.local/lib/python3.12/site-packages/tornado/websocket.py", line 1115, in wrapper
    raise WebSocketClosedError()
tornado.websocket.WebSocketClosedError
2026-03-31 23:36:29,338 ERROR asyncio Task exception was never retrieved
future: <Task finished name='Task-30824' coro=<WebSocketProtocol13.write_message.<locals>.wrapper() done, defined at /home/codespace/.local/lib/python3.12/site-packages/tornado/websocket.py:1111> exception=WebSocketClosedError()>
Traceback (most recent call last):
  File "/home/codespace/.local/lib/python3.12/site-packages/tornado/websocket.py", line 1113, in wrapper
    await fut
tornado.iostream.StreamClosedError: Stream is closed

During handling of the above exception, another exception occurred:

Traceback (most recent call last):
  File "/home/codespace/.local/lib/python3.12/site-packages/tornado/websocket.py", line 1115, in wrapper
    raise WebSocketClosedError()
tornado.websocket.WebSocketClosedError
2026-03-31 23:36:29,339 ERROR asyncio Task exception was never retrieved
future: <Task finished name='Task-30825' coro=<WebSocketProtocol13.write_message.<locals>.wrapper() done, defined at /home/codespace/.local/lib/python3.12/site-packages/tornado/websocket.py:1111> exception=WebSocketClosedError()>
Traceback (most recent call last):
  File "/home/codespace/.local/lib/python3.12/site-packages/tornado/websocket.py", line 1113, in wrapper
    await fut
tornado.iostream.StreamClosedError: Stream is closed

During handling of the above exception, another exception occurred:

Traceback (most recent call last):
  File "/home/codespace/.local/lib/python3.12/site-packages/tornado/websocket.py", line 1115, in wrapper
    raise WebSocketClosedError()
tornado.websocket.WebSocketClosedError
2026-03-31 23:36:29,339 ERROR asyncio Task exception was never retrieved
future: <Task finished name='Task-30826' coro=<WebSocketProtocol13.write_message.<locals>.wrapper() done, defined at /home/codespace/.local/lib/python3.12/site-packages/tornado/websocket.py:1111> exception=WebSocketClosedError()>
Traceback (most recent call last):
  File "/home/codespace/.local/lib/python3.12/site-packages/tornado/websocket.py", line 1113, in wrapper
    await fut
tornado.iostream.StreamClosedError: Stream is closed

During handling of the above exception, another exception occurred:

Traceback (most recent call last):
  File "/home/codespace/.local/lib/python3.12/site-packages/tornado/websocket.py", line 1115, in wrapper
    raise WebSocketClosedError()
tornado.websocket.WebSocketClosedError
2026-03-31 23:36:29,340 ERROR asyncio Task exception was never retrieved
future: <Task finished name='Task-30827' coro=<WebSocketProtocol13.write_message.<locals>.wrapper() done, defined at /home/codespace/.local/lib/python3.12/site-packages/tornado/websocket.py:1111> exception=WebSocketClosedError()>
Traceback (most recent call last):
  File "/home/codespace/.local/lib/python3.12/site-packages/tornado/websocket.py", line 1113, in wrapper
    await fut
tornado.iostream.StreamClosedError: Stream is closed

During handling of the above exception, another exception occurred:

Traceback (most recent call last):
  File "/home/codespace/.local/lib/python3.12/site-packages/tornado/websocket.py", line 1115, in wrapper
    raise WebSocketClosedError()
tornado.websocket.WebSocketClosedError
2026-03-31 23:36:29,340 ERROR asyncio Task exception was never retrieved
future: <Task finished name='Task-30828' coro=<WebSocketProtocol13.write_message.<locals>.wrapper() done, defined at /home/codespace/.local/lib/python3.12/site-packages/tornado/websocket.py:1111> exception=WebSocketClosedError()>
Traceback (most recent call last):
  File "/home/codespace/.local/lib/python3.12/site-packages/tornado/websocket.py", line 1113, in wrapper
    await fut
tornado.iostream.StreamClosedError: Stream is closed

During handling of the above exception, another exception occurred:

Traceback (most recent call last):
  File "/home/codespace/.local/lib/python3.12/site-packages/tornado/websocket.py", line 1115, in wrapper
    raise WebSocketClosedError()
tornado.websocket.WebSocketClosedError
2026-03-31 23:36:29,341 ERROR asyncio Task exception was never retrieved
future: <Task finished name='Task-30829' coro=<WebSocketProtocol13.write_message.<locals>.wrapper() done, defined at /home/codespace/.local/lib/python3.12/site-packages/tornado/websocket.py:1111> exception=WebSocketClosedError()>
Traceback (most recent call last):
  File "/home/codespace/.local/lib/python3.12/site-packages/tornado/websocket.py", line 1113, in wrapper
    await fut
tornado.iostream.StreamClosedError: Stream is closed

During handling of the above exception, another exception occurred:

Traceback (most recent call last):
  File "/home/codespace/.local/lib/python3.12/site-packages/tornado/websocket.py", line 1115, in wrapper
    raise WebSocketClosedError()
tornado.websocket.WebSocketClosedError
2026-03-31 23:36:29,341 ERROR asyncio Task exception was never retrieved
future: <Task finished name='Task-30830' coro=<WebSocketProtocol13.write_message.<locals>.wrapper() done, defined at /home/codespace/.local/lib/python3.12/site-packages/tornado/websocket.py:1111> exception=WebSocketClosedError()>
Traceback (most recent call last):
  File "/home/codespace/.local/lib/python3.12/site-packages/tornado/websocket.py", line 1113, in wrapper
    await fut
tornado.iostream.StreamClosedError: Stream is closed

During handling of the above exception, another exception occurred:

Traceback (most recent call last):
  File "/home/codespace/.local/lib/python3.12/site-packages/tornado/websocket.py", line 1115, in wrapper
    raise WebSocketClosedError()
tornado.websocket.WebSocketClosedError
2026-03-31 23:36:29,342 ERROR asyncio Task exception was never retrieved
future: <Task finished name='Task-30831' coro=<WebSocketProtocol13.write_message.<locals>.wrapper() done, defined at /home/codespace/.local/lib/python3.12/site-packages/tornado/websocket.py:1111> exception=WebSocketClosedError()>
Traceback (most recent call last):
  File "/home/codespace/.local/lib/python3.12/site-packages/tornado/websocket.py", line 1113, in wrapper
    await fut
tornado.iostream.StreamClosedError: Stream is closed

During handling of the above exception, another exception occurred:

Traceback (most recent call last):
  File "/home/codespace/.local/lib/python3.12/site-packages/tornado/websocket.py", line 1115, in wrapper
    raise WebSocketClosedError()
tornado.websocket.WebSocketClosedError
2026-03-31 23:36:29,342 ERROR asyncio Task exception was never retrieved
future: <Task finished name='Task-30832' coro=<WebSocketProtocol13.write_message.<locals>.wrapper() done, defined at /home/codespace/.local/lib/python3.12/site-packages/tornado/websocket.py:1111> exception=WebSocketClosedError()>
Traceback (most recent call last):
  File "/home/codespace/.local/lib/python3.12/site-packages/tornado/websocket.py", line 1113, in wrapper
    await fut
tornado.iostream.StreamClosedError: Stream is closed

During handling of the above exception, another exception occurred:

Traceback (most recent call last):
  File "/home/codespace/.local/lib/python3.12/site-packages/tornado/websocket.py", line 1115, in wrapper
    raise WebSocketClosedError()
tornado.websocket.WebSocketClosedError
2026-03-31 23:36:29,342 ERROR asyncio Task exception was never retrieved
future: <Task finished name='Task-30833' coro=<WebSocketProtocol13.write_message.<locals>.wrapper() done, defined at /home/codespace/.local/lib/python3.12/site-packages/tornado/websocket.py:1111> exception=WebSocketClosedError()>
Traceback (most recent call last):
  File "/home/codespace/.local/lib/python3.12/site-packages/tornado/websocket.py", line 1113, in wrapper
    await fut
tornado.iostream.StreamClosedError: Stream is closed

During handling of the above exception, another exception occurred:

Traceback (most recent call last):
  File "/home/codespace/.local/lib/python3.12/site-packages/tornado/websocket.py", line 1115, in wrapper
    raise WebSocketClosedError()
tornado.websocket.WebSocketClosedError
2026-03-31 23:36:29,343 ERROR asyncio Task exception was never retrieved
future: <Task finished name='Task-30834' coro=<WebSocketProtocol13.write_message.<locals>.wrapper() done, defined at /home/codespace/.local/lib/python3.12/site-packages/tornado/websocket.py:1111> exception=WebSocketClosedError()>
Traceback (most recent call last):
  File "/home/codespace/.local/lib/python3.12/site-packages/tornado/websocket.py", line 1113, in wrapper
    await fut
tornado.iostream.StreamClosedError: Stream is closed

During handling of the above exception, another exception occurred:

Traceback (most recent call last):
  File "/home/codespace/.local/lib/python3.12/site-packages/tornado/websocket.py", line 1115, in wrapper
    raise WebSocketClosedError()
tornado.websocket.WebSocketClosedError
2026-03-31 23:36:29,343 ERROR asyncio Task exception was never retrieved
future: <Task finished name='Task-30835' coro=<WebSocketProtocol13.write_message.<locals>.wrapper() done, defined at /home/codespace/.local/lib/python3.12/site-packages/tornado/websocket.py:1111> exception=WebSocketClosedError()>
Traceback (most recent call last):
  File "/home/codespace/.local/lib/python3.12/site-packages/tornado/websocket.py", line 1113, in wrapper
    await fut
tornado.iostream.StreamClosedError: Stream is closed

During handling of the above exception, another exception occurred:

Traceback (most recent call last):
  File "/home/codespace/.local/lib/python3.12/site-packages/tornado/websocket.py", line 1115, in wrapper
    raise WebSocketClosedError()
tornado.websocket.WebSocketClosedError
2026-03-31 23:36:29,343 ERROR asyncio Task exception was never retrieved
future: <Task finished name='Task-30836' coro=<WebSocketProtocol13.write_message.<locals>.wrapper() done, defined at /home/codespace/.local/lib/python3.12/site-packages/tornado/websocket.py:1111> exception=WebSocketClosedError()>
Traceback (most recent call last):
  File "/home/codespace/.local/lib/python3.12/site-packages/tornado/websocket.py", line 1113, in wrapper
    await fut
tornado.iostream.StreamClosedError: Stream is closed

During handling of the above exception, another exception occurred:

Traceback (most recent call last):
  File "/home/codespace/.local/lib/python3.12/site-packages/tornado/websocket.py", line 1115, in wrapper
    raise WebSocketClosedError()
tornado.websocket.WebSocketClosedError
2026-03-31 23:36:29,344 ERROR asyncio Task exception was never retrieved
future: <Task finished name='Task-30837' coro=<WebSocketProtocol13.write_message.<locals>.wrapper() done, defined at /home/codespace/.local/lib/python3.12/site-packages/tornado/websocket.py:1111> exception=WebSocketClosedError()>
Traceback (most recent call last):
  File "/home/codespace/.local/lib/python3.12/site-packages/tornado/websocket.py", line 1113, in wrapper
    await fut
tornado.iostream.StreamClosedError: Stream is closed

During handling of the above exception, another exception occurred:

Traceback (most recent call last):
  File "/home/codespace/.local/lib/python3.12/site-packages/tornado/websocket.py", line 1115, in wrapper
    raise WebSocketClosedError()
tornado.websocket.WebSocketClosedError
2026-03-31 23:36:29,344 ERROR asyncio Task exception was never retrieved
future: <Task finished name='Task-30838' coro=<WebSocketProtocol13.write_message.<locals>.wrapper() done, defined at /home/codespace/.local/lib/python3.12/site-packages/tornado/websocket.py:1111> exception=WebSocketClosedError()>
Traceback (most recent call last):
  File "/home/codespace/.local/lib/python3.12/site-packages/tornado/websocket.py", line 1113, in wrapper
    await fut
tornado.iostream.StreamClosedError: Stream is closed

During handling of the above exception, another exception occurred:

Traceback (most recent call last):
  File "/home/codespace/.local/lib/python3.12/site-packages/tornado/websocket.py", line 1115, in wrapper
    raise WebSocketClosedError()
tornado.websocket.WebSocketClosedError
2026-03-31 23:36:29,344 ERROR asyncio Task exception was never retrieved
future: <Task finished name='Task-30839' coro=<WebSocketProtocol13.write_message.<locals>.wrapper() done, defined at /home/codespace/.local/lib/python3.12/site-packages/tornado/websocket.py:1111> exception=WebSocketClosedError()>
Traceback (most recent call last):
  File "/home/codespace/.local/lib/python3.12/site-packages/tornado/websocket.py", line 1113, in wrapper
    await fut
tornado.iostream.StreamClosedError: Stream is closed

During handling of the above exception, another exception occurred:

Traceback (most recent call last):
  File "/home/codespace/.local/lib/python3.12/site-packages/tornado/websocket.py", line 1115, in wrapper
    raise WebSocketClosedError()
tornado.websocket.WebSocketClosedError
2026-03-31 23:36:29,345 ERROR asyncio Task exception was never retrieved
future: <Task finished name='Task-30840' coro=<WebSocketProtocol13.write_message.<locals>.wrapper() done, defined at /home/codespace/.local/lib/python3.12/site-packages/tornado/websocket.py:1111> exception=WebSocketClosedError()>
Traceback (most recent call last):
  File "/home/codespace/.local/lib/python3.12/site-packages/tornado/websocket.py", line 1113, in wrapper
    await fut
tornado.iostream.StreamClosedError: Stream is closed

During handling of the above exception, another exception occurred:

Traceback (most recent call last):
  File "/home/codespace/.local/lib/python3.12/site-packages/tornado/websocket.py", line 1115, in wrapper
    raise WebSocketClosedError()
tornado.websocket.WebSocketClosedError
2026-03-31 23:36:29,345 ERROR asyncio Task exception was never retrieved
future: <Task finished name='Task-30841' coro=<WebSocketProtocol13.write_message.<locals>.wrapper() done, defined at /home/codespace/.local/lib/python3.12/site-packages/tornado/websocket.py:1111> exception=WebSocketClosedError()>
Traceback (most recent call last):
  File "/home/codespace/.local/lib/python3.12/site-packages/tornado/websocket.py", line 1113, in wrapper
    await fut
tornado.iostream.StreamClosedError: Stream is closed

During handling of the above exception, another exception occurred:

Traceback (most recent call last):
  File "/home/codespace/.local/lib/python3.12/site-packages/tornado/websocket.py", line 1115, in wrapper
    raise WebSocketClosedError()
tornado.websocket.WebSocketClosedError
2026-03-31 23:36:29,346 ERROR asyncio Task exception was never retrieved
future: <Task finished name='Task-30842' coro=<WebSocketProtocol13.write_message.<locals>.wrapper() done, defined at /home/codespace/.local/lib/python3.12/site-packages/tornado/websocket.py:1111> exception=WebSocketClosedError()>
Traceback (most recent call last):
  File "/home/codespace/.local/lib/python3.12/site-packages/tornado/websocket.py", line 1113, in wrapper
    await fut
tornado.iostream.StreamClosedError: Stream is closed

During handling of the above exception, another exception occurred:

Traceback (most recent call last):
  File "/home/codespace/.local/lib/python3.12/site-packages/tornado/websocket.py", line 1115, in wrapper
    raise WebSocketClosedError()
tornado.websocket.WebSocketClosedError
2026-03-31 23:36:29,346 ERROR asyncio Task exception was never retrieved
future: <Task finished name='Task-30843' coro=<WebSocketProtocol13.write_message.<locals>.wrapper() done, defined at /home/codespace/.local/lib/python3.12/site-packages/tornado/websocket.py:1111> exception=WebSocketClosedError()>
Traceback (most recent call last):
  File "/home/codespace/.local/lib/python3.12/site-packages/tornado/websocket.py", line 1113, in wrapper
    await fut
tornado.iostream.StreamClosedError: Stream is closed

During handling of the above exception, another exception occurred:

Traceback (most recent call last):
  File "/home/codespace/.local/lib/python3.12/site-packages/tornado/websocket.py", line 1115, in wrapper
    raise WebSocketClosedError()
tornado.websocket.WebSocketClosedError
2026-03-31 23:36:29,346 ERROR asyncio Task exception was never retrieved
future: <Task finished name='Task-30844' coro=<WebSocketProtocol13.write_message.<locals>.wrapper() done, defined at /home/codespace/.local/lib/python3.12/site-packages/tornado/websocket.py:1111> exception=WebSocketClosedError()>
Traceback (most recent call last):
  File "/home/codespace/.local/lib/python3.12/site-packages/tornado/websocket.py", line 1113, in wrapper
    await fut
tornado.iostream.StreamClosedError: Stream is closed

During handling of the above exception, another exception occurred:

Traceback (most recent call last):
  File "/home/codespace/.local/lib/python3.12/site-packages/tornado/websocket.py", line 1115, in wrapper
    raise WebSocketClosedError()
tornado.websocket.WebSocketClosedError
2026-03-31 23:36:29,347 ERROR asyncio Task exception was never retrieved
future: <Task finished name='Task-30845' coro=<WebSocketProtocol13.write_message.<locals>.wrapper() done, defined at /home/codespace/.local/lib/python3.12/site-packages/tornado/websocket.py:1111> exception=WebSocketClosedError()>
Traceback (most recent call last):
  File "/home/codespace/.local/lib/python3.12/site-packages/tornado/websocket.py", line 1113, in wrapper
    await fut
tornado.iostream.StreamClosedError: Stream is closed

During handling of the above exception, another exception occurred:

Traceback (most recent call last):
  File "/home/codespace/.local/lib/python3.12/site-packages/tornado/websocket.py", line 1115, in wrapper
    raise WebSocketClosedError()
tornado.websocket.WebSocketClosedError
2026-03-31 23:36:29,347 ERROR asyncio Task exception was never retrieved
future: <Task finished name='Task-30846' coro=<WebSocketProtocol13.write_message.<locals>.wrapper() done, defined at /home/codespace/.local/lib/python3.12/site-packages/tornado/websocket.py:1111> exception=WebSocketClosedError()>
Traceback (most recent call last):
  File "/home/codespace/.local/lib/python3.12/site-packages/tornado/websocket.py", line 1113, in wrapper
    await fut
tornado.iostream.StreamClosedError: Stream is closed

During handling of the above exception, another exception occurred:

Traceback (most recent call last):
  File "/home/codespace/.local/lib/python3.12/site-packages/tornado/websocket.py", line 1115, in wrapper
    raise WebSocketClosedError()
tornado.websocket.WebSocketClosedError
2026-03-31 23:36:29,348 ERROR asyncio Task exception was never retrieved
future: <Task finished name='Task-30847' coro=<WebSocketProtocol13.write_message.<locals>.wrapper() done, defined at /home/codespace/.local/lib/python3.12/site-packages/tornado/websocket.py:1111> exception=WebSocketClosedError()>
Traceback (most recent call last):
  File "/home/codespace/.local/lib/python3.12/site-packages/tornado/websocket.py", line 1113, in wrapper
    await fut
tornado.iostream.StreamClosedError: Stream is closed

During handling of the above exception, another exception occurred:

Traceback (most recent call last):
  File "/home/codespace/.local/lib/python3.12/site-packages/tornado/websocket.py", line 1115, in wrapper
    raise WebSocketClosedError()
tornado.websocket.WebSocketClosedError
2026-03-31 23:36:29,348 ERROR asyncio Task exception was never retrieved
future: <Task finished name='Task-30848' coro=<WebSocketProtocol13.write_message.<locals>.wrapper() done, defined at /home/codespace/.local/lib/python3.12/site-packages/tornado/websocket.py:1111> exception=WebSocketClosedError()>
Traceback (most recent call last):
  File "/home/codespace/.local/lib/python3.12/site-packages/tornado/websocket.py", line 1113, in wrapper
    await fut
tornado.iostream.StreamClosedError: Stream is closed

During handling of the above exception, another exception occurred:

Traceback (most recent call last):
  File "/home/codespace/.local/lib/python3.12/site-packages/tornado/websocket.py", line 1115, in wrapper
    raise WebSocketClosedError()
tornado.websocket.WebSocketClosedError
2026-03-31 23:36:29,348 ERROR asyncio Task exception was never retrieved
future: <Task finished name='Task-30849' coro=<WebSocketProtocol13.write_message.<locals>.wrapper() done, defined at /home/codespace/.local/lib/python3.12/site-packages/tornado/websocket.py:1111> exception=WebSocketClosedError()>
Traceback (most recent call last):
  File "/home/codespace/.local/lib/python3.12/site-packages/tornado/websocket.py", line 1113, in wrapper
    await fut
tornado.iostream.StreamClosedError: Stream is closed

During handling of the above exception, another exception occurred:

Traceback (most recent call last):
  File "/home/codespace/.local/lib/python3.12/site-packages/tornado/websocket.py", line 1115, in wrapper
    raise WebSocketClosedError()
tornado.websocket.WebSocketClosedError
2026-03-31 23:36:29,349 ERROR asyncio Task exception was never retrieved
future: <Task finished name='Task-30850' coro=<WebSocketProtocol13.write_message.<locals>.wrapper() done, defined at /home/codespace/.local/lib/python3.12/site-packages/tornado/websocket.py:1111> exception=WebSocketClosedError()>
Traceback (most recent call last):
  File "/home/codespace/.local/lib/python3.12/site-packages/tornado/websocket.py", line 1113, in wrapper
    await fut
tornado.iostream.StreamClosedError: Stream is closed

During handling of the above exception, another exception occurred:

Traceback (most recent call last):
  File "/home/codespace/.local/lib/python3.12/site-packages/tornado/websocket.py", line 1115, in wrapper
    raise WebSocketClosedError()
tornado.websocket.WebSocketClosedError
2026-03-31 23:36:29,349 ERROR asyncio Task exception was never retrieved
future: <Task finished name='Task-30851' coro=<WebSocketProtocol13.write_message.<locals>.wrapper() done, defined at /home/codespace/.local/lib/python3.12/site-packages/tornado/websocket.py:1111> exception=WebSocketClosedError()>
Traceback (most recent call last):
  File "/home/codespace/.local/lib/python3.12/site-packages/tornado/websocket.py", line 1113, in wrapper
    await fut
tornado.iostream.StreamClosedError: Stream is closed

During handling of the above exception, another exception occurred:

Traceback (most recent call last):
  File "/home/codespace/.local/lib/python3.12/site-packages/tornado/websocket.py", line 1115, in wrapper
    raise WebSocketClosedError()
tornado.websocket.WebSocketClosedError
2026-03-31 23:36:29,350 ERROR asyncio Task exception was never retrieved
future: <Task finished name='Task-30852' coro=<WebSocketProtocol13.write_message.<locals>.wrapper() done, defined at /home/codespace/.local/lib/python3.12/site-packages/tornado/websocket.py:1111> exception=WebSocketClosedError()>
Traceback (most recent call last):
  File "/home/codespace/.local/lib/python3.12/site-packages/tornado/websocket.py", line 1113, in wrapper
    await fut
tornado.iostream.StreamClosedError: Stream is closed

During handling of the above exception, another exception occurred:

Traceback (most recent call last):
  File "/home/codespace/.local/lib/python3.12/site-packages/tornado/websocket.py", line 1115, in wrapper
    raise WebSocketClosedError()
tornado.websocket.WebSocketClosedError
2026-03-31 23:36:29,350 ERROR asyncio Task exception was never retrieved
future: <Task finished name='Task-30853' coro=<WebSocketProtocol13.write_message.<locals>.wrapper() done, defined at /home/codespace/.local/lib/python3.12/site-packages/tornado/websocket.py:1111> exception=WebSocketClosedError()>
Traceback (most recent call last):
  File "/home/codespace/.local/lib/python3.12/site-packages/tornado/websocket.py", line 1113, in wrapper
    await fut
tornado.iostream.StreamClosedError: Stream is closed

During handling of the above exception, another exception occurred:

Traceback (most recent call last):
  File "/home/codespace/.local/lib/python3.12/site-packages/tornado/websocket.py", line 1115, in wrapper
    raise WebSocketClosedError()
tornado.websocket.WebSocketClosedError
2026-03-31 23:36:29,350 ERROR asyncio Task exception was never retrieved
future: <Task finished name='Task-30854' coro=<WebSocketProtocol13.write_message.<locals>.wrapper() done, defined at /home/codespace/.local/lib/python3.12/site-packages/tornado/websocket.py:1111> exception=WebSocketClosedError()>
Traceback (most recent call last):
  File "/home/codespace/.local/lib/python3.12/site-packages/tornado/websocket.py", line 1113, in wrapper
    await fut
tornado.iostream.StreamClosedError: Stream is closed

During handling of the above exception, another exception occurred:

Traceback (most recent call last):
  File "/home/codespace/.local/lib/python3.12/site-packages/tornado/websocket.py", line 1115, in wrapper
    raise WebSocketClosedError()
tornado.websocket.WebSocketClosedError
2026-03-31 23:36:29,351 ERROR asyncio Task exception was never retrieved
future: <Task finished name='Task-30855' coro=<WebSocketProtocol13.write_message.<locals>.wrapper() done, defined at /home/codespace/.local/lib/python3.12/site-packages/tornado/websocket.py:1111> exception=WebSocketClosedError()>
Traceback (most recent call last):
  File "/home/codespace/.local/lib/python3.12/site-packages/tornado/websocket.py", line 1113, in wrapper
    await fut
tornado.iostream.StreamClosedError: Stream is closed

During handling of the above exception, another exception occurred:

Traceback (most recent call last):
  File "/home/codespace/.local/lib/python3.12/site-packages/tornado/websocket.py", line 1115, in wrapper
    raise WebSocketClosedError()
tornado.websocket.WebSocketClosedError
2026-03-31 23:36:29,351 ERROR asyncio Task exception was never retrieved
future: <Task finished name='Task-30856' coro=<WebSocketProtocol13.write_message.<locals>.wrapper() done, defined at /home/codespace/.local/lib/python3.12/site-packages/tornado/websocket.py:1111> exception=WebSocketClosedError()>
Traceback (most recent call last):
  File "/home/codespace/.local/lib/python3.12/site-packages/tornado/websocket.py", line 1113, in wrapper
    await fut
tornado.iostream.StreamClosedError: Stream is closed

During handling of the above exception, another exception occurred:

Traceback (most recent call last):
  File "/home/codespace/.local/lib/python3.12/site-packages/tornado/websocket.py", line 1115, in wrapper
    raise WebSocketClosedError()
tornado.websocket.WebSocketClosedError
2026-03-31 23:36:29,351 ERROR asyncio Task exception was never retrieved
future: <Task finished name='Task-30857' coro=<WebSocketProtocol13.write_message.<locals>.wrapper() done, defined at /home/codespace/.local/lib/python3.12/site-packages/tornado/websocket.py:1111> exception=WebSocketClosedError()>
Traceback (most recent call last):
  File "/home/codespace/.local/lib/python3.12/site-packages/tornado/websocket.py", line 1113, in wrapper
    await fut
tornado.iostream.StreamClosedError: Stream is closed

During handling of the above exception, another exception occurred:

Traceback (most recent call last):
  File "/home/codespace/.local/lib/python3.12/site-packages/tornado/websocket.py", line 1115, in wrapper
    raise WebSocketClosedError()
tornado.websocket.WebSocketClosedError
2026-03-31 23:36:29,352 ERROR asyncio Task exception was never retrieved
future: <Task finished name='Task-30858' coro=<WebSocketProtocol13.write_message.<locals>.wrapper() done, defined at /home/codespace/.local/lib/python3.12/site-packages/tornado/websocket.py:1111> exception=WebSocketClosedError()>
Traceback (most recent call last):
  File "/home/codespace/.local/lib/python3.12/site-packages/tornado/websocket.py", line 1113, in wrapper
    await fut
tornado.iostream.StreamClosedError: Stream is closed

During handling of the above exception, another exception occurred:

Traceback (most recent call last):
  File "/home/codespace/.local/lib/python3.12/site-packages/tornado/websocket.py", line 1115, in wrapper
    raise WebSocketClosedError()
tornado.websocket.WebSocketClosedError
2026-03-31 23:36:29,352 ERROR asyncio Task exception was never retrieved
future: <Task finished name='Task-30859' coro=<WebSocketProtocol13.write_message.<locals>.wrapper() done, defined at /home/codespace/.local/lib/python3.12/site-packages/tornado/websocket.py:1111> exception=WebSocketClosedError()>
Traceback (most recent call last):
  File "/home/codespace/.local/lib/python3.12/site-packages/tornado/websocket.py", line 1113, in wrapper
    await fut
tornado.iostream.StreamClosedError: Stream is closed

During handling of the above exception, another exception occurred:

Traceback (most recent call last):
  File "/home/codespace/.local/lib/python3.12/site-packages/tornado/websocket.py", line 1115, in wrapper
    raise WebSocketClosedError()
tornado.websocket.WebSocketClosedError
2026-03-31 23:36:29,352 ERROR asyncio Task exception was never retrieved
future: <Task finished name='Task-30860' coro=<WebSocketProtocol13.write_message.<locals>.wrapper() done, defined at /home/codespace/.local/lib/python3.12/site-packages/tornado/websocket.py:1111> exception=WebSocketClosedError()>
Traceback (most recent call last):
  File "/home/codespace/.local/lib/python3.12/site-packages/tornado/websocket.py", line 1113, in wrapper
    await fut
tornado.iostream.StreamClosedError: Stream is closed

During handling of the above exception, another exception occurred:

Traceback (most recent call last):
  File "/home/codespace/.local/lib/python3.12/site-packages/tornado/websocket.py", line 1115, in wrapper
    raise WebSocketClosedError()
tornado.websocket.WebSocketClosedError
2026-03-31 23:36:29,353 ERROR asyncio Task exception was never retrieved
future: <Task finished name='Task-30861' coro=<WebSocketProtocol13.write_message.<locals>.wrapper() done, defined at /home/codespace/.local/lib/python3.12/site-packages/tornado/websocket.py:1111> exception=WebSocketClosedError()>
Traceback (most recent call last):
  File "/home/codespace/.local/lib/python3.12/site-packages/tornado/websocket.py", line 1113, in wrapper
    await fut
tornado.iostream.StreamClosedError: Stream is closed

During handling of the above exception, another exception occurred:

Traceback (most recent call last):
  File "/home/codespace/.local/lib/python3.12/site-packages/tornado/websocket.py", line 1115, in wrapper
    raise WebSocketClosedError()
tornado.websocket.WebSocketClosedError
2026-03-31 23:36:29,353 ERROR asyncio Task exception was never retrieved
future: <Task finished name='Task-30862' coro=<WebSocketProtocol13.write_message.<locals>.wrapper() done, defined at /home/codespace/.local/lib/python3.12/site-packages/tornado/websocket.py:1111> exception=WebSocketClosedError()>
Traceback (most recent call last):
  File "/home/codespace/.local/lib/python3.12/site-packages/tornado/websocket.py", line 1113, in wrapper
    await fut
tornado.iostream.StreamClosedError: Stream is closed

During handling of the above exception, another exception occurred:

Traceback (most recent call last):
  File "/home/codespace/.local/lib/python3.12/site-packages/tornado/websocket.py", line 1115, in wrapper
    raise WebSocketClosedError()
tornado.websocket.WebSocketClosedError
2026-03-31 23:36:29,353 ERROR asyncio Task exception was never retrieved
future: <Task finished name='Task-30863' coro=<WebSocketProtocol13.write_message.<locals>.wrapper() done, defined at /home/codespace/.local/lib/python3.12/site-packages/tornado/websocket.py:1111> exception=WebSocketClosedError()>
Traceback (most recent call last):
  File "/home/codespace/.local/lib/python3.12/site-packages/tornado/websocket.py", line 1113, in wrapper
    await fut
tornado.iostream.StreamClosedError: Stream is closed

During handling of the above exception, another exception occurred:

Traceback (most recent call last):
  File "/home/codespace/.local/lib/python3.12/site-packages/tornado/websocket.py", line 1115, in wrapper
    raise WebSocketClosedError()
tornado.websocket.WebSocketClosedError
2026-03-31 23:36:29,354 ERROR asyncio Task exception was never retrieved
future: <Task finished name='Task-30864' coro=<WebSocketProtocol13.write_message.<locals>.wrapper() done, defined at /home/codespace/.local/lib/python3.12/site-packages/tornado/websocket.py:1111> exception=WebSocketClosedError()>
Traceback (most recent call last):
  File "/home/codespace/.local/lib/python3.12/site-packages/tornado/websocket.py", line 1113, in wrapper
    await fut
tornado.iostream.StreamClosedError: Stream is closed

During handling of the above exception, another exception occurred:

Traceback (most recent call last):
  File "/home/codespace/.local/lib/python3.12/site-packages/tornado/websocket.py", line 1115, in wrapper
    raise WebSocketClosedError()
tornado.websocket.WebSocketClosedError
2026-03-31 23:36:29,354 ERROR asyncio Task exception was never retrieved
future: <Task finished name='Task-30865' coro=<WebSocketProtocol13.write_message.<locals>.wrapper() done, defined at /home/codespace/.local/lib/python3.12/site-packages/tornado/websocket.py:1111> exception=WebSocketClosedError()>
Traceback (most recent call last):
  File "/home/codespace/.local/lib/python3.12/site-packages/tornado/websocket.py", line 1113, in wrapper
    await fut
tornado.iostream.StreamClosedError: Stream is closed

During handling of the above exception, another exception occurred:

Traceback (most recent call last):
  File "/home/codespace/.local/lib/python3.12/site-packages/tornado/websocket.py", line 1115, in wrapper
    raise WebSocketClosedError()
tornado.websocket.WebSocketClosedError
2026-03-31 23:36:29,354 ERROR asyncio Task exception was never retrieved
future: <Task finished name='Task-30866' coro=<WebSocketProtocol13.write_message.<locals>.wrapper() done, defined at /home/codespace/.local/lib/python3.12/site-packages/tornado/websocket.py:1111> exception=WebSocketClosedError()>
Traceback (most recent call last):
  File "/home/codespace/.local/lib/python3.12/site-packages/tornado/websocket.py", line 1113, in wrapper
    await fut
tornado.iostream.StreamClosedError: Stream is closed

During handling of the above exception, another exception occurred:

Traceback (most recent call last):
  File "/home/codespace/.local/lib/python3.12/site-packages/tornado/websocket.py", line 1115, in wrapper
    raise WebSocketClosedError()
tornado.websocket.WebSocketClosedError
2026-03-31 23:36:29,355 ERROR asyncio Task exception was never retrieved
future: <Task finished name='Task-30867' coro=<WebSocketProtocol13.write_message.<locals>.wrapper() done, defined at /home/codespace/.local/lib/python3.12/site-packages/tornado/websocket.py:1111> exception=WebSocketClosedError()>
Traceback (most recent call last):
  File "/home/codespace/.local/lib/python3.12/site-packages/tornado/websocket.py", line 1113, in wrapper
    await fut
tornado.iostream.StreamClosedError: Stream is closed

During handling of the above exception, another exception occurred:

Traceback (most recent call last):
  File "/home/codespace/.local/lib/python3.12/site-packages/tornado/websocket.py", line 1115, in wrapper
    raise WebSocketClosedError()
tornado.websocket.WebSocketClosedError
2026-03-31 23:36:29,355 ERROR asyncio Task exception was never retrieved
future: <Task finished name='Task-30868' coro=<WebSocketProtocol13.write_message.<locals>.wrapper() done, defined at /home/codespace/.local/lib/python3.12/site-packages/tornado/websocket.py:1111> exception=WebSocketClosedError()>
Traceback (most recent call last):
  File "/home/codespace/.local/lib/python3.12/site-packages/tornado/websocket.py", line 1113, in wrapper
    await fut
tornado.iostream.StreamClosedError: Stream is closed

During handling of the above exception, another exception occurred:

Traceback (most recent call last):
  File "/home/codespace/.local/lib/python3.12/site-packages/tornado/websocket.py", line 1115, in wrapper
    raise WebSocketClosedError()
tornado.websocket.WebSocketClosedError
2026-03-31 23:36:29,355 ERROR asyncio Task exception was never retrieved
future: <Task finished name='Task-30869' coro=<WebSocketProtocol13.write_message.<locals>.wrapper() done, defined at /home/codespace/.local/lib/python3.12/site-packages/tornado/websocket.py:1111> exception=WebSocketClosedError()>
Traceback (most recent call last):
  File "/home/codespace/.local/lib/python3.12/site-packages/tornado/websocket.py", line 1113, in wrapper
    await fut
tornado.iostream.StreamClosedError: Stream is closed

During handling of the above exception, another exception occurred:

Traceback (most recent call last):
  File "/home/codespace/.local/lib/python3.12/site-packages/tornado/websocket.py", line 1115, in wrapper
    raise WebSocketClosedError()
tornado.websocket.WebSocketClosedError
2026-03-31 23:36:29,355 ERROR asyncio Task exception was never retrieved
future: <Task finished name='Task-30870' coro=<WebSocketProtocol13.write_message.<locals>.wrapper() done, defined at /home/codespace/.local/lib/python3.12/site-packages/tornado/websocket.py:1111> exception=WebSocketClosedError()>
Traceback (most recent call last):
  File "/home/codespace/.local/lib/python3.12/site-packages/tornado/websocket.py", line 1113, in wrapper
    await fut
tornado.iostream.StreamClosedError: Stream is closed

During handling of the above exception, another exception occurred:

Traceback (most recent call last):
  File "/home/codespace/.local/lib/python3.12/site-packages/tornado/websocket.py", line 1115, in wrapper
    raise WebSocketClosedError()
tornado.websocket.WebSocketClosedError
2026-03-31 23:36:29,356 ERROR asyncio Task exception was never retrieved
future: <Task finished name='Task-30871' coro=<WebSocketProtocol13.write_message.<locals>.wrapper() done, defined at /home/codespace/.local/lib/python3.12/site-packages/tornado/websocket.py:1111> exception=WebSocketClosedError()>
Traceback (most recent call last):
  File "/home/codespace/.local/lib/python3.12/site-packages/tornado/websocket.py", line 1113, in wrapper
    await fut
tornado.iostream.StreamClosedError: Stream is closed

During handling of the above exception, another exception occurred:

Traceback (most recent call last):
  File "/home/codespace/.local/lib/python3.12/site-packages/tornado/websocket.py", line 1115, in wrapper
    raise WebSocketClosedError()
tornado.websocket.WebSocketClosedError
2026-03-31 23:36:29,356 ERROR asyncio Task exception was never retrieved
future: <Task finished name='Task-30872' coro=<WebSocketProtocol13.write_message.<locals>.wrapper() done, defined at /home/codespace/.local/lib/python3.12/site-packages/tornado/websocket.py:1111> exception=WebSocketClosedError()>
Traceback (most recent call last):
  File "/home/codespace/.local/lib/python3.12/site-packages/tornado/websocket.py", line 1113, in wrapper
    await fut
tornado.iostream.StreamClosedError: Stream is closed

During handling of the above exception, another exception occurred:

Traceback (most recent call last):
  File "/home/codespace/.local/lib/python3.12/site-packages/tornado/websocket.py", line 1115, in wrapper
    raise WebSocketClosedError()
tornado.websocket.WebSocketClosedError
2026-03-31 23:36:29,356 ERROR asyncio Task exception was never retrieved
future: <Task finished name='Task-30875' coro=<WebSocketProtocol13.write_message.<locals>.wrapper() done, defined at /home/codespace/.local/lib/python3.12/site-packages/tornado/websocket.py:1111> exception=WebSocketClosedError()>
Traceback (most recent call last):
  File "/home/codespace/.local/lib/python3.12/site-packages/tornado/websocket.py", line 1113, in wrapper
    await fut
tornado.iostream.StreamClosedError: Stream is closed

During handling of the above exception, another exception occurred:

Traceback (most recent call last):
  File "/home/codespace/.local/lib/python3.12/site-packages/tornado/websocket.py", line 1115, in wrapper
    raise WebSocketClosedError()
tornado.websocket.WebSocketClosedError
2026-03-31 23:36:29,357 ERROR asyncio Task exception was never retrieved
future: <Task finished name='Task-30876' coro=<WebSocketProtocol13.write_message.<locals>.wrapper() done, defined at /home/codespace/.local/lib/python3.12/site-packages/tornado/websocket.py:1111> exception=WebSocketClosedError()>
Traceback (most recent call last):
  File "/home/codespace/.local/lib/python3.12/site-packages/tornado/websocket.py", line 1113, in wrapper
    await fut
tornado.iostream.StreamClosedError: Stream is closed

During handling of the above exception, another exception occurred:

Traceback (most recent call last):
  File "/home/codespace/.local/lib/python3.12/site-packages/tornado/websocket.py", line 1115, in wrapper
    raise WebSocketClosedError()
tornado.websocket.WebSocketClosedError
2026-03-31 23:36:29,357 ERROR asyncio Task exception was never retrieved
future: <Task finished name='Task-30877' coro=<WebSocketProtocol13.write_message.<locals>.wrapper() done, defined at /home/codespace/.local/lib/python3.12/site-packages/tornado/websocket.py:1111> exception=WebSocketClosedError()>
Traceback (most recent call last):
  File "/home/codespace/.local/lib/python3.12/site-packages/tornado/websocket.py", line 1113, in wrapper
    await fut
tornado.iostream.StreamClosedError: Stream is closed

During handling of the above exception, another exception occurred:

Traceback (most recent call last):
  File "/home/codespace/.local/lib/python3.12/site-packages/tornado/websocket.py", line 1115, in wrapper
    raise WebSocketClosedError()
tornado.websocket.WebSocketClosedError
2026-03-31 23:36:29,357 ERROR asyncio Task exception was never retrieved
future: <Task finished name='Task-30880' coro=<WebSocketProtocol13.write_message.<locals>.wrapper() done, defined at /home/codespace/.local/lib/python3.12/site-packages/tornado/websocket.py:1111> exception=WebSocketClosedError()>
Traceback (most recent call last):
  File "/home/codespace/.local/lib/python3.12/site-packages/tornado/websocket.py", line 1113, in wrapper
    await fut
tornado.iostream.StreamClosedError: Stream is closed

During handling of the above exception, another exception occurred:

Traceback (most recent call last):
  File "/home/codespace/.local/lib/python3.12/site-packages/tornado/websocket.py", line 1115, in wrapper
    raise WebSocketClosedError()
tornado.websocket.WebSocketClosedError
2026-03-31 23:36:29,358 ERROR asyncio Task exception was never retrieved
future: <Task finished name='Task-30881' coro=<WebSocketProtocol13.write_message.<locals>.wrapper() done, defined at /home/codespace/.local/lib/python3.12/site-packages/tornado/websocket.py:1111> exception=WebSocketClosedError()>
Traceback (most recent call last):
  File "/home/codespace/.local/lib/python3.12/site-packages/tornado/websocket.py", line 1113, in wrapper
    await fut
tornado.iostream.StreamClosedError: Stream is closed

During handling of the above exception, another exception occurred:

Traceback (most recent call last):
  File "/home/codespace/.local/lib/python3.12/site-packages/tornado/websocket.py", line 1115, in wrapper
    raise WebSocketClosedError()
tornado.websocket.WebSocketClosedError
2026-03-31 23:36:29,358 ERROR asyncio Task exception was never retrieved
future: <Task finished name='Task-30884' coro=<WebSocketProtocol13.write_message.<locals>.wrapper() done, defined at /home/codespace/.local/lib/python3.12/site-packages/tornado/websocket.py:1111> exception=WebSocketClosedError()>
Traceback (most recent call last):
  File "/home/codespace/.local/lib/python3.12/site-packages/tornado/websocket.py", line 1113, in wrapper
    await fut
tornado.iostream.StreamClosedError: Stream is closed

During handling of the above exception, another exception occurred:

Traceback (most recent call last):
  File "/home/codespace/.local/lib/python3.12/site-packages/tornado/websocket.py", line 1115, in wrapper
    raise WebSocketClosedError()
tornado.websocket.WebSocketClosedError
2026-03-31 23:36:29,358 ERROR asyncio Task exception was never retrieved
future: <Task finished name='Task-30885' coro=<WebSocketProtocol13.write_message.<locals>.wrapper() done, defined at /home/codespace/.local/lib/python3.12/site-packages/tornado/websocket.py:1111> exception=WebSocketClosedError()>
Traceback (most recent call last):
  File "/home/codespace/.local/lib/python3.12/site-packages/tornado/websocket.py", line 1113, in wrapper
    await fut
tornado.iostream.StreamClosedError: Stream is closed

During handling of the above exception, another exception occurred:

Traceback (most recent call last):
  File "/home/codespace/.local/lib/python3.12/site-packages/tornado/websocket.py", line 1115, in wrapper
    raise WebSocketClosedError()
tornado.websocket.WebSocketClosedError
2026-03-31 23:36:29,359 ERROR asyncio Task exception was never retrieved
future: <Task finished name='Task-30886' coro=<WebSocketProtocol13.write_message.<locals>.wrapper() done, defined at /home/codespace/.local/lib/python3.12/site-packages/tornado/websocket.py:1111> exception=WebSocketClosedError()>
Traceback (most recent call last):
  File "/home/codespace/.local/lib/python3.12/site-packages/tornado/websocket.py", line 1113, in wrapper
    await fut
tornado.iostream.StreamClosedError: Stream is closed

During handling of the above exception, another exception occurred:

Traceback (most recent call last):
  File "/home/codespace/.local/lib/python3.12/site-packages/tornado/websocket.py", line 1115, in wrapper
    raise WebSocketClosedError()
tornado.websocket.WebSocketClosedError
2026-03-31 23:36:29,359 ERROR asyncio Task exception was never retrieved
future: <Task finished name='Task-30887' coro=<WebSocketProtocol13.write_message.<locals>.wrapper() done, defined at /home/codespace/.local/lib/python3.12/site-packages/tornado/websocket.py:1111> exception=WebSocketClosedError()>
Traceback (most recent call last):
  File "/home/codespace/.local/lib/python3.12/site-packages/tornado/websocket.py", line 1113, in wrapper
    await fut
tornado.iostream.StreamClosedError: Stream is closed

During handling of the above exception, another exception occurred:

Traceback (most recent call last):
  File "/home/codespace/.local/lib/python3.12/site-packages/tornado/websocket.py", line 1115, in wrapper
    raise WebSocketClosedError()
tornado.websocket.WebSocketClosedError
2026-03-31 23:36:29,359 ERROR asyncio Task exception was never retrieved
future: <Task finished name='Task-30888' coro=<WebSocketProtocol13.write_message.<locals>.wrapper() done, defined at /home/codespace/.local/lib/python3.12/site-packages/tornado/websocket.py:1111> exception=WebSocketClosedError()>
Traceback (most recent call last):
  File "/home/codespace/.local/lib/python3.12/site-packages/tornado/websocket.py", line 1113, in wrapper
    await fut
tornado.iostream.StreamClosedError: Stream is closed

During handling of the above exception, another exception occurred:

Traceback (most recent call last):
  File "/home/codespace/.local/lib/python3.12/site-packages/tornado/websocket.py", line 1115, in wrapper
    raise WebSocketClosedError()
tornado.websocket.WebSocketClosedError
2026-03-31 23:36:29,360 ERROR asyncio Task exception was never retrieved
future: <Task finished name='Task-30889' coro=<WebSocketProtocol13.write_message.<locals>.wrapper() done, defined at /home/codespace/.local/lib/python3.12/site-packages/tornado/websocket.py:1111> exception=WebSocketClosedError()>
Traceback (most recent call last):
  File "/home/codespace/.local/lib/python3.12/site-packages/tornado/websocket.py", line 1113, in wrapper
    await fut
tornado.iostream.StreamClosedError: Stream is closed

During handling of the above exception, another exception occurred:

Traceback (most recent call last):
  File "/home/codespace/.local/lib/python3.12/site-packages/tornado/websocket.py", line 1115, in wrapper
    raise WebSocketClosedError()
tornado.websocket.WebSocketClosedError
2026-03-31 23:36:29,360 ERROR asyncio Task exception was never retrieved
future: <Task finished name='Task-30890' coro=<WebSocketProtocol13.write_message.<locals>.wrapper() done, defined at /home/codespace/.local/lib/python3.12/site-packages/tornado/websocket.py:1111> exception=WebSocketClosedError()>
Traceback (most recent call last):
  File "/home/codespace/.local/lib/python3.12/site-packages/tornado/websocket.py", line 1113, in wrapper
    await fut
tornado.iostream.StreamClosedError: Stream is closed

During handling of the above exception, another exception occurred:

Traceback (most recent call last):
  File "/home/codespace/.local/lib/python3.12/site-packages/tornado/websocket.py", line 1115, in wrapper
    raise WebSocketClosedError()
tornado.websocket.WebSocketClosedError
2026-03-31 23:36:29,360 ERROR asyncio Task exception was never retrieved
future: <Task finished name='Task-30891' coro=<WebSocketProtocol13.write_message.<locals>.wrapper() done, defined at /home/codespace/.local/lib/python3.12/site-packages/tornado/websocket.py:1111> exception=WebSocketClosedError()>
Traceback (most recent call last):
  File "/home/codespace/.local/lib/python3.12/site-packages/tornado/websocket.py", line 1113, in wrapper
    await fut
tornado.iostream.StreamClosedError: Stream is closed

During handling of the above exception, another exception occurred:

Traceback (most recent call last):
  File "/home/codespace/.local/lib/python3.12/site-packages/tornado/websocket.py", line 1115, in wrapper
    raise WebSocketClosedError()
tornado.websocket.WebSocketClosedError
2026-03-31 23:36:29,360 ERROR asyncio Task exception was never retrieved
future: <Task finished name='Task-30892' coro=<WebSocketProtocol13.write_message.<locals>.wrapper() done, defined at /home/codespace/.local/lib/python3.12/site-packages/tornado/websocket.py:1111> exception=WebSocketClosedError()>
Traceback (most recent call last):
  File "/home/codespace/.local/lib/python3.12/site-packages/tornado/websocket.py", line 1113, in wrapper
    await fut
tornado.iostream.StreamClosedError: Stream is closed

During handling of the above exception, another exception occurred:

Traceback (most recent call last):
  File "/home/codespace/.local/lib/python3.12/site-packages/tornado/websocket.py", line 1115, in wrapper
    raise WebSocketClosedError()
tornado.websocket.WebSocketClosedError
2026-03-31 23:36:29,361 ERROR asyncio Task exception was never retrieved
future: <Task finished name='Task-30893' coro=<WebSocketProtocol13.write_message.<locals>.wrapper() done, defined at /home/codespace/.local/lib/python3.12/site-packages/tornado/websocket.py:1111> exception=WebSocketClosedError()>
Traceback (most recent call last):
  File "/home/codespace/.local/lib/python3.12/site-packages/tornado/websocket.py", line 1113, in wrapper
    await fut
tornado.iostream.StreamClosedError: Stream is closed

During handling of the above exception, another exception occurred:

Traceback (most recent call last):
  File "/home/codespace/.local/lib/python3.12/site-packages/tornado/websocket.py", line 1115, in wrapper
    raise WebSocketClosedError()
tornado.websocket.WebSocketClosedError
2026-03-31 23:36:29,361 ERROR asyncio Task exception was never retrieved
future: <Task finished name='Task-30894' coro=<WebSocketProtocol13.write_message.<locals>.wrapper() done, defined at /home/codespace/.local/lib/python3.12/site-packages/tornado/websocket.py:1111> exception=WebSocketClosedError()>
Traceback (most recent call last):
  File "/home/codespace/.local/lib/python3.12/site-packages/tornado/websocket.py", line 1113, in wrapper
    await fut
tornado.iostream.StreamClosedError: Stream is closed

During handling of the above exception, another exception occurred:

Traceback (most recent call last):
  File "/home/codespace/.local/lib/python3.12/site-packages/tornado/websocket.py", line 1115, in wrapper
    raise WebSocketClosedError()
tornado.websocket.WebSocketClosedError
2026-03-31 23:36:29,361 ERROR asyncio Task exception was never retrieved
future: <Task finished name='Task-30895' coro=<WebSocketProtocol13.write_message.<locals>.wrapper() done, defined at /home/codespace/.local/lib/python3.12/site-packages/tornado/websocket.py:1111> exception=WebSocketClosedError()>
Traceback (most recent call last):
  File "/home/codespace/.local/lib/python3.12/site-packages/tornado/websocket.py", line 1113, in wrapper
    await fut
tornado.iostream.StreamClosedError: Stream is closed

During handling of the above exception, another exception occurred:

Traceback (most recent call last):
  File "/home/codespace/.local/lib/python3.12/site-packages/tornado/websocket.py", line 1115, in wrapper
    raise WebSocketClosedError()
tornado.websocket.WebSocketClosedError
2026-03-31 23:36:29,362 ERROR asyncio Task exception was never retrieved
future: <Task finished name='Task-30896' coro=<WebSocketProtocol13.write_message.<locals>.wrapper() done, defined at /home/codespace/.local/lib/python3.12/site-packages/tornado/websocket.py:1111> exception=WebSocketClosedError()>
Traceback (most recent call last):
  File "/home/codespace/.local/lib/python3.12/site-packages/tornado/websocket.py", line 1113, in wrapper
    await fut
tornado.iostream.StreamClosedError: Stream is closed

During handling of the above exception, another exception occurred:

Traceback (most recent call last):
  File "/home/codespace/.local/lib/python3.12/site-packages/tornado/websocket.py", line 1115, in wrapper
    raise WebSocketClosedError()
tornado.websocket.WebSocketClosedError
2026-03-31 23:36:29,362 ERROR asyncio Task exception was never retrieved
future: <Task finished name='Task-30897' coro=<WebSocketProtocol13.write_message.<locals>.wrapper() done, defined at /home/codespace/.local/lib/python3.12/site-packages/tornado/websocket.py:1111> exception=WebSocketClosedError()>
Traceback (most recent call last):
  File "/home/codespace/.local/lib/python3.12/site-packages/tornado/websocket.py", line 1113, in wrapper
    await fut
tornado.iostream.StreamClosedError: Stream is closed

During handling of the above exception, another exception occurred:

Traceback (most recent call last):
  File "/home/codespace/.local/lib/python3.12/site-packages/tornado/websocket.py", line 1115, in wrapper
    raise WebSocketClosedError()
tornado.websocket.WebSocketClosedError
2026-03-31 23:36:29,362 ERROR asyncio Task exception was never retrieved
future: <Task finished name='Task-30898' coro=<WebSocketProtocol13.write_message.<locals>.wrapper() done, defined at /home/codespace/.local/lib/python3.12/site-packages/tornado/websocket.py:1111> exception=WebSocketClosedError()>
Traceback (most recent call last):
  File "/home/codespace/.local/lib/python3.12/site-packages/tornado/websocket.py", line 1113, in wrapper
    await fut
tornado.iostream.StreamClosedError: Stream is closed

During handling of the above exception, another exception occurred:

Traceback (most recent call last):
  File "/home/codespace/.local/lib/python3.12/site-packages/tornado/websocket.py", line 1115, in wrapper
    raise WebSocketClosedError()
tornado.websocket.WebSocketClosedError
2026-03-31 23:36:29,363 ERROR asyncio Task exception was never retrieved
future: <Task finished name='Task-30899' coro=<WebSocketProtocol13.write_message.<locals>.wrapper() done, defined at /home/codespace/.local/lib/python3.12/site-packages/tornado/websocket.py:1111> exception=WebSocketClosedError()>
Traceback (most recent call last):
  File "/home/codespace/.local/lib/python3.12/site-packages/tornado/websocket.py", line 1113, in wrapper
    await fut
tornado.iostream.StreamClosedError: Stream is closed

During handling of the above exception, another exception occurred:

Traceback (most recent call last):
  File "/home/codespace/.local/lib/python3.12/site-packages/tornado/websocket.py", line 1115, in wrapper
    raise WebSocketClosedError()
tornado.websocket.WebSocketClosedError
2026-03-31 23:36:29,363 ERROR asyncio Task exception was never retrieved
future: <Task finished name='Task-30900' coro=<WebSocketProtocol13.write_message.<locals>.wrapper() done, defined at /home/codespace/.local/lib/python3.12/site-packages/tornado/websocket.py:1111> exception=WebSocketClosedError()>
Traceback (most recent call last):
  File "/home/codespace/.local/lib/python3.12/site-packages/tornado/websocket.py", line 1113, in wrapper
    await fut
tornado.iostream.StreamClosedError: Stream is closed

During handling of the above exception, another exception occurred:

Traceback (most recent call last):
  File "/home/codespace/.local/lib/python3.12/site-packages/tornado/websocket.py", line 1115, in wrapper
    raise WebSocketClosedError()
tornado.websocket.WebSocketClosedError
2026-03-31 23:36:29,364 ERROR asyncio Task exception was never retrieved
future: <Task finished name='Task-30901' coro=<WebSocketProtocol13.write_message.<locals>.wrapper() done, defined at /home/codespace/.local/lib/python3.12/site-packages/tornado/websocket.py:1111> exception=WebSocketClosedError()>
Traceback (most recent call last):
  File "/home/codespace/.local/lib/python3.12/site-packages/tornado/websocket.py", line 1113, in wrapper
    await fut
tornado.iostream.StreamClosedError: Stream is closed

During handling of the above exception, another exception occurred:

Traceback (most recent call last):
  File "/home/codespace/.local/lib/python3.12/site-packages/tornado/websocket.py", line 1115, in wrapper
    raise WebSocketClosedError()
tornado.websocket.WebSocketClosedError
2026-03-31 23:36:29,364 ERROR asyncio Task exception was never retrieved
future: <Task finished name='Task-30902' coro=<WebSocketProtocol13.write_message.<locals>.wrapper() done, defined at /home/codespace/.local/lib/python3.12/site-packages/tornado/websocket.py:1111> exception=WebSocketClosedError()>
Traceback (most recent call last):
  File "/home/codespace/.local/lib/python3.12/site-packages/tornado/websocket.py", line 1113, in wrapper
    await fut
tornado.iostream.StreamClosedError: Stream is closed

During handling of the above exception, another exception occurred:

Traceback (most recent call last):
  File "/home/codespace/.local/lib/python3.12/site-packages/tornado/websocket.py", line 1115, in wrapper
    raise WebSocketClosedError()
tornado.websocket.WebSocketClosedError
2026-03-31 23:36:29,364 ERROR asyncio Task exception was never retrieved
future: <Task finished name='Task-30903' coro=<WebSocketProtocol13.write_message.<locals>.wrapper() done, defined at /home/codespace/.local/lib/python3.12/site-packages/tornado/websocket.py:1111> exception=WebSocketClosedError()>
Traceback (most recent call last):
  File "/home/codespace/.local/lib/python3.12/site-packages/tornado/websocket.py", line 1113, in wrapper
    await fut
tornado.iostream.StreamClosedError: Stream is closed

During handling of the above exception, another exception occurred:

Traceback (most recent call last):
  File "/home/codespace/.local/lib/python3.12/site-packages/tornado/websocket.py", line 1115, in wrapper
    raise WebSocketClosedError()
tornado.websocket.WebSocketClosedError
2026-03-31 23:36:29,365 ERROR asyncio Task exception was never retrieved
future: <Task finished name='Task-30904' coro=<WebSocketProtocol13.write_message.<locals>.wrapper() done, defined at /home/codespace/.local/lib/python3.12/site-packages/tornado/websocket.py:1111> exception=WebSocketClosedError()>
Traceback (most recent call last):
  File "/home/codespace/.local/lib/python3.12/site-packages/tornado/websocket.py", line 1113, in wrapper
    await fut
tornado.iostream.StreamClosedError: Stream is closed

During handling of the above exception, another exception occurred:

Traceback (most recent call last):
  File "/home/codespace/.local/lib/python3.12/site-packages/tornado/websocket.py", line 1115, in wrapper
    raise WebSocketClosedError()
tornado.websocket.WebSocketClosedError
2026-03-31 23:36:29,365 ERROR asyncio Task exception was never retrieved
future: <Task finished name='Task-30905' coro=<WebSocketProtocol13.write_message.<locals>.wrapper() done, defined at /home/codespace/.local/lib/python3.12/site-packages/tornado/websocket.py:1111> exception=WebSocketClosedError()>
Traceback (most recent call last):
  File "/home/codespace/.local/lib/python3.12/site-packages/tornado/websocket.py", line 1113, in wrapper
    await fut
tornado.iostream.StreamClosedError: Stream is closed

During handling of the above exception, another exception occurred:

Traceback (most recent call last):
  File "/home/codespace/.local/lib/python3.12/site-packages/tornado/websocket.py", line 1115, in wrapper
    raise WebSocketClosedError()
tornado.websocket.WebSocketClosedError
2026-03-31 23:36:29,366 ERROR asyncio Task exception was never retrieved
future: <Task finished name='Task-30906' coro=<WebSocketProtocol13.write_message.<locals>.wrapper() done, defined at /home/codespace/.local/lib/python3.12/site-packages/tornado/websocket.py:1111> exception=WebSocketClosedError()>
Traceback (most recent call last):
  File "/home/codespace/.local/lib/python3.12/site-packages/tornado/websocket.py", line 1113, in wrapper
    await fut
tornado.iostream.StreamClosedError: Stream is closed

During handling of the above exception, another exception occurred:

Traceback (most recent call last):
  File "/home/codespace/.local/lib/python3.12/site-packages/tornado/websocket.py", line 1115, in wrapper
    raise WebSocketClosedError()
tornado.websocket.WebSocketClosedError
2026-03-31 23:36:29,366 ERROR asyncio Task exception was never retrieved
future: <Task finished name='Task-30907' coro=<WebSocketProtocol13.write_message.<locals>.wrapper() done, defined at /home/codespace/.local/lib/python3.12/site-packages/tornado/websocket.py:1111> exception=WebSocketClosedError()>
Traceback (most recent call last):
  File "/home/codespace/.local/lib/python3.12/site-packages/tornado/websocket.py", line 1113, in wrapper
    await fut
tornado.iostream.StreamClosedError: Stream is closed

During handling of the above exception, another exception occurred:

Traceback (most recent call last):
  File "/home/codespace/.local/lib/python3.12/site-packages/tornado/websocket.py", line 1115, in wrapper
    raise WebSocketClosedError()
tornado.websocket.WebSocketClosedError
2026-03-31 23:36:29,366 ERROR asyncio Task exception was never retrieved
future: <Task finished name='Task-30908' coro=<WebSocketProtocol13.write_message.<locals>.wrapper() done, defined at /home/codespace/.local/lib/python3.12/site-packages/tornado/websocket.py:1111> exception=WebSocketClosedError()>
Traceback (most recent call last):
  File "/home/codespace/.local/lib/python3.12/site-packages/tornado/websocket.py", line 1113, in wrapper
    await fut
tornado.iostream.StreamClosedError: Stream is closed

During handling of the above exception, another exception occurred:

Traceback (most recent call last):
  File "/home/codespace/.local/lib/python3.12/site-packages/tornado/websocket.py", line 1115, in wrapper
    raise WebSocketClosedError()
tornado.websocket.WebSocketClosedError
2026-03-31 23:36:29,367 ERROR asyncio Task exception was never retrieved
future: <Task finished name='Task-30909' coro=<WebSocketProtocol13.write_message.<locals>.wrapper() done, defined at /home/codespace/.local/lib/python3.12/site-packages/tornado/websocket.py:1111> exception=WebSocketClosedError()>
Traceback (most recent call last):
  File "/home/codespace/.local/lib/python3.12/site-packages/tornado/websocket.py", line 1113, in wrapper
    await fut
tornado.iostream.StreamClosedError: Stream is closed

During handling of the above exception, another exception occurred:

Traceback (most recent call last):
  File "/home/codespace/.local/lib/python3.12/site-packages/tornado/websocket.py", line 1115, in wrapper
    raise WebSocketClosedError()
tornado.websocket.WebSocketClosedError
2026-03-31 23:36:29,367 ERROR asyncio Task exception was never retrieved
future: <Task finished name='Task-30910' coro=<WebSocketProtocol13.write_message.<locals>.wrapper() done, defined at /home/codespace/.local/lib/python3.12/site-packages/tornado/websocket.py:1111> exception=WebSocketClosedError()>
Traceback (most recent call last):
  File "/home/codespace/.local/lib/python3.12/site-packages/tornado/websocket.py", line 1113, in wrapper
    await fut
tornado.iostream.StreamClosedError: Stream is closed

During handling of the above exception, another exception occurred:

Traceback (most recent call last):
  File "/home/codespace/.local/lib/python3.12/site-packages/tornado/websocket.py", line 1115, in wrapper
    raise WebSocketClosedError()
tornado.websocket.WebSocketClosedError
2026-03-31 23:36:29,368 ERROR asyncio Task exception was never retrieved
future: <Task finished name='Task-30911' coro=<WebSocketProtocol13.write_message.<locals>.wrapper() done, defined at /home/codespace/.local/lib/python3.12/site-packages/tornado/websocket.py:1111> exception=WebSocketClosedError()>
Traceback (most recent call last):
  File "/home/codespace/.local/lib/python3.12/site-packages/tornado/websocket.py", line 1113, in wrapper
    await fut
tornado.iostream.StreamClosedError: Stream is closed

During handling of the above exception, another exception occurred:

Traceback (most recent call last):
  File "/home/codespace/.local/lib/python3.12/site-packages/tornado/websocket.py", line 1115, in wrapper
    raise WebSocketClosedError()
tornado.websocket.WebSocketClosedError
2026-03-31 23:36:29,368 ERROR asyncio Task exception was never retrieved
future: <Task finished name='Task-30912' coro=<WebSocketProtocol13.write_message.<locals>.wrapper() done, defined at /home/codespace/.local/lib/python3.12/site-packages/tornado/websocket.py:1111> exception=WebSocketClosedError()>
Traceback (most recent call last):
  File "/home/codespace/.local/lib/python3.12/site-packages/tornado/websocket.py", line 1113, in wrapper
    await fut
tornado.iostream.StreamClosedError: Stream is closed

During handling of the above exception, another exception occurred:

Traceback (most recent call last):
  File "/home/codespace/.local/lib/python3.12/site-packages/tornado/websocket.py", line 1115, in wrapper
    raise WebSocketClosedError()
tornado.websocket.WebSocketClosedError
2026-03-31 23:36:29,368 ERROR asyncio Task exception was never retrieved
future: <Task finished name='Task-30913' coro=<WebSocketProtocol13.write_message.<locals>.wrapper() done, defined at /home/codespace/.local/lib/python3.12/site-packages/tornado/websocket.py:1111> exception=WebSocketClosedError()>
Traceback (most recent call last):
  File "/home/codespace/.local/lib/python3.12/site-packages/tornado/websocket.py", line 1113, in wrapper
    await fut
tornado.iostream.StreamClosedError: Stream is closed

During handling of the above exception, another exception occurred:

Traceback (most recent call last):
  File "/home/codespace/.local/lib/python3.12/site-packages/tornado/websocket.py", line 1115, in wrapper
    raise WebSocketClosedError()
tornado.websocket.WebSocketClosedError
2026-03-31 23:36:29,369 ERROR asyncio Task exception was never retrieved
future: <Task finished name='Task-30914' coro=<WebSocketProtocol13.write_message.<locals>.wrapper() done, defined at /home/codespace/.local/lib/python3.12/site-packages/tornado/websocket.py:1111> exception=WebSocketClosedError()>
Traceback (most recent call last):
  File "/home/codespace/.local/lib/python3.12/site-packages/tornado/websocket.py", line 1113, in wrapper
    await fut
tornado.iostream.StreamClosedError: Stream is closed

During handling of the above exception, another exception occurred:

Traceback (most recent call last):
  File "/home/codespace/.local/lib/python3.12/site-packages/tornado/websocket.py", line 1115, in wrapper
    raise WebSocketClosedError()
tornado.websocket.WebSocketClosedError
2026-03-31 23:36:29,369 ERROR asyncio Task exception was never retrieved
future: <Task finished name='Task-30915' coro=<WebSocketProtocol13.write_message.<locals>.wrapper() done, defined at /home/codespace/.local/lib/python3.12/site-packages/tornado/websocket.py:1111> exception=WebSocketClosedError()>
Traceback (most recent call last):
  File "/home/codespace/.local/lib/python3.12/site-packages/tornado/websocket.py", line 1113, in wrapper
    await fut
tornado.iostream.StreamClosedError: Stream is closed

During handling of the above exception, another exception occurred:

Traceback (most recent call last):
  File "/home/codespace/.local/lib/python3.12/site-packages/tornado/websocket.py", line 1115, in wrapper
    raise WebSocketClosedError()
tornado.websocket.WebSocketClosedError
2026-03-31 23:36:29,370 ERROR asyncio Task exception was never retrieved
future: <Task finished name='Task-30916' coro=<WebSocketProtocol13.write_message.<locals>.wrapper() done, defined at /home/codespace/.local/lib/python3.12/site-packages/tornado/websocket.py:1111> exception=WebSocketClosedError()>
Traceback (most recent call last):
  File "/home/codespace/.local/lib/python3.12/site-packages/tornado/websocket.py", line 1113, in wrapper
    await fut
tornado.iostream.StreamClosedError: Stream is closed

During handling of the above exception, another exception occurred:

Traceback (most recent call last):
  File "/home/codespace/.local/lib/python3.12/site-packages/tornado/websocket.py", line 1115, in wrapper
    raise WebSocketClosedError()
tornado.websocket.WebSocketClosedError
2026-03-31 23:36:29,370 ERROR asyncio Task exception was never retrieved
future: <Task finished name='Task-30919' coro=<WebSocketProtocol13.write_message.<locals>.wrapper() done, defined at /home/codespace/.local/lib/python3.12/site-packages/tornado/websocket.py:1111> exception=WebSocketClosedError()>
Traceback (most recent call last):
  File "/home/codespace/.local/lib/python3.12/site-packages/tornado/websocket.py", line 1113, in wrapper
    await fut
tornado.iostream.StreamClosedError: Stream is closed

During handling of the above exception, another exception occurred:

Traceback (most recent call last):
  File "/home/codespace/.local/lib/python3.12/site-packages/tornado/websocket.py", line 1115, in wrapper
    raise WebSocketClosedError()
tornado.websocket.WebSocketClosedError
2026-03-31 23:36:29,370 ERROR asyncio Task exception was never retrieved
future: <Task finished name='Task-30920' coro=<WebSocketProtocol13.write_message.<locals>.wrapper() done, defined at /home/codespace/.local/lib/python3.12/site-packages/tornado/websocket.py:1111> exception=WebSocketClosedError()>
Traceback (most recent call last):
  File "/home/codespace/.local/lib/python3.12/site-packages/tornado/websocket.py", line 1113, in wrapper
    await fut
tornado.iostream.StreamClosedError: Stream is closed

During handling of the above exception, another exception occurred:

Traceback (most recent call last):
  File "/home/codespace/.local/lib/python3.12/site-packages/tornado/websocket.py", line 1115, in wrapper
    raise WebSocketClosedError()
tornado.websocket.WebSocketClosedError
2026-03-31 23:36:29,371 ERROR asyncio Task exception was never retrieved
future: <Task finished name='Task-30921' coro=<WebSocketProtocol13.write_message.<locals>.wrapper() done, defined at /home/codespace/.local/lib/python3.12/site-packages/tornado/websocket.py:1111> exception=WebSocketClosedError()>
Traceback (most recent call last):
  File "/home/codespace/.local/lib/python3.12/site-packages/tornado/websocket.py", line 1113, in wrapper
    await fut
tornado.iostream.StreamClosedError: Stream is closed

During handling of the above exception, another exception occurred:

Traceback (most recent call last):
  File "/home/codespace/.local/lib/python3.12/site-packages/tornado/websocket.py", line 1115, in wrapper
    raise WebSocketClosedError()
tornado.websocket.WebSocketClosedError
2026-03-31 23:36:29,371 ERROR asyncio Task exception was never retrieved
future: <Task finished name='Task-30922' coro=<WebSocketProtocol13.write_message.<locals>.wrapper() done, defined at /home/codespace/.local/lib/python3.12/site-packages/tornado/websocket.py:1111> exception=WebSocketClosedError()>
Traceback (most recent call last):
  File "/home/codespace/.local/lib/python3.12/site-packages/tornado/websocket.py", line 1113, in wrapper
    await fut
tornado.iostream.StreamClosedError: Stream is closed

During handling of the above exception, another exception occurred:

Traceback (most recent call last):
  File "/home/codespace/.local/lib/python3.12/site-packages/tornado/websocket.py", line 1115, in wrapper
    raise WebSocketClosedError()
tornado.websocket.WebSocketClosedError
2026-03-31 23:36:29,372 ERROR asyncio Task exception was never retrieved
future: <Task finished name='Task-30925' coro=<WebSocketProtocol13.write_message.<locals>.wrapper() done, defined at /home/codespace/.local/lib/python3.12/site-packages/tornado/websocket.py:1111> exception=WebSocketClosedError()>
Traceback (most recent call last):
  File "/home/codespace/.local/lib/python3.12/site-packages/tornado/websocket.py", line 1113, in wrapper
    await fut
tornado.iostream.StreamClosedError: Stream is closed

During handling of the above exception, another exception occurred:

Traceback (most recent call last):
  File "/home/codespace/.local/lib/python3.12/site-packages/tornado/websocket.py", line 1115, in wrapper
    raise WebSocketClosedError()
tornado.websocket.WebSocketClosedError
2026-03-31 23:36:29,372 ERROR asyncio Task exception was never retrieved
future: <Task finished name='Task-30926' coro=<WebSocketProtocol13.write_message.<locals>.wrapper() done, defined at /home/codespace/.local/lib/python3.12/site-packages/tornado/websocket.py:1111> exception=WebSocketClosedError()>
Traceback (most recent call last):
  File "/home/codespace/.local/lib/python3.12/site-packages/tornado/websocket.py", line 1113, in wrapper
    await fut
tornado.iostream.StreamClosedError: Stream is closed

During handling of the above exception, another exception occurred:

Traceback (most recent call last):
  File "/home/codespace/.local/lib/python3.12/site-packages/tornado/websocket.py", line 1115, in wrapper
    raise WebSocketClosedError()
tornado.websocket.WebSocketClosedError
2026-03-31 23:36:29,373 ERROR asyncio Task exception was never retrieved
future: <Task finished name='Task-30927' coro=<WebSocketProtocol13.write_message.<locals>.wrapper() done, defined at /home/codespace/.local/lib/python3.12/site-packages/tornado/websocket.py:1111> exception=WebSocketClosedError()>
Traceback (most recent call last):
  File "/home/codespace/.local/lib/python3.12/site-packages/tornado/websocket.py", line 1113, in wrapper
    await fut
tornado.iostream.StreamClosedError: Stream is closed

During handling of the above exception, another exception occurred:

Traceback (most recent call last):
  File "/home/codespace/.local/lib/python3.12/site-packages/tornado/websocket.py", line 1115, in wrapper
    raise WebSocketClosedError()
tornado.websocket.WebSocketClosedError
2026-03-31 23:36:29,373 ERROR asyncio Task exception was never retrieved
future: <Task finished name='Task-30928' coro=<WebSocketProtocol13.write_message.<locals>.wrapper() done, defined at /home/codespace/.local/lib/python3.12/site-packages/tornado/websocket.py:1111> exception=WebSocketClosedError()>
Traceback (most recent call last):
  File "/home/codespace/.local/lib/python3.12/site-packages/tornado/websocket.py", line 1113, in wrapper
    await fut
tornado.iostream.StreamClosedError: Stream is closed

During handling of the above exception, another exception occurred:

Traceback (most recent call last):
  File "/home/codespace/.local/lib/python3.12/site-packages/tornado/websocket.py", line 1115, in wrapper
    raise WebSocketClosedError()
tornado.websocket.WebSocketClosedError
2026-03-31 23:36:29,373 ERROR asyncio Task exception was never retrieved
future: <Task finished name='Task-30929' coro=<WebSocketProtocol13.write_message.<locals>.wrapper() done, defined at /home/codespace/.local/lib/python3.12/site-packages/tornado/websocket.py:1111> exception=WebSocketClosedError()>
Traceback (most recent call last):
  File "/home/codespace/.local/lib/python3.12/site-packages/tornado/websocket.py", line 1113, in wrapper
    await fut
tornado.iostream.StreamClosedError: Stream is closed

During handling of the above exception, another exception occurred:

Traceback (most recent call last):
  File "/home/codespace/.local/lib/python3.12/site-packages/tornado/websocket.py", line 1115, in wrapper
    raise WebSocketClosedError()
tornado.websocket.WebSocketClosedError
2026-03-31 23:36:29,374 ERROR asyncio Task exception was never retrieved
future: <Task finished name='Task-30930' coro=<WebSocketProtocol13.write_message.<locals>.wrapper() done, defined at /home/codespace/.local/lib/python3.12/site-packages/tornado/websocket.py:1111> exception=WebSocketClosedError()>
Traceback (most recent call last):
  File "/home/codespace/.local/lib/python3.12/site-packages/tornado/websocket.py", line 1113, in wrapper
    await fut
tornado.iostream.StreamClosedError: Stream is closed

During handling of the above exception, another exception occurred:

Traceback (most recent call last):
  File "/home/codespace/.local/lib/python3.12/site-packages/tornado/websocket.py", line 1115, in wrapper
    raise WebSocketClosedError()
tornado.websocket.WebSocketClosedError
2026-03-31 23:36:29,374 ERROR asyncio Task exception was never retrieved
future: <Task finished name='Task-30931' coro=<WebSocketProtocol13.write_message.<locals>.wrapper() done, defined at /home/codespace/.local/lib/python3.12/site-packages/tornado/websocket.py:1111> exception=WebSocketClosedError()>
Traceback (most recent call last):
  File "/home/codespace/.local/lib/python3.12/site-packages/tornado/websocket.py", line 1113, in wrapper
    await fut
tornado.iostream.StreamClosedError: Stream is closed

During handling of the above exception, another exception occurred:

Traceback (most recent call last):
  File "/home/codespace/.local/lib/python3.12/site-packages/tornado/websocket.py", line 1115, in wrapper
    raise WebSocketClosedError()
tornado.websocket.WebSocketClosedError
2026-03-31 23:36:29,374 ERROR asyncio Task exception was never retrieved
future: <Task finished name='Task-30932' coro=<WebSocketProtocol13.write_message.<locals>.wrapper() done, defined at /home/codespace/.local/lib/python3.12/site-packages/tornado/websocket.py:1111> exception=WebSocketClosedError()>
Traceback (most recent call last):
  File "/home/codespace/.local/lib/python3.12/site-packages/tornado/websocket.py", line 1113, in wrapper
    await fut
tornado.iostream.StreamClosedError: Stream is closed

During handling of the above exception, another exception occurred:

Traceback (most recent call last):
  File "/home/codespace/.local/lib/python3.12/site-packages/tornado/websocket.py", line 1115, in wrapper
    raise WebSocketClosedError()
tornado.websocket.WebSocketClosedError
2026-03-31 23:36:29,375 ERROR asyncio Task exception was never retrieved
future: <Task finished name='Task-30933' coro=<WebSocketProtocol13.write_message.<locals>.wrapper() done, defined at /home/codespace/.local/lib/python3.12/site-packages/tornado/websocket.py:1111> exception=WebSocketClosedError()>
Traceback (most recent call last):
  File "/home/codespace/.local/lib/python3.12/site-packages/tornado/websocket.py", line 1113, in wrapper
    await fut
tornado.iostream.StreamClosedError: Stream is closed

During handling of the above exception, another exception occurred:

Traceback (most recent call last):
  File "/home/codespace/.local/lib/python3.12/site-packages/tornado/websocket.py", line 1115, in wrapper
    raise WebSocketClosedError()
tornado.websocket.WebSocketClosedError
2026-03-31 23:36:29,375 ERROR asyncio Task exception was never retrieved
future: <Task finished name='Task-30934' coro=<WebSocketProtocol13.write_message.<locals>.wrapper() done, defined at /home/codespace/.local/lib/python3.12/site-packages/tornado/websocket.py:1111> exception=WebSocketClosedError()>
Traceback (most recent call last):
  File "/home/codespace/.local/lib/python3.12/site-packages/tornado/websocket.py", line 1113, in wrapper
    await fut
tornado.iostream.StreamClosedError: Stream is closed

During handling of the above exception, another exception occurred:

Traceback (most recent call last):
  File "/home/codespace/.local/lib/python3.12/site-packages/tornado/websocket.py", line 1115, in wrapper
    raise WebSocketClosedError()
tornado.websocket.WebSocketClosedError
2026-03-31 23:36:29,375 ERROR asyncio Task exception was never retrieved
future: <Task finished name='Task-30935' coro=<WebSocketProtocol13.write_message.<locals>.wrapper() done, defined at /home/codespace/.local/lib/python3.12/site-packages/tornado/websocket.py:1111> exception=WebSocketClosedError()>
Traceback (most recent call last):
  File "/home/codespace/.local/lib/python3.12/site-packages/tornado/websocket.py", line 1113, in wrapper
    await fut
tornado.iostream.StreamClosedError: Stream is closed

During handling of the above exception, another exception occurred:

Traceback (most recent call last):
  File "/home/codespace/.local/lib/python3.12/site-packages/tornado/websocket.py", line 1115, in wrapper
    raise WebSocketClosedError()
tornado.websocket.WebSocketClosedError
2026-03-31 23:36:29,376 ERROR asyncio Task exception was never retrieved
future: <Task finished name='Task-30936' coro=<WebSocketProtocol13.write_message.<locals>.wrapper() done, defined at /home/codespace/.local/lib/python3.12/site-packages/tornado/websocket.py:1111> exception=WebSocketClosedError()>
Traceback (most recent call last):
  File "/home/codespace/.local/lib/python3.12/site-packages/tornado/websocket.py", line 1113, in wrapper
    await fut
tornado.iostream.StreamClosedError: Stream is closed

During handling of the above exception, another exception occurred:

Traceback (most recent call last):
  File "/home/codespace/.local/lib/python3.12/site-packages/tornado/websocket.py", line 1115, in wrapper
    raise WebSocketClosedError()
tornado.websocket.WebSocketClosedError
2026-03-31 23:36:29,376 ERROR asyncio Task exception was never retrieved
future: <Task finished name='Task-30937' coro=<WebSocketProtocol13.write_message.<locals>.wrapper() done, defined at /home/codespace/.local/lib/python3.12/site-packages/tornado/websocket.py:1111> exception=WebSocketClosedError()>
Traceback (most recent call last):
  File "/home/codespace/.local/lib/python3.12/site-packages/tornado/websocket.py", line 1113, in wrapper
    await fut
tornado.iostream.StreamClosedError: Stream is closed

During handling of the above exception, another exception occurred:

Traceback (most recent call last):
  File "/home/codespace/.local/lib/python3.12/site-packages/tornado/websocket.py", line 1115, in wrapper
    raise WebSocketClosedError()
tornado.websocket.WebSocketClosedError
2026-03-31 23:36:29,376 ERROR asyncio Task exception was never retrieved
future: <Task finished name='Task-30938' coro=<WebSocketProtocol13.write_message.<locals>.wrapper() done, defined at /home/codespace/.local/lib/python3.12/site-packages/tornado/websocket.py:1111> exception=WebSocketClosedError()>
Traceback (most recent call last):
  File "/home/codespace/.local/lib/python3.12/site-packages/tornado/websocket.py", line 1113, in wrapper
    await fut
tornado.iostream.StreamClosedError: Stream is closed

During handling of the above exception, another exception occurred:

Traceback (most recent call last):
  File "/home/codespace/.local/lib/python3.12/site-packages/tornado/websocket.py", line 1115, in wrapper
    raise WebSocketClosedError()
tornado.websocket.WebSocketClosedError
2026-03-31 23:36:29,377 ERROR asyncio Task exception was never retrieved
future: <Task finished name='Task-30939' coro=<WebSocketProtocol13.write_message.<locals>.wrapper() done, defined at /home/codespace/.local/lib/python3.12/site-packages/tornado/websocket.py:1111> exception=WebSocketClosedError()>
Traceback (most recent call last):
  File "/home/codespace/.local/lib/python3.12/site-packages/tornado/websocket.py", line 1113, in wrapper
    await fut
tornado.iostream.StreamClosedError: Stream is closed

During handling of the above exception, another exception occurred:

Traceback (most recent call last):
  File "/home/codespace/.local/lib/python3.12/site-packages/tornado/websocket.py", line 1115, in wrapper
    raise WebSocketClosedError()
tornado.websocket.WebSocketClosedError
2026-03-31 23:36:29,377 ERROR asyncio Task exception was never retrieved
future: <Task finished name='Task-30940' coro=<WebSocketProtocol13.write_message.<locals>.wrapper() done, defined at /home/codespace/.local/lib/python3.12/site-packages/tornado/websocket.py:1111> exception=WebSocketClosedError()>
Traceback (most recent call last):
  File "/home/codespace/.local/lib/python3.12/site-packages/tornado/websocket.py", line 1113, in wrapper
    await fut
tornado.iostream.StreamClosedError: Stream is closed

During handling of the above exception, another exception occurred:

Traceback (most recent call last):
  File "/home/codespace/.local/lib/python3.12/site-packages/tornado/websocket.py", line 1115, in wrapper
    raise WebSocketClosedError()
tornado.websocket.WebSocketClosedError
2026-03-31 23:36:29,377 ERROR asyncio Task exception was never retrieved
future: <Task finished name='Task-30941' coro=<WebSocketProtocol13.write_message.<locals>.wrapper() done, defined at /home/codespace/.local/lib/python3.12/site-packages/tornado/websocket.py:1111> exception=WebSocketClosedError()>
Traceback (most recent call last):
  File "/home/codespace/.local/lib/python3.12/site-packages/tornado/websocket.py", line 1113, in wrapper
    await fut
tornado.iostream.StreamClosedError: Stream is closed

During handling of the above exception, another exception occurred:

Traceback (most recent call last):
  File "/home/codespace/.local/lib/python3.12/site-packages/tornado/websocket.py", line 1115, in wrapper
    raise WebSocketClosedError()
tornado.websocket.WebSocketClosedError
2026-03-31 23:36:29,378 ERROR asyncio Task exception was never retrieved
future: <Task finished name='Task-30942' coro=<WebSocketProtocol13.write_message.<locals>.wrapper() done, defined at /home/codespace/.local/lib/python3.12/site-packages/tornado/websocket.py:1111> exception=WebSocketClosedError()>
Traceback (most recent call last):
  File "/home/codespace/.local/lib/python3.12/site-packages/tornado/websocket.py", line 1113, in wrapper
    await fut
tornado.iostream.StreamClosedError: Stream is closed

During handling of the above exception, another exception occurred:

Traceback (most recent call last):
  File "/home/codespace/.local/lib/python3.12/site-packages/tornado/websocket.py", line 1115, in wrapper
    raise WebSocketClosedError()
tornado.websocket.WebSocketClosedError
2026-03-31 23:36:29,378 ERROR asyncio Task exception was never retrieved
future: <Task finished name='Task-30943' coro=<WebSocketProtocol13.write_message.<locals>.wrapper() done, defined at /home/codespace/.local/lib/python3.12/site-packages/tornado/websocket.py:1111> exception=WebSocketClosedError()>
Traceback (most recent call last):
  File "/home/codespace/.local/lib/python3.12/site-packages/tornado/websocket.py", line 1113, in wrapper
    await fut
tornado.iostream.StreamClosedError: Stream is closed

During handling of the above exception, another exception occurred:

Traceback (most recent call last):
  File "/home/codespace/.local/lib/python3.12/site-packages/tornado/websocket.py", line 1115, in wrapper
    raise WebSocketClosedError()
tornado.websocket.WebSocketClosedError
2026-03-31 23:36:29,379 ERROR asyncio Task exception was never retrieved
future: <Task finished name='Task-30944' coro=<WebSocketProtocol13.write_message.<locals>.wrapper() done, defined at /home/codespace/.local/lib/python3.12/site-packages/tornado/websocket.py:1111> exception=WebSocketClosedError()>
Traceback (most recent call last):
  File "/home/codespace/.local/lib/python3.12/site-packages/tornado/websocket.py", line 1113, in wrapper
    await fut
tornado.iostream.StreamClosedError: Stream is closed

During handling of the above exception, another exception occurred:

Traceback (most recent call last):
  File "/home/codespace/.local/lib/python3.12/site-packages/tornado/websocket.py", line 1115, in wrapper
    raise WebSocketClosedError()
tornado.websocket.WebSocketClosedError
2026-03-31 23:36:29,379 ERROR asyncio Task exception was never retrieved
future: <Task finished name='Task-30945' coro=<WebSocketProtocol13.write_message.<locals>.wrapper() done, defined at /home/codespace/.local/lib/python3.12/site-packages/tornado/websocket.py:1111> exception=WebSocketClosedError()>
Traceback (most recent call last):
  File "/home/codespace/.local/lib/python3.12/site-packages/tornado/websocket.py", line 1113, in wrapper
    await fut
tornado.iostream.StreamClosedError: Stream is closed

During handling of the above exception, another exception occurred:

Traceback (most recent call last):
  File "/home/codespace/.local/lib/python3.12/site-packages/tornado/websocket.py", line 1115, in wrapper
    raise WebSocketClosedError()
tornado.websocket.WebSocketClosedError
2026-03-31 23:36:29,379 ERROR asyncio Task exception was never retrieved
future: <Task finished name='Task-30946' coro=<WebSocketProtocol13.write_message.<locals>.wrapper() done, defined at /home/codespace/.local/lib/python3.12/site-packages/tornado/websocket.py:1111> exception=WebSocketClosedError()>
Traceback (most recent call last):
  File "/home/codespace/.local/lib/python3.12/site-packages/tornado/websocket.py", line 1113, in wrapper
    await fut
tornado.iostream.StreamClosedError: Stream is closed

During handling of the above exception, another exception occurred:

Traceback (most recent call last):
  File "/home/codespace/.local/lib/python3.12/site-packages/tornado/websocket.py", line 1115, in wrapper
    raise WebSocketClosedError()
tornado.websocket.WebSocketClosedError
2026-03-31 23:36:29,380 ERROR asyncio Task exception was never retrieved
future: <Task finished name='Task-30947' coro=<WebSocketProtocol13.write_message.<locals>.wrapper() done, defined at /home/codespace/.local/lib/python3.12/site-packages/tornado/websocket.py:1111> exception=WebSocketClosedError()>
Traceback (most recent call last):
  File "/home/codespace/.local/lib/python3.12/site-packages/tornado/websocket.py", line 1113, in wrapper
    await fut
tornado.iostream.StreamClosedError: Stream is closed

During handling of the above exception, another exception occurred:

Traceback (most recent call last):
  File "/home/codespace/.local/lib/python3.12/site-packages/tornado/websocket.py", line 1115, in wrapper
    raise WebSocketClosedError()
tornado.websocket.WebSocketClosedError
2026-03-31 23:36:29,380 ERROR asyncio Task exception was never retrieved
future: <Task finished name='Task-30948' coro=<WebSocketProtocol13.write_message.<locals>.wrapper() done, defined at /home/codespace/.local/lib/python3.12/site-packages/tornado/websocket.py:1111> exception=WebSocketClosedError()>
Traceback (most recent call last):
  File "/home/codespace/.local/lib/python3.12/site-packages/tornado/websocket.py", line 1113, in wrapper
    await fut
tornado.iostream.StreamClosedError: Stream is closed

During handling of the above exception, another exception occurred:

Traceback (most recent call last):
  File "/home/codespace/.local/lib/python3.12/site-packages/tornado/websocket.py", line 1115, in wrapper
    raise WebSocketClosedError()
tornado.websocket.WebSocketClosedError
2026-03-31 23:36:29,380 ERROR asyncio Task exception was never retrieved
future: <Task finished name='Task-30949' coro=<WebSocketProtocol13.write_message.<locals>.wrapper() done, defined at /home/codespace/.local/lib/python3.12/site-packages/tornado/websocket.py:1111> exception=WebSocketClosedError()>
Traceback (most recent call last):
  File "/home/codespace/.local/lib/python3.12/site-packages/tornado/websocket.py", line 1113, in wrapper
    await fut
tornado.iostream.StreamClosedError: Stream is closed

During handling of the above exception, another exception occurred:

Traceback (most recent call last):
  File "/home/codespace/.local/lib/python3.12/site-packages/tornado/websocket.py", line 1115, in wrapper
    raise WebSocketClosedError()
tornado.websocket.WebSocketClosedError
2026-03-31 23:36:29,381 ERROR asyncio Task exception was never retrieved
future: <Task finished name='Task-30950' coro=<WebSocketProtocol13.write_message.<locals>.wrapper() done, defined at /home/codespace/.local/lib/python3.12/site-packages/tornado/websocket.py:1111> exception=WebSocketClosedError()>
Traceback (most recent call last):
  File "/home/codespace/.local/lib/python3.12/site-packages/tornado/websocket.py", line 1113, in wrapper
    await fut
tornado.iostream.StreamClosedError: Stream is closed

During handling of the above exception, another exception occurred:

Traceback (most recent call last):
  File "/home/codespace/.local/lib/python3.12/site-packages/tornado/websocket.py", line 1115, in wrapper
    raise WebSocketClosedError()
tornado.websocket.WebSocketClosedError
2026-03-31 23:36:29,381 ERROR asyncio Task exception was never retrieved
future: <Task finished name='Task-30951' coro=<WebSocketProtocol13.write_message.<locals>.wrapper() done, defined at /home/codespace/.local/lib/python3.12/site-packages/tornado/websocket.py:1111> exception=WebSocketClosedError()>
Traceback (most recent call last):
  File "/home/codespace/.local/lib/python3.12/site-packages/tornado/websocket.py", line 1113, in wrapper
    await fut
tornado.iostream.StreamClosedError: Stream is closed

During handling of the above exception, another exception occurred:

Traceback (most recent call last):
  File "/home/codespace/.local/lib/python3.12/site-packages/tornado/websocket.py", line 1115, in wrapper
    raise WebSocketClosedError()
tornado.websocket.WebSocketClosedError
2026-03-31 23:36:29,381 ERROR asyncio Task exception was never retrieved
future: <Task finished name='Task-30952' coro=<WebSocketProtocol13.write_message.<locals>.wrapper() done, defined at /home/codespace/.local/lib/python3.12/site-packages/tornado/websocket.py:1111> exception=WebSocketClosedError()>
Traceback (most recent call last):
  File "/home/codespace/.local/lib/python3.12/site-packages/tornado/websocket.py", line 1113, in wrapper
    await fut
tornado.iostream.StreamClosedError: Stream is closed

During handling of the above exception, another exception occurred:

Traceback (most recent call last):
  File "/home/codespace/.local/lib/python3.12/site-packages/tornado/websocket.py", line 1115, in wrapper
    raise WebSocketClosedError()
tornado.websocket.WebSocketClosedError
2026-03-31 23:36:29,382 ERROR asyncio Task exception was never retrieved
future: <Task finished name='Task-30953' coro=<WebSocketProtocol13.write_message.<locals>.wrapper() done, defined at /home/codespace/.local/lib/python3.12/site-packages/tornado/websocket.py:1111> exception=WebSocketClosedError()>
Traceback (most recent call last):
  File "/home/codespace/.local/lib/python3.12/site-packages/tornado/websocket.py", line 1113, in wrapper
    await fut
tornado.iostream.StreamClosedError: Stream is closed

During handling of the above exception, another exception occurred:

Traceback (most recent call last):
  File "/home/codespace/.local/lib/python3.12/site-packages/tornado/websocket.py", line 1115, in wrapper
    raise WebSocketClosedError()
tornado.websocket.WebSocketClosedError
2026-03-31 23:36:29,382 ERROR asyncio Task exception was never retrieved
future: <Task finished name='Task-30954' coro=<WebSocketProtocol13.write_message.<locals>.wrapper() done, defined at /home/codespace/.local/lib/python3.12/site-packages/tornado/websocket.py:1111> exception=WebSocketClosedError()>
Traceback (most recent call last):
  File "/home/codespace/.local/lib/python3.12/site-packages/tornado/websocket.py", line 1113, in wrapper
    await fut
tornado.iostream.StreamClosedError: Stream is closed

During handling of the above exception, another exception occurred:

Traceback (most recent call last):
  File "/home/codespace/.local/lib/python3.12/site-packages/tornado/websocket.py", line 1115, in wrapper
    raise WebSocketClosedError()
tornado.websocket.WebSocketClosedError
2026-03-31 23:36:29,382 ERROR asyncio Task exception was never retrieved
future: <Task finished name='Task-30955' coro=<WebSocketProtocol13.write_message.<locals>.wrapper() done, defined at /home/codespace/.local/lib/python3.12/site-packages/tornado/websocket.py:1111> exception=WebSocketClosedError()>
Traceback (most recent call last):
  File "/home/codespace/.local/lib/python3.12/site-packages/tornado/websocket.py", line 1113, in wrapper
    await fut
tornado.iostream.StreamClosedError: Stream is closed

During handling of the above exception, another exception occurred:

Traceback (most recent call last):
  File "/home/codespace/.local/lib/python3.12/site-packages/tornado/websocket.py", line 1115, in wrapper
    raise WebSocketClosedError()
tornado.websocket.WebSocketClosedError
2026-03-31 23:36:29,383 ERROR asyncio Task exception was never retrieved
future: <Task finished name='Task-30956' coro=<WebSocketProtocol13.write_message.<locals>.wrapper() done, defined at /home/codespace/.local/lib/python3.12/site-packages/tornado/websocket.py:1111> exception=WebSocketClosedError()>
Traceback (most recent call last):
  File "/home/codespace/.local/lib/python3.12/site-packages/tornado/websocket.py", line 1113, in wrapper
    await fut
tornado.iostream.StreamClosedError: Stream is closed

During handling of the above exception, another exception occurred:

Traceback (most recent call last):
  File "/home/codespace/.local/lib/python3.12/site-packages/tornado/websocket.py", line 1115, in wrapper
    raise WebSocketClosedError()
tornado.websocket.WebSocketClosedError
2026-03-31 23:36:29,383 ERROR asyncio Task exception was never retrieved
future: <Task finished name='Task-30957' coro=<WebSocketProtocol13.write_message.<locals>.wrapper() done, defined at /home/codespace/.local/lib/python3.12/site-packages/tornado/websocket.py:1111> exception=WebSocketClosedError()>
Traceback (most recent call last):
  File "/home/codespace/.local/lib/python3.12/site-packages/tornado/websocket.py", line 1113, in wrapper
    await fut
tornado.iostream.StreamClosedError: Stream is closed

During handling of the above exception, another exception occurred:

Traceback (most recent call last):
  File "/home/codespace/.local/lib/python3.12/site-packages/tornado/websocket.py", line 1115, in wrapper
    raise WebSocketClosedError()
tornado.websocket.WebSocketClosedError
2026-03-31 23:36:29,383 ERROR asyncio Task exception was never retrieved
future: <Task finished name='Task-30958' coro=<WebSocketProtocol13.write_message.<locals>.wrapper() done, defined at /home/codespace/.local/lib/python3.12/site-packages/tornado/websocket.py:1111> exception=WebSocketClosedError()>
Traceback (most recent call last):
  File "/home/codespace/.local/lib/python3.12/site-packages/tornado/websocket.py", line 1113, in wrapper
    await fut
tornado.iostream.StreamClosedError: Stream is closed

During handling of the above exception, another exception occurred:

Traceback (most recent call last):
  File "/home/codespace/.local/lib/python3.12/site-packages/tornado/websocket.py", line 1115, in wrapper
    raise WebSocketClosedError()
tornado.websocket.WebSocketClosedError
2026-03-31 23:36:29,384 ERROR asyncio Task exception was never retrieved
future: <Task finished name='Task-30959' coro=<WebSocketProtocol13.write_message.<locals>.wrapper() done, defined at /home/codespace/.local/lib/python3.12/site-packages/tornado/websocket.py:1111> exception=WebSocketClosedError()>
Traceback (most recent call last):
  File "/home/codespace/.local/lib/python3.12/site-packages/tornado/websocket.py", line 1113, in wrapper
    await fut
tornado.iostream.StreamClosedError: Stream is closed

During handling of the above exception, another exception occurred:

Traceback (most recent call last):
  File "/home/codespace/.local/lib/python3.12/site-packages/tornado/websocket.py", line 1115, in wrapper
    raise WebSocketClosedError()
tornado.websocket.WebSocketClosedError
2026-03-31 23:36:29,384 ERROR asyncio Task exception was never retrieved
future: <Task finished name='Task-30960' coro=<WebSocketProtocol13.write_message.<locals>.wrapper() done, defined at /home/codespace/.local/lib/python3.12/site-packages/tornado/websocket.py:1111> exception=WebSocketClosedError()>
Traceback (most recent call last):
  File "/home/codespace/.local/lib/python3.12/site-packages/tornado/websocket.py", line 1113, in wrapper
    await fut
tornado.iostream.StreamClosedError: Stream is closed

During handling of the above exception, another exception occurred:

Traceback (most recent call last):
  File "/home/codespace/.local/lib/python3.12/site-packages/tornado/websocket.py", line 1115, in wrapper
    raise WebSocketClosedError()
tornado.websocket.WebSocketClosedError
2026-03-31 23:36:29,384 ERROR asyncio Task exception was never retrieved
future: <Task finished name='Task-30961' coro=<WebSocketProtocol13.write_message.<locals>.wrapper() done, defined at /home/codespace/.local/lib/python3.12/site-packages/tornado/websocket.py:1111> exception=WebSocketClosedError()>
Traceback (most recent call last):
  File "/home/codespace/.local/lib/python3.12/site-packages/tornado/websocket.py", line 1113, in wrapper
    await fut
tornado.iostream.StreamClosedError: Stream is closed

During handling of the above exception, another exception occurred:

Traceback (most recent call last):
  File "/home/codespace/.local/lib/python3.12/site-packages/tornado/websocket.py", line 1115, in wrapper
    raise WebSocketClosedError()
tornado.websocket.WebSocketClosedError
2026-03-31 23:36:29,385 ERROR asyncio Task exception was never retrieved
future: <Task finished name='Task-30962' coro=<WebSocketProtocol13.write_message.<locals>.wrapper() done, defined at /home/codespace/.local/lib/python3.12/site-packages/tornado/websocket.py:1111> exception=WebSocketClosedError()>
Traceback (most recent call last):
  File "/home/codespace/.local/lib/python3.12/site-packages/tornado/websocket.py", line 1113, in wrapper
    await fut
tornado.iostream.StreamClosedError: Stream is closed

During handling of the above exception, another exception occurred:

Traceback (most recent call last):
  File "/home/codespace/.local/lib/python3.12/site-packages/tornado/websocket.py", line 1115, in wrapper
    raise WebSocketClosedError()
tornado.websocket.WebSocketClosedError
2026-03-31 23:36:29,385 ERROR asyncio Task exception was never retrieved
future: <Task finished name='Task-30963' coro=<WebSocketProtocol13.write_message.<locals>.wrapper() done, defined at /home/codespace/.local/lib/python3.12/site-packages/tornado/websocket.py:1111> exception=WebSocketClosedError()>
Traceback (most recent call last):
  File "/home/codespace/.local/lib/python3.12/site-packages/tornado/websocket.py", line 1113, in wrapper
    await fut
tornado.iostream.StreamClosedError: Stream is closed

During handling of the above exception, another exception occurred:

Traceback (most recent call last):
  File "/home/codespace/.local/lib/python3.12/site-packages/tornado/websocket.py", line 1115, in wrapper
    raise WebSocketClosedError()
tornado.websocket.WebSocketClosedError
2026-03-31 23:36:29,385 ERROR asyncio Task exception was never retrieved
future: <Task finished name='Task-30964' coro=<WebSocketProtocol13.write_message.<locals>.wrapper() done, defined at /home/codespace/.local/lib/python3.12/site-packages/tornado/websocket.py:1111> exception=WebSocketClosedError()>
Traceback (most recent call last):
  File "/home/codespace/.local/lib/python3.12/site-packages/tornado/websocket.py", line 1113, in wrapper
    await fut
tornado.iostream.StreamClosedError: Stream is closed

During handling of the above exception, another exception occurred:

Traceback (most recent call last):
  File "/home/codespace/.local/lib/python3.12/site-packages/tornado/websocket.py", line 1115, in wrapper
    raise WebSocketClosedError()
tornado.websocket.WebSocketClosedError
2026-03-31 23:36:29,386 ERROR asyncio Task exception was never retrieved
future: <Task finished name='Task-30965' coro=<WebSocketProtocol13.write_message.<locals>.wrapper() done, defined at /home/codespace/.local/lib/python3.12/site-packages/tornado/websocket.py:1111> exception=WebSocketClosedError()>
Traceback (most recent call last):
  File "/home/codespace/.local/lib/python3.12/site-packages/tornado/websocket.py", line 1113, in wrapper
    await fut
tornado.iostream.StreamClosedError: Stream is closed

During handling of the above exception, another exception occurred:

Traceback (most recent call last):
  File "/home/codespace/.local/lib/python3.12/site-packages/tornado/websocket.py", line 1115, in wrapper
    raise WebSocketClosedError()
tornado.websocket.WebSocketClosedError
2026-03-31 23:36:29,386 ERROR asyncio Task exception was never retrieved
future: <Task finished name='Task-30966' coro=<WebSocketProtocol13.write_message.<locals>.wrapper() done, defined at /home/codespace/.local/lib/python3.12/site-packages/tornado/websocket.py:1111> exception=WebSocketClosedError()>
Traceback (most recent call last):
  File "/home/codespace/.local/lib/python3.12/site-packages/tornado/websocket.py", line 1113, in wrapper
    await fut
tornado.iostream.StreamClosedError: Stream is closed

During handling of the above exception, another exception occurred:

Traceback (most recent call last):
  File "/home/codespace/.local/lib/python3.12/site-packages/tornado/websocket.py", line 1115, in wrapper
    raise WebSocketClosedError()
tornado.websocket.WebSocketClosedError
2026-03-31 23:36:29,386 ERROR asyncio Task exception was never retrieved
future: <Task finished name='Task-30967' coro=<WebSocketProtocol13.write_message.<locals>.wrapper() done, defined at /home/codespace/.local/lib/python3.12/site-packages/tornado/websocket.py:1111> exception=WebSocketClosedError()>
Traceback (most recent call last):
  File "/home/codespace/.local/lib/python3.12/site-packages/tornado/websocket.py", line 1113, in wrapper
    await fut
tornado.iostream.StreamClosedError: Stream is closed

During handling of the above exception, another exception occurred:

Traceback (most recent call last):
  File "/home/codespace/.local/lib/python3.12/site-packages/tornado/websocket.py", line 1115, in wrapper
    raise WebSocketClosedError()
tornado.websocket.WebSocketClosedError
2026-03-31 23:36:29,387 ERROR asyncio Task exception was never retrieved
future: <Task finished name='Task-30968' coro=<WebSocketProtocol13.write_message.<locals>.wrapper() done, defined at /home/codespace/.local/lib/python3.12/site-packages/tornado/websocket.py:1111> exception=WebSocketClosedError()>
Traceback (most recent call last):
  File "/home/codespace/.local/lib/python3.12/site-packages/tornado/websocket.py", line 1113, in wrapper
    await fut
tornado.iostream.StreamClosedError: Stream is closed

During handling of the above exception, another exception occurred:

Traceback (most recent call last):
  File "/home/codespace/.local/lib/python3.12/site-packages/tornado/websocket.py", line 1115, in wrapper
    raise WebSocketClosedError()
tornado.websocket.WebSocketClosedError
2026-03-31 23:36:29,387 ERROR asyncio Task exception was never retrieved
future: <Task finished name='Task-30969' coro=<WebSocketProtocol13.write_message.<locals>.wrapper() done, defined at /home/codespace/.local/lib/python3.12/site-packages/tornado/websocket.py:1111> exception=WebSocketClosedError()>
Traceback (most recent call last):
  File "/home/codespace/.local/lib/python3.12/site-packages/tornado/websocket.py", line 1113, in wrapper
    await fut
tornado.iostream.StreamClosedError: Stream is closed

During handling of the above exception, another exception occurred:

Traceback (most recent call last):
  File "/home/codespace/.local/lib/python3.12/site-packages/tornado/websocket.py", line 1115, in wrapper
    raise WebSocketClosedError()
tornado.websocket.WebSocketClosedError
2026-03-31 23:36:29,387 ERROR asyncio Task exception was never retrieved
future: <Task finished name='Task-30970' coro=<WebSocketProtocol13.write_message.<locals>.wrapper() done, defined at /home/codespace/.local/lib/python3.12/site-packages/tornado/websocket.py:1111> exception=WebSocketClosedError()>
Traceback (most recent call last):
  File "/home/codespace/.local/lib/python3.12/site-packages/tornado/websocket.py", line 1113, in wrapper
    await fut
tornado.iostream.StreamClosedError: Stream is closed

During handling of the above exception, another exception occurred:

Traceback (most recent call last):
  File "/home/codespace/.local/lib/python3.12/site-packages/tornado/websocket.py", line 1115, in wrapper
    raise WebSocketClosedError()
tornado.websocket.WebSocketClosedError
2026-03-31 23:36:29,388 ERROR asyncio Task exception was never retrieved
future: <Task finished name='Task-30971' coro=<WebSocketProtocol13.write_message.<locals>.wrapper() done, defined at /home/codespace/.local/lib/python3.12/site-packages/tornado/websocket.py:1111> exception=WebSocketClosedError()>
Traceback (most recent call last):
  File "/home/codespace/.local/lib/python3.12/site-packages/tornado/websocket.py", line 1113, in wrapper
    await fut
tornado.iostream.StreamClosedError: Stream is closed

During handling of the above exception, another exception occurred:

Traceback (most recent call last):
  File "/home/codespace/.local/lib/python3.12/site-packages/tornado/websocket.py", line 1115, in wrapper
    raise WebSocketClosedError()
tornado.websocket.WebSocketClosedError
2026-03-31 23:36:29,388 ERROR asyncio Task exception was never retrieved
future: <Task finished name='Task-30972' coro=<WebSocketProtocol13.write_message.<locals>.wrapper() done, defined at /home/codespace/.local/lib/python3.12/site-packages/tornado/websocket.py:1111> exception=WebSocketClosedError()>
Traceback (most recent call last):
  File "/home/codespace/.local/lib/python3.12/site-packages/tornado/websocket.py", line 1113, in wrapper
    await fut
tornado.iostream.StreamClosedError: Stream is closed

During handling of the above exception, another exception occurred:

Traceback (most recent call last):
  File "/home/codespace/.local/lib/python3.12/site-packages/tornado/websocket.py", line 1115, in wrapper
    raise WebSocketClosedError()
tornado.websocket.WebSocketClosedError
2026-03-31 23:36:29,388 ERROR asyncio Task exception was never retrieved
future: <Task finished name='Task-30973' coro=<WebSocketProtocol13.write_message.<locals>.wrapper() done, defined at /home/codespace/.local/lib/python3.12/site-packages/tornado/websocket.py:1111> exception=WebSocketClosedError()>
Traceback (most recent call last):
  File "/home/codespace/.local/lib/python3.12/site-packages/tornado/websocket.py", line 1113, in wrapper
    await fut
tornado.iostream.StreamClosedError: Stream is closed

During handling of the above exception, another exception occurred:

Traceback (most recent call last):
  File "/home/codespace/.local/lib/python3.12/site-packages/tornado/websocket.py", line 1115, in wrapper
    raise WebSocketClosedError()
tornado.websocket.WebSocketClosedError
2026-03-31 23:36:29,389 ERROR asyncio Task exception was never retrieved
future: <Task finished name='Task-30974' coro=<WebSocketProtocol13.write_message.<locals>.wrapper() done, defined at /home/codespace/.local/lib/python3.12/site-packages/tornado/websocket.py:1111> exception=WebSocketClosedError()>
Traceback (most recent call last):
  File "/home/codespace/.local/lib/python3.12/site-packages/tornado/websocket.py", line 1113, in wrapper
    await fut
tornado.iostream.StreamClosedError: Stream is closed

During handling of the above exception, another exception occurred:

Traceback (most recent call last):
  File "/home/codespace/.local/lib/python3.12/site-packages/tornado/websocket.py", line 1115, in wrapper
    raise WebSocketClosedError()
tornado.websocket.WebSocketClosedError
2026-03-31 23:36:29,389 ERROR asyncio Task exception was never retrieved
future: <Task finished name='Task-30975' coro=<WebSocketProtocol13.write_message.<locals>.wrapper() done, defined at /home/codespace/.local/lib/python3.12/site-packages/tornado/websocket.py:1111> exception=WebSocketClosedError()>
Traceback (most recent call last):
  File "/home/codespace/.local/lib/python3.12/site-packages/tornado/websocket.py", line 1113, in wrapper
    await fut
tornado.iostream.StreamClosedError: Stream is closed

During handling of the above exception, another exception occurred:

Traceback (most recent call last):
  File "/home/codespace/.local/lib/python3.12/site-packages/tornado/websocket.py", line 1115, in wrapper
    raise WebSocketClosedError()
tornado.websocket.WebSocketClosedError
2026-03-31 23:36:29,390 ERROR asyncio Task exception was never retrieved
future: <Task finished name='Task-30976' coro=<WebSocketProtocol13.write_message.<locals>.wrapper() done, defined at /home/codespace/.local/lib/python3.12/site-packages/tornado/websocket.py:1111> exception=WebSocketClosedError()>
Traceback (most recent call last):
  File "/home/codespace/.local/lib/python3.12/site-packages/tornado/websocket.py", line 1113, in wrapper
    await fut
tornado.iostream.StreamClosedError: Stream is closed

During handling of the above exception, another exception occurred:

Traceback (most recent call last):
  File "/home/codespace/.local/lib/python3.12/site-packages/tornado/websocket.py", line 1115, in wrapper
    raise WebSocketClosedError()
tornado.websocket.WebSocketClosedError
2026-03-31 23:36:29,390 ERROR asyncio Task exception was never retrieved
future: <Task finished name='Task-30977' coro=<WebSocketProtocol13.write_message.<locals>.wrapper() done, defined at /home/codespace/.local/lib/python3.12/site-packages/tornado/websocket.py:1111> exception=WebSocketClosedError()>
Traceback (most recent call last):
  File "/home/codespace/.local/lib/python3.12/site-packages/tornado/websocket.py", line 1113, in wrapper
    await fut
tornado.iostream.StreamClosedError: Stream is closed

During handling of the above exception, another exception occurred:

Traceback (most recent call last):
  File "/home/codespace/.local/lib/python3.12/site-packages/tornado/websocket.py", line 1115, in wrapper
    raise WebSocketClosedError()
tornado.websocket.WebSocketClosedError
2026-03-31 23:36:29,390 ERROR asyncio Task exception was never retrieved
future: <Task finished name='Task-30978' coro=<WebSocketProtocol13.write_message.<locals>.wrapper() done, defined at /home/codespace/.local/lib/python3.12/site-packages/tornado/websocket.py:1111> exception=WebSocketClosedError()>
Traceback (most recent call last):
  File "/home/codespace/.local/lib/python3.12/site-packages/tornado/websocket.py", line 1113, in wrapper
    await fut
tornado.iostream.StreamClosedError: Stream is closed

During handling of the above exception, another exception occurred:

Traceback (most recent call last):
  File "/home/codespace/.local/lib/python3.12/site-packages/tornado/websocket.py", line 1115, in wrapper
    raise WebSocketClosedError()
tornado.websocket.WebSocketClosedError
2026-03-31 23:36:29,391 ERROR asyncio Task exception was never retrieved
future: <Task finished name='Task-30979' coro=<WebSocketProtocol13.write_message.<locals>.wrapper() done, defined at /home/codespace/.local/lib/python3.12/site-packages/tornado/websocket.py:1111> exception=WebSocketClosedError()>
Traceback (most recent call last):
  File "/home/codespace/.local/lib/python3.12/site-packages/tornado/websocket.py", line 1113, in wrapper
    await fut
tornado.iostream.StreamClosedError: Stream is closed

During handling of the above exception, another exception occurred:

Traceback (most recent call last):
  File "/home/codespace/.local/lib/python3.12/site-packages/tornado/websocket.py", line 1115, in wrapper
    raise WebSocketClosedError()
tornado.websocket.WebSocketClosedError
2026-03-31 23:36:29,391 ERROR asyncio Task exception was never retrieved
future: <Task finished name='Task-30980' coro=<WebSocketProtocol13.write_message.<locals>.wrapper() done, defined at /home/codespace/.local/lib/python3.12/site-packages/tornado/websocket.py:1111> exception=WebSocketClosedError()>
Traceback (most recent call last):
  File "/home/codespace/.local/lib/python3.12/site-packages/tornado/websocket.py", line 1113, in wrapper
    await fut
tornado.iostream.StreamClosedError: Stream is closed

During handling of the above exception, another exception occurred:

Traceback (most recent call last):
  File "/home/codespace/.local/lib/python3.12/site-packages/tornado/websocket.py", line 1115, in wrapper
    raise WebSocketClosedError()
tornado.websocket.WebSocketClosedError
2026-03-31 23:36:29,391 ERROR asyncio Task exception was never retrieved
future: <Task finished name='Task-30981' coro=<WebSocketProtocol13.write_message.<locals>.wrapper() done, defined at /home/codespace/.local/lib/python3.12/site-packages/tornado/websocket.py:1111> exception=WebSocketClosedError()>
Traceback (most recent call last):
  File "/home/codespace/.local/lib/python3.12/site-packages/tornado/websocket.py", line 1113, in wrapper
    await fut
tornado.iostream.StreamClosedError: Stream is closed

During handling of the above exception, another exception occurred:

Traceback (most recent call last):
  File "/home/codespace/.local/lib/python3.12/site-packages/tornado/websocket.py", line 1115, in wrapper
    raise WebSocketClosedError()
tornado.websocket.WebSocketClosedError
2026-03-31 23:36:29,392 ERROR asyncio Task exception was never retrieved
future: <Task finished name='Task-30982' coro=<WebSocketProtocol13.write_message.<locals>.wrapper() done, defined at /home/codespace/.local/lib/python3.12/site-packages/tornado/websocket.py:1111> exception=WebSocketClosedError()>
Traceback (most recent call last):
  File "/home/codespace/.local/lib/python3.12/site-packages/tornado/websocket.py", line 1113, in wrapper
    await fut
tornado.iostream.StreamClosedError: Stream is closed

During handling of the above exception, another exception occurred:

Traceback (most recent call last):
  File "/home/codespace/.local/lib/python3.12/site-packages/tornado/websocket.py", line 1115, in wrapper
    raise WebSocketClosedError()
tornado.websocket.WebSocketClosedError
2026-03-31 23:36:29,392 ERROR asyncio Task exception was never retrieved
future: <Task finished name='Task-30983' coro=<WebSocketProtocol13.write_message.<locals>.wrapper() done, defined at /home/codespace/.local/lib/python3.12/site-packages/tornado/websocket.py:1111> exception=WebSocketClosedError()>
Traceback (most recent call last):
  File "/home/codespace/.local/lib/python3.12/site-packages/tornado/websocket.py", line 1113, in wrapper
    await fut
tornado.iostream.StreamClosedError: Stream is closed

During handling of the above exception, another exception occurred:

Traceback (most recent call last):
  File "/home/codespace/.local/lib/python3.12/site-packages/tornado/websocket.py", line 1115, in wrapper
    raise WebSocketClosedError()
tornado.websocket.WebSocketClosedError
2026-03-31 23:36:29,393 ERROR asyncio Task exception was never retrieved
future: <Task finished name='Task-30984' coro=<WebSocketProtocol13.write_message.<locals>.wrapper() done, defined at /home/codespace/.local/lib/python3.12/site-packages/tornado/websocket.py:1111> exception=WebSocketClosedError()>
Traceback (most recent call last):
  File "/home/codespace/.local/lib/python3.12/site-packages/tornado/websocket.py", line 1113, in wrapper
    await fut
tornado.iostream.StreamClosedError: Stream is closed

During handling of the above exception, another exception occurred:

Traceback (most recent call last):
  File "/home/codespace/.local/lib/python3.12/site-packages/tornado/websocket.py", line 1115, in wrapper
    raise WebSocketClosedError()
tornado.websocket.WebSocketClosedError
2026-03-31 23:36:29,393 ERROR asyncio Task exception was never retrieved
future: <Task finished name='Task-30985' coro=<WebSocketProtocol13.write_message.<locals>.wrapper() done, defined at /home/codespace/.local/lib/python3.12/site-packages/tornado/websocket.py:1111> exception=WebSocketClosedError()>
Traceback (most recent call last):
  File "/home/codespace/.local/lib/python3.12/site-packages/tornado/websocket.py", line 1113, in wrapper
    await fut
tornado.iostream.StreamClosedError: Stream is closed

During handling of the above exception, another exception occurred:

Traceback (most recent call last):
  File "/home/codespace/.local/lib/python3.12/site-packages/tornado/websocket.py", line 1115, in wrapper
    raise WebSocketClosedError()
tornado.websocket.WebSocketClosedError
2026-03-31 23:36:29,393 ERROR asyncio Task exception was never retrieved
future: <Task finished name='Task-30986' coro=<WebSocketProtocol13.write_message.<locals>.wrapper() done, defined at /home/codespace/.local/lib/python3.12/site-packages/tornado/websocket.py:1111> exception=WebSocketClosedError()>
Traceback (most recent call last):
  File "/home/codespace/.local/lib/python3.12/site-packages/tornado/websocket.py", line 1113, in wrapper
    await fut
tornado.iostream.StreamClosedError: Stream is closed

During handling of the above exception, another exception occurred:

Traceback (most recent call last):
  File "/home/codespace/.local/lib/python3.12/site-packages/tornado/websocket.py", line 1115, in wrapper
    raise WebSocketClosedError()
tornado.websocket.WebSocketClosedError
2026-03-31 23:36:29,394 ERROR asyncio Task exception was never retrieved
future: <Task finished name='Task-30987' coro=<WebSocketProtocol13.write_message.<locals>.wrapper() done, defined at /home/codespace/.local/lib/python3.12/site-packages/tornado/websocket.py:1111> exception=WebSocketClosedError()>
Traceback (most recent call last):
  File "/home/codespace/.local/lib/python3.12/site-packages/tornado/websocket.py", line 1113, in wrapper
    await fut
tornado.iostream.StreamClosedError: Stream is closed

During handling of the above exception, another exception occurred:

Traceback (most recent call last):
  File "/home/codespace/.local/lib/python3.12/site-packages/tornado/websocket.py", line 1115, in wrapper
    raise WebSocketClosedError()
tornado.websocket.WebSocketClosedError
2026-03-31 23:36:29,394 ERROR asyncio Task exception was never retrieved
future: <Task finished name='Task-30988' coro=<WebSocketProtocol13.write_message.<locals>.wrapper() done, defined at /home/codespace/.local/lib/python3.12/site-packages/tornado/websocket.py:1111> exception=WebSocketClosedError()>
Traceback (most recent call last):
  File "/home/codespace/.local/lib/python3.12/site-packages/tornado/websocket.py", line 1113, in wrapper
    await fut
tornado.iostream.StreamClosedError: Stream is closed

During handling of the above exception, another exception occurred:

Traceback (most recent call last):
  File "/home/codespace/.local/lib/python3.12/site-packages/tornado/websocket.py", line 1115, in wrapper
    raise WebSocketClosedError()
tornado.websocket.WebSocketClosedError
2026-03-31 23:36:29,394 ERROR asyncio Task exception was never retrieved
future: <Task finished name='Task-30989' coro=<WebSocketProtocol13.write_message.<locals>.wrapper() done, defined at /home/codespace/.local/lib/python3.12/site-packages/tornado/websocket.py:1111> exception=WebSocketClosedError()>
Traceback (most recent call last):
  File "/home/codespace/.local/lib/python3.12/site-packages/tornado/websocket.py", line 1113, in wrapper
    await fut
tornado.iostream.StreamClosedError: Stream is closed

During handling of the above exception, another exception occurred:

Traceback (most recent call last):
  File "/home/codespace/.local/lib/python3.12/site-packages/tornado/websocket.py", line 1115, in wrapper
    raise WebSocketClosedError()
tornado.websocket.WebSocketClosedError
2026-03-31 23:36:29,395 ERROR asyncio Task exception was never retrieved
future: <Task finished name='Task-30990' coro=<WebSocketProtocol13.write_message.<locals>.wrapper() done, defined at /home/codespace/.local/lib/python3.12/site-packages/tornado/websocket.py:1111> exception=WebSocketClosedError()>
Traceback (most recent call last):
  File "/home/codespace/.local/lib/python3.12/site-packages/tornado/websocket.py", line 1113, in wrapper
    await fut
tornado.iostream.StreamClosedError: Stream is closed

During handling of the above exception, another exception occurred:

Traceback (most recent call last):
  File "/home/codespace/.local/lib/python3.12/site-packages/tornado/websocket.py", line 1115, in wrapper
    raise WebSocketClosedError()
tornado.websocket.WebSocketClosedError
2026-03-31 23:36:29,395 ERROR asyncio Task exception was never retrieved
future: <Task finished name='Task-30991' coro=<WebSocketProtocol13.write_message.<locals>.wrapper() done, defined at /home/codespace/.local/lib/python3.12/site-packages/tornado/websocket.py:1111> exception=WebSocketClosedError()>
Traceback (most recent call last):
  File "/home/codespace/.local/lib/python3.12/site-packages/tornado/websocket.py", line 1113, in wrapper
    await fut
tornado.iostream.StreamClosedError: Stream is closed

During handling of the above exception, another exception occurred:

Traceback (most recent call last):
  File "/home/codespace/.local/lib/python3.12/site-packages/tornado/websocket.py", line 1115, in wrapper
    raise WebSocketClosedError()
tornado.websocket.WebSocketClosedError
2026-03-31 23:36:29,396 ERROR asyncio Task exception was never retrieved
future: <Task finished name='Task-30992' coro=<WebSocketProtocol13.write_message.<locals>.wrapper() done, defined at /home/codespace/.local/lib/python3.12/site-packages/tornado/websocket.py:1111> exception=WebSocketClosedError()>
Traceback (most recent call last):
  File "/home/codespace/.local/lib/python3.12/site-packages/tornado/websocket.py", line 1113, in wrapper
    await fut
tornado.iostream.StreamClosedError: Stream is closed

During handling of the above exception, another exception occurred:

Traceback (most recent call last):
  File "/home/codespace/.local/lib/python3.12/site-packages/tornado/websocket.py", line 1115, in wrapper
    raise WebSocketClosedError()
tornado.websocket.WebSocketClosedError
2026-03-31 23:36:29,396 ERROR asyncio Task exception was never retrieved
future: <Task finished name='Task-30993' coro=<WebSocketProtocol13.write_message.<locals>.wrapper() done, defined at /home/codespace/.local/lib/python3.12/site-packages/tornado/websocket.py:1111> exception=WebSocketClosedError()>
Traceback (most recent call last):
  File "/home/codespace/.local/lib/python3.12/site-packages/tornado/websocket.py", line 1113, in wrapper
    await fut
tornado.iostream.StreamClosedError: Stream is closed

During handling of the above exception, another exception occurred:

Traceback (most recent call last):
  File "/home/codespace/.local/lib/python3.12/site-packages/tornado/websocket.py", line 1115, in wrapper
    raise WebSocketClosedError()
tornado.websocket.WebSocketClosedError
2026-03-31 23:36:29,397 ERROR asyncio Task exception was never retrieved
future: <Task finished name='Task-30994' coro=<WebSocketProtocol13.write_message.<locals>.wrapper() done, defined at /home/codespace/.local/lib/python3.12/site-packages/tornado/websocket.py:1111> exception=WebSocketClosedError()>
Traceback (most recent call last):
  File "/home/codespace/.local/lib/python3.12/site-packages/tornado/websocket.py", line 1113, in wrapper
    await fut
tornado.iostream.StreamClosedError: Stream is closed

During handling of the above exception, another exception occurred:

Traceback (most recent call last):
  File "/home/codespace/.local/lib/python3.12/site-packages/tornado/websocket.py", line 1115, in wrapper
    raise WebSocketClosedError()
tornado.websocket.WebSocketClosedError
2026-03-31 23:36:29,397 ERROR asyncio Task exception was never retrieved
future: <Task finished name='Task-30995' coro=<WebSocketProtocol13.write_message.<locals>.wrapper() done, defined at /home/codespace/.local/lib/python3.12/site-packages/tornado/websocket.py:1111> exception=WebSocketClosedError()>
Traceback (most recent call last):
  File "/home/codespace/.local/lib/python3.12/site-packages/tornado/websocket.py", line 1113, in wrapper
    await fut
tornado.iostream.StreamClosedError: Stream is closed

During handling of the above exception, another exception occurred:

Traceback (most recent call last):
  File "/home/codespace/.local/lib/python3.12/site-packages/tornado/websocket.py", line 1115, in wrapper
    raise WebSocketClosedError()
tornado.websocket.WebSocketClosedError
2026-03-31 23:36:29,397 ERROR asyncio Task exception was never retrieved
future: <Task finished name='Task-30996' coro=<WebSocketProtocol13.write_message.<locals>.wrapper() done, defined at /home/codespace/.local/lib/python3.12/site-packages/tornado/websocket.py:1111> exception=WebSocketClosedError()>
Traceback (most recent call last):
  File "/home/codespace/.local/lib/python3.12/site-packages/tornado/websocket.py", line 1113, in wrapper
    await fut
tornado.iostream.StreamClosedError: Stream is closed

During handling of the above exception, another exception occurred:

Traceback (most recent call last):
  File "/home/codespace/.local/lib/python3.12/site-packages/tornado/websocket.py", line 1115, in wrapper
    raise WebSocketClosedError()
tornado.websocket.WebSocketClosedError
2026-03-31 23:36:29,398 ERROR asyncio Task exception was never retrieved
future: <Task finished name='Task-30997' coro=<WebSocketProtocol13.write_message.<locals>.wrapper() done, defined at /home/codespace/.local/lib/python3.12/site-packages/tornado/websocket.py:1111> exception=WebSocketClosedError()>
Traceback (most recent call last):
  File "/home/codespace/.local/lib/python3.12/site-packages/tornado/websocket.py", line 1113, in wrapper
    await fut
tornado.iostream.StreamClosedError: Stream is closed

During handling of the above exception, another exception occurred:

Traceback (most recent call last):
  File "/home/codespace/.local/lib/python3.12/site-packages/tornado/websocket.py", line 1115, in wrapper
    raise WebSocketClosedError()
tornado.websocket.WebSocketClosedError
2026-03-31 23:36:29,398 ERROR asyncio Task exception was never retrieved
future: <Task finished name='Task-30998' coro=<WebSocketProtocol13.write_message.<locals>.wrapper() done, defined at /home/codespace/.local/lib/python3.12/site-packages/tornado/websocket.py:1111> exception=WebSocketClosedError()>
Traceback (most recent call last):
  File "/home/codespace/.local/lib/python3.12/site-packages/tornado/websocket.py", line 1113, in wrapper
    await fut
tornado.iostream.StreamClosedError: Stream is closed

During handling of the above exception, another exception occurred:

Traceback (most recent call last):
  File "/home/codespace/.local/lib/python3.12/site-packages/tornado/websocket.py", line 1115, in wrapper
    raise WebSocketClosedError()
tornado.websocket.WebSocketClosedError
2026-03-31 23:36:29,399 ERROR asyncio Task exception was never retrieved
future: <Task finished name='Task-30999' coro=<WebSocketProtocol13.write_message.<locals>.wrapper() done, defined at /home/codespace/.local/lib/python3.12/site-packages/tornado/websocket.py:1111> exception=WebSocketClosedError()>
Traceback (most recent call last):
  File "/home/codespace/.local/lib/python3.12/site-packages/tornado/websocket.py", line 1113, in wrapper
    await fut
tornado.iostream.StreamClosedError: Stream is closed

During handling of the above exception, another exception occurred:

Traceback (most recent call last):
  File "/home/codespace/.local/lib/python3.12/site-packages/tornado/websocket.py", line 1115, in wrapper
    raise WebSocketClosedError()
tornado.websocket.WebSocketClosedError
2026-03-31 23:36:29,399 ERROR asyncio Task exception was never retrieved
future: <Task finished name='Task-31000' coro=<WebSocketProtocol13.write_message.<locals>.wrapper() done, defined at /home/codespace/.local/lib/python3.12/site-packages/tornado/websocket.py:1111> exception=WebSocketClosedError()>
Traceback (most recent call last):
  File "/home/codespace/.local/lib/python3.12/site-packages/tornado/websocket.py", line 1113, in wrapper
    await fut
tornado.iostream.StreamClosedError: Stream is closed

During handling of the above exception, another exception occurred:

Traceback (most recent call last):
  File "/home/codespace/.local/lib/python3.12/site-packages/tornado/websocket.py", line 1115, in wrapper
    raise WebSocketClosedError()
tornado.websocket.WebSocketClosedError
2026-03-31 23:36:29,399 ERROR asyncio Task exception was never retrieved
future: <Task finished name='Task-31001' coro=<WebSocketProtocol13.write_message.<locals>.wrapper() done, defined at /home/codespace/.local/lib/python3.12/site-packages/tornado/websocket.py:1111> exception=WebSocketClosedError()>
Traceback (most recent call last):
  File "/home/codespace/.local/lib/python3.12/site-packages/tornado/websocket.py", line 1113, in wrapper
    await fut
tornado.iostream.StreamClosedError: Stream is closed

During handling of the above exception, another exception occurred:

Traceback (most recent call last):
  File "/home/codespace/.local/lib/python3.12/site-packages/tornado/websocket.py", line 1115, in wrapper
    raise WebSocketClosedError()
tornado.websocket.WebSocketClosedError
2026-03-31 23:36:29,400 ERROR asyncio Task exception was never retrieved
future: <Task finished name='Task-31002' coro=<WebSocketProtocol13.write_message.<locals>.wrapper() done, defined at /home/codespace/.local/lib/python3.12/site-packages/tornado/websocket.py:1111> exception=WebSocketClosedError()>
Traceback (most recent call last):
  File "/home/codespace/.local/lib/python3.12/site-packages/tornado/websocket.py", line 1113, in wrapper
    await fut
tornado.iostream.StreamClosedError: Stream is closed

During handling of the above exception, another exception occurred:

Traceback (most recent call last):
  File "/home/codespace/.local/lib/python3.12/site-packages/tornado/websocket.py", line 1115, in wrapper
    raise WebSocketClosedError()
tornado.websocket.WebSocketClosedError
2026-03-31 23:36:29,400 ERROR asyncio Task exception was never retrieved
future: <Task finished name='Task-31003' coro=<WebSocketProtocol13.write_message.<locals>.wrapper() done, defined at /home/codespace/.local/lib/python3.12/site-packages/tornado/websocket.py:1111> exception=WebSocketClosedError()>
Traceback (most recent call last):
  File "/home/codespace/.local/lib/python3.12/site-packages/tornado/websocket.py", line 1113, in wrapper
    await fut
tornado.iostream.StreamClosedError: Stream is closed

During handling of the above exception, another exception occurred:

Traceback (most recent call last):
  File "/home/codespace/.local/lib/python3.12/site-packages/tornado/websocket.py", line 1115, in wrapper
    raise WebSocketClosedError()
tornado.websocket.WebSocketClosedError
2026-03-31 23:36:29,400 ERROR asyncio Task exception was never retrieved
future: <Task finished name='Task-31004' coro=<WebSocketProtocol13.write_message.<locals>.wrapper() done, defined at /home/codespace/.local/lib/python3.12/site-packages/tornado/websocket.py:1111> exception=WebSocketClosedError()>
Traceback (most recent call last):
  File "/home/codespace/.local/lib/python3.12/site-packages/tornado/websocket.py", line 1113, in wrapper
    await fut
tornado.iostream.StreamClosedError: Stream is closed

During handling of the above exception, another exception occurred:

Traceback (most recent call last):
  File "/home/codespace/.local/lib/python3.12/site-packages/tornado/websocket.py", line 1115, in wrapper
    raise WebSocketClosedError()
tornado.websocket.WebSocketClosedError
2026-03-31 23:36:29,401 ERROR asyncio Task exception was never retrieved
future: <Task finished name='Task-31005' coro=<WebSocketProtocol13.write_message.<locals>.wrapper() done, defined at /home/codespace/.local/lib/python3.12/site-packages/tornado/websocket.py:1111> exception=WebSocketClosedError()>
Traceback (most recent call last):
  File "/home/codespace/.local/lib/python3.12/site-packages/tornado/websocket.py", line 1113, in wrapper
    await fut
tornado.iostream.StreamClosedError: Stream is closed

During handling of the above exception, another exception occurred:

Traceback (most recent call last):
  File "/home/codespace/.local/lib/python3.12/site-packages/tornado/websocket.py", line 1115, in wrapper
    raise WebSocketClosedError()
tornado.websocket.WebSocketClosedError
2026-03-31 23:36:29,401 ERROR asyncio Task exception was never retrieved
future: <Task finished name='Task-31006' coro=<WebSocketProtocol13.write_message.<locals>.wrapper() done, defined at /home/codespace/.local/lib/python3.12/site-packages/tornado/websocket.py:1111> exception=WebSocketClosedError()>
Traceback (most recent call last):
  File "/home/codespace/.local/lib/python3.12/site-packages/tornado/websocket.py", line 1113, in wrapper
    await fut
tornado.iostream.StreamClosedError: Stream is closed

During handling of the above exception, another exception occurred:

Traceback (most recent call last):
  File "/home/codespace/.local/lib/python3.12/site-packages/tornado/websocket.py", line 1115, in wrapper
    raise WebSocketClosedError()
tornado.websocket.WebSocketClosedError
2026-03-31 23:36:29,401 ERROR asyncio Task exception was never retrieved
future: <Task finished name='Task-31007' coro=<WebSocketProtocol13.write_message.<locals>.wrapper() done, defined at /home/codespace/.local/lib/python3.12/site-packages/tornado/websocket.py:1111> exception=WebSocketClosedError()>
Traceback (most recent call last):
  File "/home/codespace/.local/lib/python3.12/site-packages/tornado/websocket.py", line 1113, in wrapper
    await fut
tornado.iostream.StreamClosedError: Stream is closed

During handling of the above exception, another exception occurred:

Traceback (most recent call last):
  File "/home/codespace/.local/lib/python3.12/site-packages/tornado/websocket.py", line 1115, in wrapper
    raise WebSocketClosedError()
tornado.websocket.WebSocketClosedError
2026-03-31 23:36:29,402 ERROR asyncio Task exception was never retrieved
future: <Task finished name='Task-31008' coro=<WebSocketProtocol13.write_message.<locals>.wrapper() done, defined at /home/codespace/.local/lib/python3.12/site-packages/tornado/websocket.py:1111> exception=WebSocketClosedError()>
Traceback (most recent call last):
  File "/home/codespace/.local/lib/python3.12/site-packages/tornado/websocket.py", line 1113, in wrapper
    await fut
tornado.iostream.StreamClosedError: Stream is closed

During handling of the above exception, another exception occurred:

Traceback (most recent call last):
  File "/home/codespace/.local/lib/python3.12/site-packages/tornado/websocket.py", line 1115, in wrapper
    raise WebSocketClosedError()
tornado.websocket.WebSocketClosedError
2026-03-31 23:36:29,402 ERROR asyncio Task exception was never retrieved
future: <Task finished name='Task-31009' coro=<WebSocketProtocol13.write_message.<locals>.wrapper() done, defined at /home/codespace/.local/lib/python3.12/site-packages/tornado/websocket.py:1111> exception=WebSocketClosedError()>
Traceback (most recent call last):
  File "/home/codespace/.local/lib/python3.12/site-packages/tornado/websocket.py", line 1113, in wrapper
    await fut
tornado.iostream.StreamClosedError: Stream is closed

During handling of the above exception, another exception occurred:

Traceback (most recent call last):
  File "/home/codespace/.local/lib/python3.12/site-packages/tornado/websocket.py", line 1115, in wrapper
    raise WebSocketClosedError()
tornado.websocket.WebSocketClosedError
2026-03-31 23:36:29,402 ERROR asyncio Task exception was never retrieved
future: <Task finished name='Task-31010' coro=<WebSocketProtocol13.write_message.<locals>.wrapper() done, defined at /home/codespace/.local/lib/python3.12/site-packages/tornado/websocket.py:1111> exception=WebSocketClosedError()>
Traceback (most recent call last):
  File "/home/codespace/.local/lib/python3.12/site-packages/tornado/websocket.py", line 1113, in wrapper
    await fut
tornado.iostream.StreamClosedError: Stream is closed

During handling of the above exception, another exception occurred:

Traceback (most recent call last):
  File "/home/codespace/.local/lib/python3.12/site-packages/tornado/websocket.py", line 1115, in wrapper
    raise WebSocketClosedError()
tornado.websocket.WebSocketClosedError
2026-03-31 23:36:29,402 ERROR asyncio Task exception was never retrieved
future: <Task finished name='Task-31011' coro=<WebSocketProtocol13.write_message.<locals>.wrapper() done, defined at /home/codespace/.local/lib/python3.12/site-packages/tornado/websocket.py:1111> exception=WebSocketClosedError()>
Traceback (most recent call last):
  File "/home/codespace/.local/lib/python3.12/site-packages/tornado/websocket.py", line 1113, in wrapper
    await fut
tornado.iostream.StreamClosedError: Stream is closed

During handling of the above exception, another exception occurred:

Traceback (most recent call last):
  File "/home/codespace/.local/lib/python3.12/site-packages/tornado/websocket.py", line 1115, in wrapper
    raise WebSocketClosedError()
tornado.websocket.WebSocketClosedError
2026-03-31 23:36:29,403 ERROR asyncio Task exception was never retrieved
future: <Task finished name='Task-31012' coro=<WebSocketProtocol13.write_message.<locals>.wrapper() done, defined at /home/codespace/.local/lib/python3.12/site-packages/tornado/websocket.py:1111> exception=WebSocketClosedError()>
Traceback (most recent call last):
  File "/home/codespace/.local/lib/python3.12/site-packages/tornado/websocket.py", line 1113, in wrapper
    await fut
tornado.iostream.StreamClosedError: Stream is closed

During handling of the above exception, another exception occurred:

Traceback (most recent call last):
  File "/home/codespace/.local/lib/python3.12/site-packages/tornado/websocket.py", line 1115, in wrapper
    raise WebSocketClosedError()
tornado.websocket.WebSocketClosedError
2026-03-31 23:36:29,403 ERROR asyncio Task exception was never retrieved
future: <Task finished name='Task-31013' coro=<WebSocketProtocol13.write_message.<locals>.wrapper() done, defined at /home/codespace/.local/lib/python3.12/site-packages/tornado/websocket.py:1111> exception=WebSocketClosedError()>
Traceback (most recent call last):
  File "/home/codespace/.local/lib/python3.12/site-packages/tornado/websocket.py", line 1113, in wrapper
    await fut
tornado.iostream.StreamClosedError: Stream is closed

During handling of the above exception, another exception occurred:

Traceback (most recent call last):
  File "/home/codespace/.local/lib/python3.12/site-packages/tornado/websocket.py", line 1115, in wrapper
    raise WebSocketClosedError()
tornado.websocket.WebSocketClosedError
2026-03-31 23:36:29,403 ERROR asyncio Task exception was never retrieved
future: <Task finished name='Task-31014' coro=<WebSocketProtocol13.write_message.<locals>.wrapper() done, defined at /home/codespace/.local/lib/python3.12/site-packages/tornado/websocket.py:1111> exception=WebSocketClosedError()>
Traceback (most recent call last):
  File "/home/codespace/.local/lib/python3.12/site-packages/tornado/websocket.py", line 1113, in wrapper
    await fut
tornado.iostream.StreamClosedError: Stream is closed

During handling of the above exception, another exception occurred:

Traceback (most recent call last):
  File "/home/codespace/.local/lib/python3.12/site-packages/tornado/websocket.py", line 1115, in wrapper
    raise WebSocketClosedError()
tornado.websocket.WebSocketClosedError
2026-03-31 23:36:29,404 ERROR asyncio Task exception was never retrieved
future: <Task finished name='Task-31015' coro=<WebSocketProtocol13.write_message.<locals>.wrapper() done, defined at /home/codespace/.local/lib/python3.12/site-packages/tornado/websocket.py:1111> exception=WebSocketClosedError()>
Traceback (most recent call last):
  File "/home/codespace/.local/lib/python3.12/site-packages/tornado/websocket.py", line 1113, in wrapper
    await fut
tornado.iostream.StreamClosedError: Stream is closed

During handling of the above exception, another exception occurred:

Traceback (most recent call last):
  File "/home/codespace/.local/lib/python3.12/site-packages/tornado/websocket.py", line 1115, in wrapper
    raise WebSocketClosedError()
tornado.websocket.WebSocketClosedError
2026-03-31 23:36:29,404 ERROR asyncio Task exception was never retrieved
future: <Task finished name='Task-31016' coro=<WebSocketProtocol13.write_message.<locals>.wrapper() done, defined at /home/codespace/.local/lib/python3.12/site-packages/tornado/websocket.py:1111> exception=WebSocketClosedError()>
Traceback (most recent call last):
  File "/home/codespace/.local/lib/python3.12/site-packages/tornado/websocket.py", line 1113, in wrapper
    await fut
tornado.iostream.StreamClosedError: Stream is closed

During handling of the above exception, another exception occurred:

Traceback (most recent call last):
  File "/home/codespace/.local/lib/python3.12/site-packages/tornado/websocket.py", line 1115, in wrapper
    raise WebSocketClosedError()
tornado.websocket.WebSocketClosedError
2026-03-31 23:36:29,405 ERROR asyncio Task exception was never retrieved
future: <Task finished name='Task-31017' coro=<WebSocketProtocol13.write_message.<locals>.wrapper() done, defined at /home/codespace/.local/lib/python3.12/site-packages/tornado/websocket.py:1111> exception=WebSocketClosedError()>
Traceback (most recent call last):
  File "/home/codespace/.local/lib/python3.12/site-packages/tornado/websocket.py", line 1113, in wrapper
    await fut
tornado.iostream.StreamClosedError: Stream is closed

During handling of the above exception, another exception occurred:

Traceback (most recent call last):
  File "/home/codespace/.local/lib/python3.12/site-packages/tornado/websocket.py", line 1115, in wrapper
    raise WebSocketClosedError()
tornado.websocket.WebSocketClosedError
2026-03-31 23:36:29,405 ERROR asyncio Task exception was never retrieved
future: <Task finished name='Task-31018' coro=<WebSocketProtocol13.write_message.<locals>.wrapper() done, defined at /home/codespace/.local/lib/python3.12/site-packages/tornado/websocket.py:1111> exception=WebSocketClosedError()>
Traceback (most recent call last):
  File "/home/codespace/.local/lib/python3.12/site-packages/tornado/websocket.py", line 1113, in wrapper
    await fut
tornado.iostream.StreamClosedError: Stream is closed

During handling of the above exception, another exception occurred:

Traceback (most recent call last):
  File "/home/codespace/.local/lib/python3.12/site-packages/tornado/websocket.py", line 1115, in wrapper
    raise WebSocketClosedError()
tornado.websocket.WebSocketClosedError
2026-03-31 23:36:29,405 ERROR asyncio Task exception was never retrieved
future: <Task finished name='Task-31019' coro=<WebSocketProtocol13.write_message.<locals>.wrapper() done, defined at /home/codespace/.local/lib/python3.12/site-packages/tornado/websocket.py:1111> exception=WebSocketClosedError()>
Traceback (most recent call last):
  File "/home/codespace/.local/lib/python3.12/site-packages/tornado/websocket.py", line 1113, in wrapper
    await fut
tornado.iostream.StreamClosedError: Stream is closed

During handling of the above exception, another exception occurred:

Traceback (most recent call last):
  File "/home/codespace/.local/lib/python3.12/site-packages/tornado/websocket.py", line 1115, in wrapper
    raise WebSocketClosedError()
tornado.websocket.WebSocketClosedError
2026-03-31 23:36:29,406 ERROR asyncio Task exception was never retrieved
future: <Task finished name='Task-31020' coro=<WebSocketProtocol13.write_message.<locals>.wrapper() done, defined at /home/codespace/.local/lib/python3.12/site-packages/tornado/websocket.py:1111> exception=WebSocketClosedError()>
Traceback (most recent call last):
  File "/home/codespace/.local/lib/python3.12/site-packages/tornado/websocket.py", line 1113, in wrapper
    await fut
tornado.iostream.StreamClosedError: Stream is closed

During handling of the above exception, another exception occurred:

Traceback (most recent call last):
  File "/home/codespace/.local/lib/python3.12/site-packages/tornado/websocket.py", line 1115, in wrapper
    raise WebSocketClosedError()
tornado.websocket.WebSocketClosedError
2026-03-31 23:36:29,406 ERROR asyncio Task exception was never retrieved
future: <Task finished name='Task-31021' coro=<WebSocketProtocol13.write_message.<locals>.wrapper() done, defined at /home/codespace/.local/lib/python3.12/site-packages/tornado/websocket.py:1111> exception=WebSocketClosedError()>
Traceback (most recent call last):
  File "/home/codespace/.local/lib/python3.12/site-packages/tornado/websocket.py", line 1113, in wrapper
    await fut
tornado.iostream.StreamClosedError: Stream is closed

During handling of the above exception, another exception occurred:

Traceback (most recent call last):
  File "/home/codespace/.local/lib/python3.12/site-packages/tornado/websocket.py", line 1115, in wrapper
    raise WebSocketClosedError()
tornado.websocket.WebSocketClosedError
2026-03-31 23:36:29,407 ERROR asyncio Task exception was never retrieved
future: <Task finished name='Task-31022' coro=<WebSocketProtocol13.write_message.<locals>.wrapper() done, defined at /home/codespace/.local/lib/python3.12/site-packages/tornado/websocket.py:1111> exception=WebSocketClosedError()>
Traceback (most recent call last):
  File "/home/codespace/.local/lib/python3.12/site-packages/tornado/websocket.py", line 1113, in wrapper
    await fut
tornado.iostream.StreamClosedError: Stream is closed

During handling of the above exception, another exception occurred:

Traceback (most recent call last):
  File "/home/codespace/.local/lib/python3.12/site-packages/tornado/websocket.py", line 1115, in wrapper
    raise WebSocketClosedError()
tornado.websocket.WebSocketClosedError
2026-03-31 23:36:29,407 ERROR asyncio Task exception was never retrieved
future: <Task finished name='Task-31023' coro=<WebSocketProtocol13.write_message.<locals>.wrapper() done, defined at /home/codespace/.local/lib/python3.12/site-packages/tornado/websocket.py:1111> exception=WebSocketClosedError()>
Traceback (most recent call last):
  File "/home/codespace/.local/lib/python3.12/site-packages/tornado/websocket.py", line 1113, in wrapper
    await fut
tornado.iostream.StreamClosedError: Stream is closed

During handling of the above exception, another exception occurred:

Traceback (most recent call last):
  File "/home/codespace/.local/lib/python3.12/site-packages/tornado/websocket.py", line 1115, in wrapper
    raise WebSocketClosedError()
tornado.websocket.WebSocketClosedError
2026-03-31 23:36:35,430 INFO mall_navigator {"ts": "2026-03-31T23:36:35.430300+00:00", "event": "pathfinding_run", "start_floor": 0, "end_floor": 1, "accessible_mode": false, "k_routes": 3, "graph_nodes": 34, "graph_edges": 86, "elapsed_ms": 1.44, "dijkstra_found": true, "astar_found": true}
2026-03-31 23:36:35,533 INFO mall_navigator {"ts": "2026-03-31T23:36:35.533640+00:00", "event": "pathfinding_run", "start_floor": 0, "end_floor": 0, "accessible_mode": false, "k_routes": 3, "graph_nodes": 34, "graph_edges": 86, "elapsed_ms": 0.04, "dijkstra_found": true, "astar_found": true}
2026-03-31 23:36:35,642 INFO mall_navigator {"ts": "2026-03-31T23:36:35.642451+00:00", "event": "pathfinding_run", "start_floor": 0, "end_floor": 0, "accessible_mode": false, "k_routes": 3, "graph_nodes": 34, "graph_edges": 86, "elapsed_ms": 0.04, "dijkstra_found": true, "astar_found": true}
2026-03-31 23:36:35,769 INFO mall_navigator {"ts": "2026-03-31T23:36:35.769518+00:00", "event": "pathfinding_run", "start_floor": 0, "end_floor": 0, "accessible_mode": false, "k_routes": 3, "graph_nodes": 34, "graph_edges": 86, "elapsed_ms": 0.05, "dijkstra_found": true, "astar_found": true}
2026-03-31 23:36:35,889 INFO mall_navigator {"ts": "2026-03-31T23:36:35.889612+00:00", "event": "pathfinding_run", "start_floor": 0, "end_floor": 0, "accessible_mode": false, "k_routes": 3, "graph_nodes": 34, "graph_edges": 86, "elapsed_ms": 0.04, "dijkstra_found": true, "astar_found": true}
2026-03-31 23:36:36,005 INFO mall_navigator {"ts": "2026-03-31T23:36:36.005810+00:00", "event": "pathfinding_run", "start_floor": 0, "end_floor": 0, "accessible_mode": false, "k_routes": 3, "graph_nodes": 34, "graph_edges": 86, "elapsed_ms": 0.05, "dijkstra_found": true, "astar_found": true}
2026-03-31 23:36:36,140 INFO mall_navigator {"ts": "2026-03-31T23:36:36.140187+00:00", "event": "pathfinding_run", "start_floor": 0, "end_floor": 0, "accessible_mode": false, "k_routes": 3, "graph_nodes": 34, "graph_edges": 86, "elapsed_ms": 0.04, "dijkstra_found": true, "astar_found": true}
2026-03-31 23:36:36,255 INFO mall_navigator {"ts": "2026-03-31T23:36:36.255059+00:00", "event": "pathfinding_run", "start_floor": 0, "end_floor": 0, "accessible_mode": false, "k_routes": 3, "graph_nodes": 34, "graph_edges": 86, "elapsed_ms": 0.08, "dijkstra_found": true, "astar_found": true}
2026-03-31 23:36:36,387 INFO mall_navigator {"ts": "2026-03-31T23:36:36.387730+00:00", "event": "pathfinding_run", "start_floor": 0, "end_floor": 0, "accessible_mode": false, "k_routes": 3, "graph_nodes": 34, "graph_edges": 86, "elapsed_ms": 0.05, "dijkstra_found": true, "astar_found": true}
2026-03-31 23:36:36,520 INFO mall_navigator {"ts": "2026-03-31T23:36:36.520174+00:00", "event": "pathfinding_run", "start_floor": 0, "end_floor": 0, "accessible_mode": false, "k_routes": 3, "graph_nodes": 34, "graph_edges": 86, "elapsed_ms": 0.04, "dijkstra_found": true, "astar_found": true}
2026-03-31 23:36:36,639 INFO mall_navigator {"ts": "2026-03-31T23:36:36.639259+00:00", "event": "pathfinding_run", "start_floor": 0, "end_floor": 0, "accessible_mode": false, "k_routes": 3, "graph_nodes": 34, "graph_edges": 86, "elapsed_ms": 0.04, "dijkstra_found": true, "astar_found": true}
2026-03-31 23:36:36,771 INFO mall_navigator {"ts": "2026-03-31T23:36:36.771735+00:00", "event": "pathfinding_run", "start_floor": 0, "end_floor": 0, "accessible_mode": false, "k_routes": 3, "graph_nodes": 34, "graph_edges": 86, "elapsed_ms": 0.05, "dijkstra_found": true, "astar_found": true}
2026-03-31 23:36:36,900 INFO mall_navigator {"ts": "2026-03-31T23:36:36.900837+00:00", "event": "pathfinding_run", "start_floor": 0, "end_floor": 0, "accessible_mode": false, "k_routes": 3, "graph_nodes": 34, "graph_edges": 86, "elapsed_ms": 0.06, "dijkstra_found": true, "astar_found": true}
2026-03-31 23:36:37,030 INFO mall_navigator {"ts": "2026-03-31T23:36:37.030585+00:00", "event": "pathfinding_run", "start_floor": 0, "end_floor": 0, "accessible_mode": false, "k_routes": 3, "graph_nodes": 34, "graph_edges": 86, "elapsed_ms": 0.05, "dijkstra_found": true, "astar_found": true}
2026-03-31 23:36:37,140 INFO mall_navigator {"ts": "2026-03-31T23:36:37.140157+00:00", "event": "pathfinding_run", "start_floor": 0, "end_floor": 0, "accessible_mode": false, "k_routes": 3, "graph_nodes": 34, "graph_edges": 86, "elapsed_ms": 0.04, "dijkstra_found": true, "astar_found": true}
2026-03-31 23:36:37,253 INFO mall_navigator {"ts": "2026-03-31T23:36:37.253145+00:00", "event": "pathfinding_run", "start_floor": 0, "end_floor": 0, "accessible_mode": false, "k_routes": 3, "graph_nodes": 34, "graph_edges": 86, "elapsed_ms": 0.04, "dijkstra_found": true, "astar_found": true}
2026-03-31 23:36:37,387 INFO mall_navigator {"ts": "2026-03-31T23:36:37.387440+00:00", "event": "pathfinding_run", "start_floor": 0, "end_floor": 0, "accessible_mode": false, "k_routes": 3, "graph_nodes": 34, "graph_edges": 86, "elapsed_ms": 0.06, "dijkstra_found": true, "astar_found": true}
2026-03-31 23:36:37,548 INFO mall_navigator {"ts": "2026-03-31T23:36:37.548377+00:00", "event": "pathfinding_run", "start_floor": 0, "end_floor": 0, "accessible_mode": false, "k_routes": 3, "graph_nodes": 34, "graph_edges": 86, "elapsed_ms": 0.05, "dijkstra_found": true, "astar_found": true}
2026-03-31 23:36:37,659 INFO mall_navigator {"ts": "2026-03-31T23:36:37.659091+00:00", "event": "pathfinding_run", "start_floor": 0, "end_floor": 0, "accessible_mode": false, "k_routes": 3, "graph_nodes": 34, "graph_edges": 86, "elapsed_ms": 0.05, "dijkstra_found": true, "astar_found": true}
2026-03-31 23:36:37,782 INFO mall_navigator {"ts": "2026-03-31T23:36:37.781969+00:00", "event": "pathfinding_run", "start_floor": 0, "end_floor": 0, "accessible_mode": false, "k_routes": 3, "graph_nodes": 34, "graph_edges": 86, "elapsed_ms": 0.05, "dijkstra_found": true, "astar_found": true}
2026-03-31 23:36:37,914 INFO mall_navigator {"ts": "2026-03-31T23:36:37.914439+00:00", "event": "pathfinding_run", "start_floor": 0, "end_floor": 0, "accessible_mode": false, "k_routes": 3, "graph_nodes": 34, "graph_edges": 86, "elapsed_ms": 0.04, "dijkstra_found": true, "astar_found": true}
2026-03-31 23:36:38,026 INFO mall_navigator {"ts": "2026-03-31T23:36:38.026632+00:00", "event": "pathfinding_run", "start_floor": 0, "end_floor": 0, "accessible_mode": false, "k_routes": 3, "graph_nodes": 34, "graph_edges": 86, "elapsed_ms": 0.04, "dijkstra_found": true, "astar_found": true}
2026-03-31 23:36:38,150 INFO mall_navigator {"ts": "2026-03-31T23:36:38.150930+00:00", "event": "pathfinding_run", "start_floor": 0, "end_floor": 0, "accessible_mode": false, "k_routes": 3, "graph_nodes": 34, "graph_edges": 86, "elapsed_ms": 0.04, "dijkstra_found": true, "astar_found": true}
2026-03-31 23:36:38,265 INFO mall_navigator {"ts": "2026-03-31T23:36:38.265916+00:00", "event": "pathfinding_run", "start_floor": 0, "end_floor": 0, "accessible_mode": false, "k_routes": 3, "graph_nodes": 34, "graph_edges": 86, "elapsed_ms": 0.04, "dijkstra_found": true, "astar_found": true}
2026-03-31 23:36:38,388 INFO mall_navigator {"ts": "2026-03-31T23:36:38.388540+00:00", "event": "pathfinding_run", "start_floor": 0, "end_floor": 0, "accessible_mode": false, "k_routes": 3, "graph_nodes": 34, "graph_edges": 86, "elapsed_ms": 0.06, "dijkstra_found": true, "astar_found": true}
2026-03-31 23:36:38,506 INFO mall_navigator {"ts": "2026-03-31T23:36:38.506096+00:00", "event": "pathfinding_run", "start_floor": 0, "end_floor": 0, "accessible_mode": false, "k_routes": 3, "graph_nodes": 34, "graph_edges": 86, "elapsed_ms": 0.08, "dijkstra_found": true, "astar_found": true}
2026-03-31 23:36:38,674 INFO mall_navigator {"ts": "2026-03-31T23:36:38.674299+00:00", "event": "pathfinding_run", "start_floor": 0, "end_floor": 0, "accessible_mode": false, "k_routes": 3, "graph_nodes": 34, "graph_edges": 86, "elapsed_ms": 0.19, "dijkstra_found": true, "astar_found": true}
2026-03-31 23:36:38,808 INFO mall_navigator {"ts": "2026-03-31T23:36:38.808379+00:00", "event": "pathfinding_run", "start_floor": 0, "end_floor": 0, "accessible_mode": false, "k_routes": 3, "graph_nodes": 34, "graph_edges": 86, "elapsed_ms": 0.06, "dijkstra_found": true, "astar_found": true}
2026-03-31 23:36:38,942 INFO mall_navigator {"ts": "2026-03-31T23:36:38.942281+00:00", "event": "pathfinding_run", "start_floor": 0, "end_floor": 0, "accessible_mode": false, "k_routes": 3, "graph_nodes": 34, "graph_edges": 86, "elapsed_ms": 0.06, "dijkstra_found": true, "astar_found": true}
2026-03-31 23:36:39,059 INFO mall_navigator {"ts": "2026-03-31T23:36:39.059663+00:00", "event": "pathfinding_run", "start_floor": 0, "end_floor": 0, "accessible_mode": false, "k_routes": 3, "graph_nodes": 34, "graph_edges": 86, "elapsed_ms": 0.04, "dijkstra_found": true, "astar_found": true}
2026-03-31 23:36:39,176 INFO mall_navigator {"ts": "2026-03-31T23:36:39.176500+00:00", "event": "pathfinding_run", "start_floor": 0, "end_floor": 0, "accessible_mode": false, "k_routes": 3, "graph_nodes": 34, "graph_edges": 86, "elapsed_ms": 0.04, "dijkstra_found": true, "astar_found": true}
2026-03-31 23:36:39,295 INFO mall_navigator {"ts": "2026-03-31T23:36:39.294952+00:00", "event": "pathfinding_run", "start_floor": 0, "end_floor": 0, "accessible_mode": false, "k_routes": 3, "graph_nodes": 34, "graph_edges": 86, "elapsed_ms": 0.04, "dijkstra_found": true, "astar_found": true}
2026-03-31 23:36:39,433 INFO mall_navigator {"ts": "2026-03-31T23:36:39.433553+00:00", "event": "pathfinding_run", "start_floor": 0, "end_floor": 0, "accessible_mode": false, "k_routes": 3, "graph_nodes": 34, "graph_edges": 86, "elapsed_ms": 0.05, "dijkstra_found": true, "astar_found": true}
2026-03-31 23:36:39,569 INFO mall_navigator {"ts": "2026-03-31T23:36:39.569262+00:00", "event": "pathfinding_run", "start_floor": 0, "end_floor": 0, "accessible_mode": false, "k_routes": 3, "graph_nodes": 34, "graph_edges": 86, "elapsed_ms": 0.05, "dijkstra_found": true, "astar_found": true}
2026-03-31 23:36:39,681 INFO mall_navigator {"ts": "2026-03-31T23:36:39.681528+00:00", "event": "pathfinding_run", "start_floor": 0, "end_floor": 0, "accessible_mode": false, "k_routes": 3, "graph_nodes": 34, "graph_edges": 86, "elapsed_ms": 0.04, "dijkstra_found": true, "astar_found": true}
2026-03-31 23:36:39,804 INFO mall_navigator {"ts": "2026-03-31T23:36:39.804062+00:00", "event": "pathfinding_run", "start_floor": 0, "end_floor": 0, "accessible_mode": false, "k_routes": 3, "graph_nodes": 34, "graph_edges": 86, "elapsed_ms": 0.06, "dijkstra_found": true, "astar_found": true}
2026-03-31 23:36:39,926 INFO mall_navigator {"ts": "2026-03-31T23:36:39.926037+00:00", "event": "pathfinding_run", "start_floor": 0, "end_floor": 0, "accessible_mode": false, "k_routes": 3, "graph_nodes": 34, "graph_edges": 86, "elapsed_ms": 0.05, "dijkstra_found": true, "astar_found": true}
2026-03-31 23:36:40,045 INFO mall_navigator {"ts": "2026-03-31T23:36:40.045864+00:00", "event": "pathfinding_run", "start_floor": 0, "end_floor": 0, "accessible_mode": false, "k_routes": 3, "graph_nodes": 34, "graph_edges": 86, "elapsed_ms": 0.04, "dijkstra_found": true, "astar_found": true}
2026-03-31 23:36:40,180 INFO mall_navigator {"ts": "2026-03-31T23:36:40.180291+00:00", "event": "pathfinding_run", "start_floor": 0, "end_floor": 0, "accessible_mode": false, "k_routes": 3, "graph_nodes": 34, "graph_edges": 86, "elapsed_ms": 0.04, "dijkstra_found": true, "astar_found": true}
2026-03-31 23:36:40,306 INFO mall_navigator {"ts": "2026-03-31T23:36:40.306189+00:00", "event": "pathfinding_run", "start_floor": 0, "end_floor": 0, "accessible_mode": false, "k_routes": 3, "graph_nodes": 34, "graph_edges": 86, "elapsed_ms": 0.06, "dijkstra_found": true, "astar_found": true}
2026-03-31 23:36:40,429 INFO mall_navigator {"ts": "2026-03-31T23:36:40.429129+00:00", "event": "pathfinding_run", "start_floor": 0, "end_floor": 0, "accessible_mode": false, "k_routes": 3, "graph_nodes": 34, "graph_edges": 86, "elapsed_ms": 0.04, "dijkstra_found": true, "astar_found": true}
2026-03-31 23:36:40,554 INFO mall_navigator {"ts": "2026-03-31T23:36:40.554886+00:00", "event": "pathfinding_run", "start_floor": 0, "end_floor": 0, "accessible_mode": false, "k_routes": 3, "graph_nodes": 34, "graph_edges": 86, "elapsed_ms": 0.04, "dijkstra_found": true, "astar_found": true}
2026-03-31 23:36:40,690 INFO mall_navigator {"ts": "2026-03-31T23:36:40.690592+00:00", "event": "pathfinding_run", "start_floor": 0, "end_floor": 0, "accessible_mode": false, "k_routes": 3, "graph_nodes": 34, "graph_edges": 86, "elapsed_ms": 0.06, "dijkstra_found": true, "astar_found": true}
2026-03-31 23:36:40,820 INFO mall_navigator {"ts": "2026-03-31T23:36:40.820777+00:00", "event": "pathfinding_run", "start_floor": 0, "end_floor": 0, "accessible_mode": false, "k_routes": 3, "graph_nodes": 34, "graph_edges": 86, "elapsed_ms": 0.04, "dijkstra_found": true, "astar_found": true}
2026-03-31 23:36:40,948 INFO mall_navigator {"ts": "2026-03-31T23:36:40.948498+00:00", "event": "pathfinding_run", "start_floor": 0, "end_floor": 0, "accessible_mode": false, "k_routes": 3, "graph_nodes": 34, "graph_edges": 86, "elapsed_ms": 0.04, "dijkstra_found": true, "astar_found": true}
2026-03-31 23:36:41,070 INFO mall_navigator {"ts": "2026-03-31T23:36:41.070596+00:00", "event": "pathfinding_run", "start_floor": 0, "end_floor": 0, "accessible_mode": false, "k_routes": 3, "graph_nodes": 34, "graph_edges": 86, "elapsed_ms": 0.04, "dijkstra_found": true, "astar_found": true}
2026-03-31 23:36:41,192 INFO mall_navigator {"ts": "2026-03-31T23:36:41.192162+00:00", "event": "pathfinding_run", "start_floor": 0, "end_floor": 0, "accessible_mode": false, "k_routes": 3, "graph_nodes": 34, "graph_edges": 86, "elapsed_ms": 0.04, "dijkstra_found": true, "astar_found": true}
2026-03-31 23:36:41,342 INFO mall_navigator {"ts": "2026-03-31T23:36:41.342432+00:00", "event": "pathfinding_run", "start_floor": 0, "end_floor": 0, "accessible_mode": false, "k_routes": 3, "graph_nodes": 34, "graph_edges": 86, "elapsed_ms": 0.04, "dijkstra_found": true, "astar_found": true}
2026-03-31 23:36:41,461 INFO mall_navigator {"ts": "2026-03-31T23:36:41.461188+00:00", "event": "pathfinding_run", "start_floor": 0, "end_floor": 0, "accessible_mode": false, "k_routes": 3, "graph_nodes": 34, "graph_edges": 86, "elapsed_ms": 0.04, "dijkstra_found": true, "astar_found": true}
2026-03-31 23:36:41,575 INFO mall_navigator {"ts": "2026-03-31T23:36:41.575745+00:00", "event": "pathfinding_run", "start_floor": 0, "end_floor": 0, "accessible_mode": false, "k_routes": 3, "graph_nodes": 34, "graph_edges": 86, "elapsed_ms": 0.05, "dijkstra_found": true, "astar_found": true}
2026-03-31 23:36:41,728 INFO mall_navigator {"ts": "2026-03-31T23:36:41.728112+00:00", "event": "pathfinding_run", "start_floor": 0, "end_floor": 0, "accessible_mode": false, "k_routes": 3, "graph_nodes": 34, "graph_edges": 86, "elapsed_ms": 0.04, "dijkstra_found": true, "astar_found": true}
2026-03-31 23:36:41,856 INFO mall_navigator {"ts": "2026-03-31T23:36:41.855973+00:00", "event": "pathfinding_run", "start_floor": 0, "end_floor": 0, "accessible_mode": false, "k_routes": 3, "graph_nodes": 34, "graph_edges": 86, "elapsed_ms": 0.04, "dijkstra_found": true, "astar_found": true}
2026-03-31 23:36:42,010 INFO mall_navigator {"ts": "2026-03-31T23:36:42.010288+00:00", "event": "pathfinding_run", "start_floor": 0, "end_floor": 0, "accessible_mode": false, "k_routes": 3, "graph_nodes": 34, "graph_edges": 86, "elapsed_ms": 0.05, "dijkstra_found": true, "astar_found": true}
2026-03-31 23:36:42,150 INFO mall_navigator {"ts": "2026-03-31T23:36:42.150401+00:00", "event": "pathfinding_run", "start_floor": 0, "end_floor": 0, "accessible_mode": false, "k_routes": 3, "graph_nodes": 34, "graph_edges": 86, "elapsed_ms": 0.06, "dijkstra_found": true, "astar_found": true}
2026-03-31 23:36:42,291 INFO mall_navigator {"ts": "2026-03-31T23:36:42.291272+00:00", "event": "pathfinding_run", "start_floor": 0, "end_floor": 0, "accessible_mode": false, "k_routes": 3, "graph_nodes": 34, "graph_edges": 86, "elapsed_ms": 0.09, "dijkstra_found": true, "astar_found": true}
2026-03-31 23:36:42,448 INFO mall_navigator {"ts": "2026-03-31T23:36:42.448153+00:00", "event": "pathfinding_run", "start_floor": 0, "end_floor": 0, "accessible_mode": false, "k_routes": 3, "graph_nodes": 34, "graph_edges": 86, "elapsed_ms": 0.05, "dijkstra_found": true, "astar_found": true}
2026-03-31 23:36:42,595 INFO mall_navigator {"ts": "2026-03-31T23:36:42.595264+00:00", "event": "pathfinding_run", "start_floor": 0, "end_floor": 0, "accessible_mode": false, "k_routes": 3, "graph_nodes": 34, "graph_edges": 86, "elapsed_ms": 0.05, "dijkstra_found": true, "astar_found": true}
2026-03-31 23:36:42,742 INFO mall_navigator {"ts": "2026-03-31T23:36:42.741944+00:00", "event": "pathfinding_run", "start_floor": 0, "end_floor": 0, "accessible_mode": false, "k_routes": 3, "graph_nodes": 34, "graph_edges": 86, "elapsed_ms": 0.04, "dijkstra_found": true, "astar_found": true}
2026-03-31 23:36:42,869 INFO mall_navigator {"ts": "2026-03-31T23:36:42.869819+00:00", "event": "pathfinding_run", "start_floor": 0, "end_floor": 0, "accessible_mode": false, "k_routes": 3, "graph_nodes": 34, "graph_edges": 86, "elapsed_ms": 0.06, "dijkstra_found": true, "astar_found": true}
2026-03-31 23:36:43,010 INFO mall_navigator {"ts": "2026-03-31T23:36:43.010891+00:00", "event": "pathfinding_run", "start_floor": 0, "end_floor": 0, "accessible_mode": false, "k_routes": 3, "graph_nodes": 34, "graph_edges": 86, "elapsed_ms": 0.06, "dijkstra_found": true, "astar_found": true}
2026-03-31 23:36:43,138 INFO mall_navigator {"ts": "2026-03-31T23:36:43.138666+00:00", "event": "pathfinding_run", "start_floor": 0, "end_floor": 0, "accessible_mode": false, "k_routes": 3, "graph_nodes": 34, "graph_edges": 86, "elapsed_ms": 0.04, "dijkstra_found": true, "astar_found": true}
2026-03-31 23:36:43,285 INFO mall_navigator {"ts": "2026-03-31T23:36:43.285912+00:00", "event": "pathfinding_run", "start_floor": 0, "end_floor": 0, "accessible_mode": false, "k_routes": 3, "graph_nodes": 34, "graph_edges": 86, "elapsed_ms": 0.04, "dijkstra_found": true, "astar_found": true}
2026-03-31 23:36:43,431 INFO mall_navigator {"ts": "2026-03-31T23:36:43.431364+00:00", "event": "pathfinding_run", "start_floor": 0, "end_floor": 0, "accessible_mode": false, "k_routes": 3, "graph_nodes": 34, "graph_edges": 86, "elapsed_ms": 0.04, "dijkstra_found": true, "astar_found": true}
2026-03-31 23:36:43,562 INFO mall_navigator {"ts": "2026-03-31T23:36:43.562601+00:00", "event": "pathfinding_run", "start_floor": 0, "end_floor": 0, "accessible_mode": false, "k_routes": 3, "graph_nodes": 34, "graph_edges": 86, "elapsed_ms": 0.04, "dijkstra_found": true, "astar_found": true}
2026-03-31 23:36:43,701 INFO mall_navigator {"ts": "2026-03-31T23:36:43.701363+00:00", "event": "pathfinding_run", "start_floor": 0, "end_floor": 0, "accessible_mode": false, "k_routes": 3, "graph_nodes": 34, "graph_edges": 86, "elapsed_ms": 0.04, "dijkstra_found": true, "astar_found": true}
2026-03-31 23:36:55,105 INFO mall_navigator {"ts": "2026-03-31T23:36:55.105729+00:00", "event": "pathfinding_run", "start_floor": 0, "end_floor": 0, "accessible_mode": false, "k_routes": 3, "graph_nodes": 34, "graph_edges": 86, "elapsed_ms": 0.14, "dijkstra_found": true, "astar_found": true}
2026-03-31 23:36:55,246 INFO mall_navigator {"ts": "2026-03-31T23:36:55.246693+00:00", "event": "pathfinding_run", "start_floor": 0, "end_floor": 0, "accessible_mode": false, "k_routes": 3, "graph_nodes": 34, "graph_edges": 86, "elapsed_ms": 0.04, "dijkstra_found": true, "astar_found": true}
2026-03-31 23:36:55,387 INFO mall_navigator {"ts": "2026-03-31T23:36:55.387288+00:00", "event": "pathfinding_run", "start_floor": 0, "end_floor": 0, "accessible_mode": false, "k_routes": 3, "graph_nodes": 34, "graph_edges": 86, "elapsed_ms": 0.04, "dijkstra_found": true, "astar_found": true}
2026-03-31 23:36:55,513 INFO mall_navigator {"ts": "2026-03-31T23:36:55.513110+00:00", "event": "pathfinding_run", "start_floor": 0, "end_floor": 0, "accessible_mode": false, "k_routes": 3, "graph_nodes": 34, "graph_edges": 86, "elapsed_ms": 0.05, "dijkstra_found": true, "astar_found": true}
2026-03-31 23:36:55,652 INFO mall_navigator {"ts": "2026-03-31T23:36:55.652845+00:00", "event": "pathfinding_run", "start_floor": 0, "end_floor": 0, "accessible_mode": false, "k_routes": 3, "graph_nodes": 34, "graph_edges": 86, "elapsed_ms": 0.05, "dijkstra_found": true, "astar_found": true}
2026-03-31 23:36:55,800 INFO mall_navigator {"ts": "2026-03-31T23:36:55.800299+00:00", "event": "pathfinding_run", "start_floor": 0, "end_floor": 0, "accessible_mode": false, "k_routes": 3, "graph_nodes": 34, "graph_edges": 86, "elapsed_ms": 0.05, "dijkstra_found": true, "astar_found": true}
2026-03-31 23:36:55,924 INFO mall_navigator {"ts": "2026-03-31T23:36:55.924487+00:00", "event": "pathfinding_run", "start_floor": 0, "end_floor": 0, "accessible_mode": false, "k_routes": 3, "graph_nodes": 34, "graph_edges": 86, "elapsed_ms": 0.04, "dijkstra_found": true, "astar_found": true}
2026-03-31 23:36:56,041 INFO mall_navigator {"ts": "2026-03-31T23:36:56.041584+00:00", "event": "pathfinding_run", "start_floor": 0, "end_floor": 0, "accessible_mode": false, "k_routes": 3, "graph_nodes": 34, "graph_edges": 86, "elapsed_ms": 0.05, "dijkstra_found": true, "astar_found": true}
2026-03-31 23:36:56,195 INFO mall_navigator {"ts": "2026-03-31T23:36:56.195882+00:00", "event": "pathfinding_run", "start_floor": 0, "end_floor": 0, "accessible_mode": false, "k_routes": 3, "graph_nodes": 34, "graph_edges": 86, "elapsed_ms": 0.05, "dijkstra_found": true, "astar_found": true}
2026-03-31 23:36:56,308 INFO mall_navigator {"ts": "2026-03-31T23:36:56.308213+00:00", "event": "pathfinding_run", "start_floor": 0, "end_floor": 0, "accessible_mode": false, "k_routes": 3, "graph_nodes": 34, "graph_edges": 86, "elapsed_ms": 0.04, "dijkstra_found": true, "astar_found": true}
2026-03-31 23:36:56,423 INFO mall_navigator {"ts": "2026-03-31T23:36:56.423489+00:00", "event": "pathfinding_run", "start_floor": 0, "end_floor": 0, "accessible_mode": false, "k_routes": 3, "graph_nodes": 34, "graph_edges": 86, "elapsed_ms": 0.04, "dijkstra_found": true, "astar_found": true}
2026-03-31 23:36:56,549 INFO mall_navigator {"ts": "2026-03-31T23:36:56.549775+00:00", "event": "pathfinding_run", "start_floor": 0, "end_floor": 0, "accessible_mode": false, "k_routes": 3, "graph_nodes": 34, "graph_edges": 86, "elapsed_ms": 0.04, "dijkstra_found": true, "astar_found": true}
2026-03-31 23:36:56,689 INFO mall_navigator {"ts": "2026-03-31T23:36:56.689313+00:00", "event": "pathfinding_run", "start_floor": 0, "end_floor": 0, "accessible_mode": false, "k_routes": 3, "graph_nodes": 34, "graph_edges": 86, "elapsed_ms": 0.04, "dijkstra_found": true, "astar_found": true}
2026-03-31 23:36:56,811 INFO mall_navigator {"ts": "2026-03-31T23:36:56.811479+00:00", "event": "pathfinding_run", "start_floor": 0, "end_floor": 0, "accessible_mode": false, "k_routes": 3, "graph_nodes": 34, "graph_edges": 86, "elapsed_ms": 0.04, "dijkstra_found": true, "astar_found": true}
2026-03-31 23:36:56,926 INFO mall_navigator {"ts": "2026-03-31T23:36:56.926461+00:00", "event": "pathfinding_run", "start_floor": 0, "end_floor": 0, "accessible_mode": false, "k_routes": 3, "graph_nodes": 34, "graph_edges": 86, "elapsed_ms": 0.04, "dijkstra_found": true, "astar_found": true}
2026-03-31 23:36:57,039 INFO mall_navigator {"ts": "2026-03-31T23:36:57.039615+00:00", "event": "pathfinding_run", "start_floor": 0, "end_floor": 0, "accessible_mode": false, "k_routes": 3, "graph_nodes": 34, "graph_edges": 86, "elapsed_ms": 0.04, "dijkstra_found": true, "astar_found": true}
2026-03-31 23:36:57,161 INFO mall_navigator {"ts": "2026-03-31T23:36:57.161544+00:00", "event": "pathfinding_run", "start_floor": 0, "end_floor": 0, "accessible_mode": false, "k_routes": 3, "graph_nodes": 34, "graph_edges": 86, "elapsed_ms": 0.04, "dijkstra_found": true, "astar_found": true}
2026-03-31 23:36:57,318 INFO mall_navigator {"ts": "2026-03-31T23:36:57.318436+00:00", "event": "pathfinding_run", "start_floor": 0, "end_floor": 0, "accessible_mode": false, "k_routes": 3, "graph_nodes": 34, "graph_edges": 86, "elapsed_ms": 0.14, "dijkstra_found": true, "astar_found": true}
2026-03-31 23:36:57,434 INFO mall_navigator {"ts": "2026-03-31T23:36:57.434774+00:00", "event": "pathfinding_run", "start_floor": 0, "end_floor": 0, "accessible_mode": false, "k_routes": 3, "graph_nodes": 34, "graph_edges": 86, "elapsed_ms": 0.06, "dijkstra_found": true, "astar_found": true}
2026-03-31 23:36:57,555 INFO mall_navigator {"ts": "2026-03-31T23:36:57.555613+00:00", "event": "pathfinding_run", "start_floor": 0, "end_floor": 0, "accessible_mode": false, "k_routes": 3, "graph_nodes": 34, "graph_edges": 86, "elapsed_ms": 0.04, "dijkstra_found": true, "astar_found": true}
2026-03-31 23:36:57,695 INFO mall_navigator {"ts": "2026-03-31T23:36:57.695417+00:00", "event": "pathfinding_run", "start_floor": 0, "end_floor": 0, "accessible_mode": false, "k_routes": 3, "graph_nodes": 34, "graph_edges": 86, "elapsed_ms": 0.04, "dijkstra_found": true, "astar_found": true}
2026-03-31 23:36:57,814 INFO mall_navigator {"ts": "2026-03-31T23:36:57.814449+00:00", "event": "pathfinding_run", "start_floor": 0, "end_floor": 0, "accessible_mode": false, "k_routes": 3, "graph_nodes": 34, "graph_edges": 86, "elapsed_ms": 0.05, "dijkstra_found": true, "astar_found": true}
2026-03-31 23:36:57,947 INFO mall_navigator {"ts": "2026-03-31T23:36:57.947453+00:00", "event": "pathfinding_run", "start_floor": 0, "end_floor": 0, "accessible_mode": false, "k_routes": 3, "graph_nodes": 34, "graph_edges": 86, "elapsed_ms": 0.05, "dijkstra_found": true, "astar_found": true}
2026-03-31 23:36:58,073 INFO mall_navigator {"ts": "2026-03-31T23:36:58.073459+00:00", "event": "pathfinding_run", "start_floor": 0, "end_floor": 0, "accessible_mode": false, "k_routes": 3, "graph_nodes": 34, "graph_edges": 86, "elapsed_ms": 0.06, "dijkstra_found": true, "astar_found": true}
2026-03-31 23:36:58,212 INFO mall_navigator {"ts": "2026-03-31T23:36:58.212027+00:00", "event": "pathfinding_run", "start_floor": 0, "end_floor": 0, "accessible_mode": false, "k_routes": 3, "graph_nodes": 34, "graph_edges": 86, "elapsed_ms": 0.05, "dijkstra_found": true, "astar_found": true}
2026-03-31 23:36:58,358 INFO mall_navigator {"ts": "2026-03-31T23:36:58.357953+00:00", "event": "pathfinding_run", "start_floor": 0, "end_floor": 0, "accessible_mode": false, "k_routes": 3, "graph_nodes": 34, "graph_edges": 86, "elapsed_ms": 0.06, "dijkstra_found": true, "astar_found": true}
2026-03-31 23:36:58,480 INFO mall_navigator {"ts": "2026-03-31T23:36:58.480081+00:00", "event": "pathfinding_run", "start_floor": 0, "end_floor": 0, "accessible_mode": false, "k_routes": 3, "graph_nodes": 34, "graph_edges": 86, "elapsed_ms": 0.04, "dijkstra_found": true, "astar_found": true}
2026-03-31 23:36:58,609 INFO mall_navigator {"ts": "2026-03-31T23:36:58.609027+00:00", "event": "pathfinding_run", "start_floor": 0, "end_floor": 0, "accessible_mode": false, "k_routes": 3, "graph_nodes": 34, "graph_edges": 86, "elapsed_ms": 0.06, "dijkstra_found": true, "astar_found": true}
2026-03-31 23:36:58,722 INFO mall_navigator {"ts": "2026-03-31T23:36:58.722018+00:00", "event": "pathfinding_run", "start_floor": 0, "end_floor": 0, "accessible_mode": false, "k_routes": 3, "graph_nodes": 34, "graph_edges": 86, "elapsed_ms": 0.04, "dijkstra_found": true, "astar_found": true}
2026-03-31 23:36:58,856 INFO mall_navigator {"ts": "2026-03-31T23:36:58.856174+00:00", "event": "pathfinding_run", "start_floor": 0, "end_floor": 0, "accessible_mode": false, "k_routes": 3, "graph_nodes": 34, "graph_edges": 86, "elapsed_ms": 0.06, "dijkstra_found": true, "astar_found": true}
2026-03-31 23:36:58,998 INFO mall_navigator {"ts": "2026-03-31T23:36:58.998020+00:00", "event": "pathfinding_run", "start_floor": 0, "end_floor": 0, "accessible_mode": false, "k_routes": 3, "graph_nodes": 34, "graph_edges": 86, "elapsed_ms": 0.05, "dijkstra_found": true, "astar_found": true}
2026-03-31 23:36:59,113 INFO mall_navigator {"ts": "2026-03-31T23:36:59.113589+00:00", "event": "pathfinding_run", "start_floor": 0, "end_floor": 0, "accessible_mode": false, "k_routes": 3, "graph_nodes": 34, "graph_edges": 86, "elapsed_ms": 0.04, "dijkstra_found": true, "astar_found": true}
2026-03-31 23:36:59,255 INFO mall_navigator {"ts": "2026-03-31T23:36:59.255036+00:00", "event": "pathfinding_run", "start_floor": 0, "end_floor": 0, "accessible_mode": false, "k_routes": 3, "graph_nodes": 34, "graph_edges": 86, "elapsed_ms": 0.06, "dijkstra_found": true, "astar_found": true}
2026-03-31 23:36:59,368 INFO mall_navigator {"ts": "2026-03-31T23:36:59.368730+00:00", "event": "pathfinding_run", "start_floor": 0, "end_floor": 0, "accessible_mode": false, "k_routes": 3, "graph_nodes": 34, "graph_edges": 86, "elapsed_ms": 0.04, "dijkstra_found": true, "astar_found": true}
2026-03-31 23:36:59,492 INFO mall_navigator {"ts": "2026-03-31T23:36:59.492315+00:00", "event": "pathfinding_run", "start_floor": 0, "end_floor": 0, "accessible_mode": false, "k_routes": 3, "graph_nodes": 34, "graph_edges": 86, "elapsed_ms": 0.04, "dijkstra_found": true, "astar_found": true}
2026-03-31 23:36:59,611 INFO mall_navigator {"ts": "2026-03-31T23:36:59.611617+00:00", "event": "pathfinding_run", "start_floor": 0, "end_floor": 0, "accessible_mode": false, "k_routes": 3, "graph_nodes": 34, "graph_edges": 86, "elapsed_ms": 0.04, "dijkstra_found": true, "astar_found": true}
2026-03-31 23:36:59,737 INFO mall_navigator {"ts": "2026-03-31T23:36:59.737227+00:00", "event": "pathfinding_run", "start_floor": 0, "end_floor": 0, "accessible_mode": false, "k_routes": 3, "graph_nodes": 34, "graph_edges": 86, "elapsed_ms": 0.05, "dijkstra_found": true, "astar_found": true}
2026-03-31 23:36:59,877 INFO mall_navigator {"ts": "2026-03-31T23:36:59.877420+00:00", "event": "pathfinding_run", "start_floor": 0, "end_floor": 0, "accessible_mode": false, "k_routes": 3, "graph_nodes": 34, "graph_edges": 86, "elapsed_ms": 0.04, "dijkstra_found": true, "astar_found": true}
2026-03-31 23:37:00,011 INFO mall_navigator {"ts": "2026-03-31T23:37:00.011199+00:00", "event": "pathfinding_run", "start_floor": 0, "end_floor": 0, "accessible_mode": false, "k_routes": 3, "graph_nodes": 34, "graph_edges": 86, "elapsed_ms": 0.04, "dijkstra_found": true, "astar_found": true}
2026-03-31 23:37:00,143 INFO mall_navigator {"ts": "2026-03-31T23:37:00.143093+00:00", "event": "pathfinding_run", "start_floor": 0, "end_floor": 0, "accessible_mode": false, "k_routes": 3, "graph_nodes": 34, "graph_edges": 86, "elapsed_ms": 0.04, "dijkstra_found": true, "astar_found": true}
2026-03-31 23:37:00,291 INFO mall_navigator {"ts": "2026-03-31T23:37:00.291670+00:00", "event": "pathfinding_run", "start_floor": 0, "end_floor": 0, "accessible_mode": false, "k_routes": 3, "graph_nodes": 34, "graph_edges": 86, "elapsed_ms": 0.04, "dijkstra_found": true, "astar_found": true}
2026-03-31 23:37:00,427 INFO mall_navigator {"ts": "2026-03-31T23:37:00.426942+00:00", "event": "pathfinding_run", "start_floor": 0, "end_floor": 0, "accessible_mode": false, "k_routes": 3, "graph_nodes": 34, "graph_edges": 86, "elapsed_ms": 0.04, "dijkstra_found": true, "astar_found": true}
